source,channel,content_id
ig,channel,https://www.instagram.com/p/DBRYgnTIWmA/
ig,channel,https://www.instagram.com/p/DY05keNMX_2/
ig,channel,https://www.instagram.com/p/DY05reSM-fc/
ig,channel,https://www.instagram.com/p/DY0EY-ByLll/
ig,channel,https://www.instagram.com/p/DY3_bKNOtnS/
ig,channel,https://www.instagram.com/p/DY466GeMB18/
ig,channel,https://www.instagram.com/p/DY4a21aOCDx/
ig,channel,https://www.instagram.com/p/DY4coV0AzQ_/
ig,channel,https://www.instagram.com/p/DY4d5yfMvOR/
ig,channel,https://www.instagram.com/p/DY4fCVmxtMz/
ig,channel,https://www.instagram.com/p/DY4NFrQupKF/
ig,channel,https://www.instagram.com/p/DY4NLYxuauu/
ig,channel,https://www.instagram.com/p/DY4T-oEO1a5/
ig,channel,https://www.instagram.com/p/DY7o91NjC17/
ig,channel,https://www.instagram.com/p/DY7oDiBjIdT/
ig,channel,https://www.instagram.com/p/DY7osliMNUY/
ig,channel,https://www.instagram.com/p/DY7pAyxsbo0/
ig,channel,https://www.instagram.com/p/DY7viLdhqN1/
ig,channel,https://www.instagram.com/p/DY9ziA1s4Hz/
ig,channel,https://www.instagram.com/p/DY_-4Jsqv9C/
ig,channel,https://www.instagram.com/p/DY_v4vIqQY6/
ig,channel,https://www.instagram.com/p/DY_w5WLqj5n/
ig,channel,https://www.instagram.com/p/DY_weOGKZK2/
ig,channel,https://www.instagram.com/p/DY_yel1q96k/
ig,channel,https://www.instagram.com/p/DYxTARQySDL/
ig,channel,https://www.instagram.com/p/DYxYkKuh9wW/
ig,channel,https://www.instagram.com/p/DYz2LDjsjEu/
ig,channel,https://www.instagram.com/p/DYz30IWvGTH/
ig,channel,https://www.instagram.com/p/DYznrcGN1hL/
ig,channel,https://www.instagram.com/p/DYzZr4KsBGD/
ig,channel,https://www.instagram.com/p/DZArxybKx3R/
ig,channel,https://www.instagram.com/p/DZB3KzNCCLl/
ig,channel,https://www.instagram.com/p/DZU2gLsulUL/
ig,channel,https://www.instagram.com/p/DZUX1DBq-Hq/
ig,channel,https://www.instagram.com/p/DZUXuRNqqgO/
ig,channel,https://www.instagram.com/p/DZVHimexPcZ/
ig,channel,https://www.instagram.com/p/DZW6Iwwuyhr/
ig,channel,https://www.instagram.com/p/DZXGr1WOYHG/
ig,channel,https://www.instagram.com/p/DZXiNPhsEkK/
ig,channel,https://www.instagram.com/p/DZXUZ0aOHmm/
tiktok,pkzsk.news,https://www.tiktok.com/@pkzsk.news/video/7644887399847529748
tiktok,pkzsk.news,https://www.tiktok.com/@pkzsk.news/video/7646068002768686357
tiktok,pkzsk.news,https://www.tiktok.com/@pkzsk.news/video/7646363253190216980
tiktok,pkzsk.news,https://www.tiktok.com/@pkzsk.news/video/7646419724171070741
tiktok,pkzsk.news,https://www.tiktok.com/@pkzsk.news/video/7646419984876424469
tiktok,pkzsk.news,https://www.tiktok.com/@pkzsk.news/video/7647605524430638357
tiktok,pkzsk.news,https://www.tiktok.com/@pkzsk.news/video/7647859113300479252
youtube,24 Канал,48aC8nuYBao
youtube,24 Канал,7E8qY6IXceU
youtube,24 Канал,B6XGGtp5yAM
youtube,24 Канал,BBap8iqbGHM
youtube,24 Канал,gPAEMHckYM4
youtube,24 Канал,GVHji2ujJyA
youtube,24 Канал,IbATjeDH6DI
youtube,24 Канал,O6NyqxOjpIU
youtube,24 Канал,tUDJ250kDg8
youtube,24 Канал,v2oIq01NVLI
youtube,24 Канал,vHHL9hVS6Ys
youtube,24 Канал,WQCJjI7X_Ac
youtube,24 Канал,y0TRDKY2E6I
youtube,CBC TV Azerbaijan,0ZWqm32HHKg
youtube,CBC TV Azerbaijan,P9mtvY2dWAM
youtube,CBC TV Azerbaijan,QoRFcx2KaH0
youtube,Nord Kazakh,-kfMbzvAhGc
youtube,Nord Kazakh,-L3cZFwaU1E
youtube,Nord Kazakh,1TU04u4A-58
youtube,Nord Kazakh,3MgzQuOHQ9U
youtube,Nord Kazakh,3tGmPIBfb_Q
youtube,Nord Kazakh,4APWmDQIOew
youtube,Nord Kazakh,4fX5UwT1bqQ
youtube,Nord Kazakh,4G0XK0wQEhs
youtube,Nord Kazakh,4TQkNt8ce2I
youtube,Nord Kazakh,5HUL18DpFjg
youtube,Nord Kazakh,5S2VFywc9XM
youtube,Nord Kazakh,5uJ2NYNqUkI
youtube,Nord Kazakh,5yG83NTxfcM
youtube,Nord Kazakh,6DPAEv7yGoY
youtube,Nord Kazakh,6kFaof1dFu4
youtube,Nord Kazakh,6VgcG-8nhIE
youtube,Nord Kazakh,707CCwi0Yis
youtube,Nord Kazakh,78S9U8hFirU
youtube,Nord Kazakh,7QVa8OKCJVM
youtube,Nord Kazakh,81jLsJYm1Z0
youtube,Nord Kazakh,8dqfesXtXys
youtube,Nord Kazakh,8fuYTW4Srlg
youtube,Nord Kazakh,8SzZpB4P3VU
youtube,Nord Kazakh,8v7bNCOI5kc
youtube,Nord Kazakh,8vGkHOAOutw
youtube,Nord Kazakh,90lsU4228Es
youtube,Nord Kazakh,9_6GeBfWG5A
youtube,Nord Kazakh,9a4b97tF00s
youtube,Nord Kazakh,9stJdcPUcdY
youtube,Nord Kazakh,_FCucjpm1Wk
youtube,Nord Kazakh,acL-TpTtiv8
youtube,Nord Kazakh,amnbm9ISt_w
youtube,Nord Kazakh,aNlriAtzv_8
youtube,Nord Kazakh,aTXyTGiGF14
youtube,Nord Kazakh,AupwuxZmNP4
youtube,Nord Kazakh,AWn9hAfJItY
youtube,Nord Kazakh,b79xaGjuCpo
youtube,Nord Kazakh,bbCVLlxqNmU
youtube,Nord Kazakh,Bimb9EDuEl0
youtube,Nord Kazakh,bto92nY40U8
youtube,Nord Kazakh,bwcA-2C3xoc
youtube,Nord Kazakh,c0quHvW0X5U
youtube,Nord Kazakh,c6apUb06L50
youtube,Nord Kazakh,C9O9ss61Tw4
youtube,Nord Kazakh,cKHCEXRHxbM
youtube,Nord Kazakh,CMKEVy_rUtU
youtube,Nord Kazakh,CxGwKXtddvs
youtube,Nord Kazakh,D-4drj5BF2s
youtube,Nord Kazakh,D_dKE7V-lq0
youtube,Nord Kazakh,DJx5B56PacM
youtube,Nord Kazakh,dKD2munNKao
youtube,Nord Kazakh,dkhhyFcgFOY
youtube,Nord Kazakh,dkWAYOQhT4Q
youtube,Nord Kazakh,dpSaXmzxP_o
youtube,Nord Kazakh,dQ1d2LAKy2o
youtube,Nord Kazakh,DSiN9SEI4tU
youtube,Nord Kazakh,E6V44kTSl88
youtube,Nord Kazakh,E945xMsdMB4
youtube,Nord Kazakh,eeRoiyb1sWA
youtube,Nord Kazakh,EgVsI_bo9tc
youtube,Nord Kazakh,ePIqxC9Qa8o
youtube,Nord Kazakh,eziajj2yNzk
youtube,Nord Kazakh,fePxZ0jbaKo
youtube,Nord Kazakh,fkXS3p0UGNk
youtube,Nord Kazakh,fUWU3NkcGY4
youtube,Nord Kazakh,FX5dz9rTk1M
youtube,Nord Kazakh,g4VRas9omxk
youtube,Nord Kazakh,gBPkRwgKW44
youtube,Nord Kazakh,gCzPfmZjsZc
youtube,Nord Kazakh,gmRCVwr80oQ
youtube,Nord Kazakh,GoAgRZWmFVo
youtube,Nord Kazakh,GpvRmuZjccc
youtube,Nord Kazakh,gUjLYk0EBIo
youtube,Nord Kazakh,GUJwQEoc3Fw
youtube,Nord Kazakh,gYpbs1mqX-Y
youtube,Nord Kazakh,H1R63eJ83tc
youtube,Nord Kazakh,HFXBHF77fpQ
youtube,Nord Kazakh,hJ4_03hMTRw
youtube,Nord Kazakh,Hzdu5NMoBR0
youtube,Nord Kazakh,I1v8E8Q4a08
youtube,Nord Kazakh,i6CTTsjqvbs
youtube,Nord Kazakh,IaoJ8b43dxc
youtube,Nord Kazakh,IcbO-EcjxEE
youtube,Nord Kazakh,ie4UOivL1p8
youtube,Nord Kazakh,Ienou51ss8A
youtube,Nord Kazakh,ij8vr3-DuG0
youtube,Nord Kazakh,INLz8gYoyEc
youtube,Nord Kazakh,ISZJtgQkDJg
youtube,Nord Kazakh,iTzO1p4mpKQ
youtube,Nord Kazakh,Ja1nU7Hci-M
youtube,Nord Kazakh,jBnttFwS114
youtube,Nord Kazakh,JewHfMJrl-E
youtube,Nord Kazakh,jHYz2xUJfaE
youtube,Nord Kazakh,Ji5YEHSkBng
youtube,Nord Kazakh,JLraal6Ay7c
youtube,Nord Kazakh,jSJ4ZCVU_uY
youtube,Nord Kazakh,jUH_yUVJsfg
youtube,Nord Kazakh,JUNgH3rPQcA
youtube,Nord Kazakh,k5zXIF8e2Xs
youtube,Nord Kazakh,k9H_-gc9y9w
youtube,Nord Kazakh,KawFLGBUTgk
youtube,Nord Kazakh,kneIOTrFoCA
youtube,Nord Kazakh,KyYy5EBs1ck
youtube,Nord Kazakh,KzAxJrFDetg
youtube,Nord Kazakh,LG1ncnYDxI0
youtube,Nord Kazakh,LRYAZCRPePg
youtube,Nord Kazakh,MM7Ucc9FPTA
youtube,Nord Kazakh,moTT62jzXFA
youtube,Nord Kazakh,MReC4w_B-sk
youtube,Nord Kazakh,n99b_PkgTbI
youtube,Nord Kazakh,N9_Lo6uQ5hU
youtube,UC---DMEzrEydjnQhxmaT8pA,DXnnT2DkIfc
youtube,UC---DMEzrEydjnQhxmaT8pA,l08Uog-u7iI
youtube,UC---DMEzrEydjnQhxmaT8pA,NH5zzpvplF4
youtube,UC---DMEzrEydjnQhxmaT8pA,nqEZ_5TVLos
youtube,UC---FHW5ABYjqt6Oy77CNbg,4djtgk-cM6c
youtube,UC---ig4FdhPV3bSgE9KPJhg,5-gbTQ0tbDY
youtube,UC--0BVqteDd6ofIKcN_HSRg,xGjCONDiCWU
youtube,UC--0vvm2qrKomwYceILfOXQ,A1UdjBCtyqw
youtube,UC--0vvm2qrKomwYceILfOXQ,hWi3eGmXkdI
youtube,UC--0X42NQ9kSh6n5me2Fu1w,NFZJcWSi4Yw
youtube,UC--0X42NQ9kSh6n5me2Fu1w,TQ6kd8402p0
youtube,UC--0X42NQ9kSh6n5me2Fu1w,ujmbCesOcSI
youtube,UC--0X42NQ9kSh6n5me2Fu1w,VkxPW0P2g4k
youtube,UC--15lm-suhoOuFfn466b3w,kAgz9_5EAeI
youtube,UC--15lm-suhoOuFfn466b3w,TUpmFHBcGr0
youtube,UC--1inBhHKyZrD928evHLgg,KZo8SRznKlc
youtube,UC--1SpQXqzDnj55S2zX-c5A,RKvjn9Ibpfc
youtube,UC--299ESr188ilCJWC08yLw,x-MaMoSoyZ0
youtube,UC--2cvBoBvwKeAb3q8IZPTA,3i4xoUmwuRY
youtube,UC--2hK0TM-qYTxfXREy4HDQ,A1jgTsG-Wdk
youtube,UC--2zpUJhrPhPC7TzRvTyFg,AufSG5H394E
youtube,UC--3y4eRxUIOBn6CoFwH2GA,3i4xoUmwuRY
youtube,UC--4P1qW9mYCmg94AhAAuyA,i9fRJq911os
youtube,UC--4r6b0sivTDQIPEX6wf6A,sS6wTqbmxuI
youtube,UC--4XFvLDKiK_PNzYGTw3mw,2XGxbUtR41s
youtube,UC--4XFvLDKiK_PNzYGTw3mw,DRw_ibZNXdY
youtube,UC--4XFvLDKiK_PNzYGTw3mw,N1Y5eWWQUcQ
youtube,UC--57yHUiy96WOmVdSUx81g,wt7bdsj6xkE
youtube,UC--5iakrIDXSsDjQxnsUvng,6wzUA77ozuE
youtube,UC--5iakrIDXSsDjQxnsUvng,bItb3j85AS8
youtube,UC--5QmSe-RTycyn0XAquuzQ,ZmvuKabp1sA
youtube,UC--5UZPdB7oIvYmwyodSQAQ,2YeTgHeIiUA
youtube,UC--5UZPdB7oIvYmwyodSQAQ,9Qfk4Q_ak8U
youtube,UC--5UZPdB7oIvYmwyodSQAQ,bwcA-2C3xoc
youtube,UC--5UZPdB7oIvYmwyodSQAQ,BwdcG9va6ek
youtube,UC--5UZPdB7oIvYmwyodSQAQ,FnNn942jSuc
youtube,UC--5UZPdB7oIvYmwyodSQAQ,NYnM0aGq4W4
youtube,UC--5UZPdB7oIvYmwyodSQAQ,qmEuMgohNYI
youtube,UC--5UZPdB7oIvYmwyodSQAQ,QxYwG9QRrvo
youtube,UC--6XbeHA0j_ZhE60WnNDHw,m2lL_n1f5OQ
youtube,UC--6XbeHA0j_ZhE60WnNDHw,pFpLViPca-g
youtube,UC--6XbeHA0j_ZhE60WnNDHw,WFc7-lFmYoo
youtube,UC--6XbeHA0j_ZhE60WnNDHw,XK5Spb68xsE
youtube,UC--7_OuOqrQ9I_7He-Qa1lQ,J4CS3rOW6cE
youtube,UC--7GvB7_a4d-RV1mard6XQ,g-PopTqpdHc
youtube,UC--7Zq5LrWxyECYZ0XxqRPA,VjAYruLVL7A
youtube,UC--_6FSsielDHKIwfCY182Q,-0u1LXZAXW4
youtube,UC--_6FSsielDHKIwfCY182Q,-4D2UmMzY7M
youtube,UC--_6FSsielDHKIwfCY182Q,-4Us9RhS6Gs
youtube,UC--_6FSsielDHKIwfCY182Q,-5yG0BfZHqU
youtube,UC--_6FSsielDHKIwfCY182Q,-Bs4IzXULuI
youtube,UC--_6FSsielDHKIwfCY182Q,-GJhphbmg-w
youtube,UC--_6FSsielDHKIwfCY182Q,-MtrQsMVKqI
youtube,UC--_6FSsielDHKIwfCY182Q,-O85OT2ICM0
youtube,UC--_6FSsielDHKIwfCY182Q,-qizGCHXFxA
youtube,UC--_6FSsielDHKIwfCY182Q,0-PV7kNMsK4
youtube,UC--_6FSsielDHKIwfCY182Q,01SCU6SyUNE
youtube,UC--_6FSsielDHKIwfCY182Q,08CnvAbFTws
youtube,UC--_6FSsielDHKIwfCY182Q,0d9_G0IpZnw
youtube,UC--_6FSsielDHKIwfCY182Q,0ejR_r6fM-A
youtube,UC--_6FSsielDHKIwfCY182Q,0f3y8XFqgd0
youtube,UC--_6FSsielDHKIwfCY182Q,0FVJRR45lw0
youtube,UC--_6FSsielDHKIwfCY182Q,0goTV_Q6QcE
youtube,UC--_6FSsielDHKIwfCY182Q,0j3o68AenRU
youtube,UC--_6FSsielDHKIwfCY182Q,0rhrBN8JByU
youtube,UC--_6FSsielDHKIwfCY182Q,0v6Bcioy3FQ
youtube,UC--_6FSsielDHKIwfCY182Q,17NAa2iCfPM
youtube,UC--_6FSsielDHKIwfCY182Q,18ByTCzZ_TI
youtube,UC--_6FSsielDHKIwfCY182Q,1bWz4guR3oc
youtube,UC--_6FSsielDHKIwfCY182Q,1DePC9VNnIE
youtube,UC--_6FSsielDHKIwfCY182Q,1e08KGTeRoE
youtube,UC--_6FSsielDHKIwfCY182Q,1THNoD4HbC8
youtube,UC--_6FSsielDHKIwfCY182Q,1vps5RU2UN8
youtube,UC--_6FSsielDHKIwfCY182Q,22MB1XOj-FM
youtube,UC--_6FSsielDHKIwfCY182Q,25DrolMYsPY
youtube,UC--_6FSsielDHKIwfCY182Q,2EguSAhQO98
youtube,UC--_6FSsielDHKIwfCY182Q,2JLHFcO1tQQ
youtube,UC--_6FSsielDHKIwfCY182Q,2jpLBX7aaYI
youtube,UC--_6FSsielDHKIwfCY182Q,2jSFzLSwPHo
youtube,UC--_6FSsielDHKIwfCY182Q,2JUcr17VsTY
youtube,UC--_6FSsielDHKIwfCY182Q,2L-wodQqH0o
youtube,UC--_6FSsielDHKIwfCY182Q,2qrmS3HOuzI
youtube,UC--_6FSsielDHKIwfCY182Q,2sH5zQ9sXWI
youtube,UC--_6FSsielDHKIwfCY182Q,2Tgv6_E2pmg
youtube,UC--_6FSsielDHKIwfCY182Q,2ttsdnz2Kmk
youtube,UC--_6FSsielDHKIwfCY182Q,2X29_ECAYeg
youtube,UC--_6FSsielDHKIwfCY182Q,2YlZo1xASgk
youtube,UC--_6FSsielDHKIwfCY182Q,2Ynx-H3dnN0
youtube,UC--_6FSsielDHKIwfCY182Q,33PjsnHFO5E
youtube,UC--_6FSsielDHKIwfCY182Q,3AVaz5ZpZiw
youtube,UC--_6FSsielDHKIwfCY182Q,3FRyDroIyMw
youtube,UC--_6FSsielDHKIwfCY182Q,3h10-y9h5uM
youtube,UC--_6FSsielDHKIwfCY182Q,3L4G_r_pO0E
youtube,UC--_6FSsielDHKIwfCY182Q,3t84-XD0dl0
youtube,UC--_6FSsielDHKIwfCY182Q,3u1U6I3AkdA
youtube,UC--_6FSsielDHKIwfCY182Q,3yRw7fOZGKM
youtube,UC--_6FSsielDHKIwfCY182Q,43l6K5HU36w
youtube,UC--_6FSsielDHKIwfCY182Q,47MhgR0oaao
youtube,UC--_6FSsielDHKIwfCY182Q,47S0lL475Rg
youtube,UC--_6FSsielDHKIwfCY182Q,4djtgk-cM6c
youtube,UC--_6FSsielDHKIwfCY182Q,4F0jD5QvzQQ
youtube,UC--_6FSsielDHKIwfCY182Q,4fOkZxERXDM
youtube,UC--_6FSsielDHKIwfCY182Q,4iHaHJsKULM
youtube,UC--_6FSsielDHKIwfCY182Q,4lpyoEI_LD0
youtube,UC--_6FSsielDHKIwfCY182Q,4qB2qRY5aSs
youtube,UC--_6FSsielDHKIwfCY182Q,4RKz1JqDwaY
youtube,UC--_6FSsielDHKIwfCY182Q,4Uv3aUPLY1w
youtube,UC--_6FSsielDHKIwfCY182Q,4viQT0MN6Ko
youtube,UC--_6FSsielDHKIwfCY182Q,51fzYNF5Lu4
youtube,UC--_6FSsielDHKIwfCY182Q,539nLlm1ZQU
youtube,UC--_6FSsielDHKIwfCY182Q,56fA7HlQlzE
youtube,UC--_6FSsielDHKIwfCY182Q,5ecbRf8hLJA
youtube,UC--_6FSsielDHKIwfCY182Q,5K2zOgMllac
youtube,UC--_6FSsielDHKIwfCY182Q,5O81by_Al-4
youtube,UC--_6FSsielDHKIwfCY182Q,5Qgb10TiI5g
youtube,UC--_6FSsielDHKIwfCY182Q,5RqcHe1hnCs
youtube,UC--_6FSsielDHKIwfCY182Q,6298x2ksfdw
youtube,UC--_6FSsielDHKIwfCY182Q,66rt7BA6uAM
youtube,UC--_6FSsielDHKIwfCY182Q,6DkVxFEyAss
youtube,UC--_6FSsielDHKIwfCY182Q,6MZPuTXCxIo
youtube,UC--_6FSsielDHKIwfCY182Q,6N2AXLXU7xE
youtube,UC--_6FSsielDHKIwfCY182Q,6rtVgVvfeEM
youtube,UC--_6FSsielDHKIwfCY182Q,6trPT3MBPgg
youtube,UC--_6FSsielDHKIwfCY182Q,73U5H5QHfNM
youtube,UC--_6FSsielDHKIwfCY182Q,75Cmvv6c88c
youtube,UC--_6FSsielDHKIwfCY182Q,7BW19fhyhgA
youtube,UC--_6FSsielDHKIwfCY182Q,7CQanzDg62s
youtube,UC--_6FSsielDHKIwfCY182Q,7LZpVoaFAxc
youtube,UC--_6FSsielDHKIwfCY182Q,7oXBkvSgABI
youtube,UC--_6FSsielDHKIwfCY182Q,7qqQWb0NR0w
youtube,UC--_6FSsielDHKIwfCY182Q,7t62TYuFQE0
youtube,UC--_6FSsielDHKIwfCY182Q,7Zu2FFFCzZM
youtube,UC--_6FSsielDHKIwfCY182Q,81RVy23CDDc
youtube,UC--_6FSsielDHKIwfCY182Q,89KeG7uP1Ds
youtube,UC--_6FSsielDHKIwfCY182Q,8DEGBLF_ZDA
youtube,UC--_6FSsielDHKIwfCY182Q,8gXZ3LEzkGY
youtube,UC--_6FSsielDHKIwfCY182Q,8hLKc_uxUyU
youtube,UC--_6FSsielDHKIwfCY182Q,8InvNer-7gI
youtube,UC--_6FSsielDHKIwfCY182Q,8k3NankSOXQ
youtube,UC--_6FSsielDHKIwfCY182Q,8wmocTrkI0I
youtube,UC--_6FSsielDHKIwfCY182Q,8X-aG60jh6U
youtube,UC--_6FSsielDHKIwfCY182Q,916FI-qa8zo
youtube,UC--_6FSsielDHKIwfCY182Q,92E7fv9eyFA
youtube,UC--_6FSsielDHKIwfCY182Q,98g29p1wMak
youtube,UC--_6FSsielDHKIwfCY182Q,9gerCkjSAoI
youtube,UC--_6FSsielDHKIwfCY182Q,9mCkBJADRfY
youtube,UC--_6FSsielDHKIwfCY182Q,9MxhF0lGonw
youtube,UC--_6FSsielDHKIwfCY182Q,9tlsPaN45Hs
youtube,UC--_6FSsielDHKIwfCY182Q,9WtcSfCdtFk
youtube,UC--_6FSsielDHKIwfCY182Q,_68ofaajWW8
youtube,UC--_6FSsielDHKIwfCY182Q,_DbdLTmrZAo
youtube,UC--_6FSsielDHKIwfCY182Q,_Fa9qLrM610
youtube,UC--_6FSsielDHKIwfCY182Q,_g6TCcNgJTI
youtube,UC--_6FSsielDHKIwfCY182Q,_jnQbWYwXmY
youtube,UC--_6FSsielDHKIwfCY182Q,_KMGRJWeFuY
youtube,UC--_6FSsielDHKIwfCY182Q,_LaC10DARZ0
youtube,UC--_6FSsielDHKIwfCY182Q,_naqcTaJ-Ds
youtube,UC--_6FSsielDHKIwfCY182Q,_rfgJYcBK1M
youtube,UC--_6FSsielDHKIwfCY182Q,_SPMABAIixE
youtube,UC--_6FSsielDHKIwfCY182Q,_v1KEPV0Pf4
youtube,UC--_6FSsielDHKIwfCY182Q,a-gSXVHwAG8
youtube,UC--_6FSsielDHKIwfCY182Q,a75oZL-mRqE
youtube,UC--_6FSsielDHKIwfCY182Q,Abb_iTz-zH0
youtube,UC--_6FSsielDHKIwfCY182Q,abOIBoj0XY4
youtube,UC--_6FSsielDHKIwfCY182Q,ADAtjc6R2Hs
youtube,UC--_6FSsielDHKIwfCY182Q,AejJBMwX7yk
youtube,UC--_6FSsielDHKIwfCY182Q,AGZHb-wTLzE
youtube,UC--_6FSsielDHKIwfCY182Q,AHAEsKwSIgE
youtube,UC--_6FSsielDHKIwfCY182Q,aKA4tUGhsI8
youtube,UC--_6FSsielDHKIwfCY182Q,ANaPfA73ODc
youtube,UC--_6FSsielDHKIwfCY182Q,AnCkk0tpwWE
youtube,UC--_6FSsielDHKIwfCY182Q,aPm5081dng8
youtube,UC--_6FSsielDHKIwfCY182Q,arRrgNfQYyo
youtube,UC--_6FSsielDHKIwfCY182Q,aRW1zOxEWoY
youtube,UC--_6FSsielDHKIwfCY182Q,ARWy5IeaNYI
youtube,UC--_6FSsielDHKIwfCY182Q,AT7grWKuHA8
youtube,UC--_6FSsielDHKIwfCY182Q,awKCLy-DwV0
youtube,UC--_6FSsielDHKIwfCY182Q,axVz0uo7IFE
youtube,UC--_6FSsielDHKIwfCY182Q,AYkOxHHdloM
youtube,UC--_6FSsielDHKIwfCY182Q,ayRqbk_jyXo
youtube,UC--_6FSsielDHKIwfCY182Q,AzHgPtyQVIQ
youtube,UC--_6FSsielDHKIwfCY182Q,B-IRaqlEC74
youtube,UC--_6FSsielDHKIwfCY182Q,b51oYJPQP3s
youtube,UC--_6FSsielDHKIwfCY182Q,B6ZIILWETos
youtube,UC--_6FSsielDHKIwfCY182Q,B9zBRPeTJX0
youtube,UC--_6FSsielDHKIwfCY182Q,BBkIC1rWWmM
youtube,UC--_6FSsielDHKIwfCY182Q,Bd2TRoF_mLM
youtube,UC--_6FSsielDHKIwfCY182Q,bfXuAWHWvO4
youtube,UC--_6FSsielDHKIwfCY182Q,bGIxGuovdb0
youtube,UC--_6FSsielDHKIwfCY182Q,BiEHRq0ytow
youtube,UC--_6FSsielDHKIwfCY182Q,brPvPQCDueU
youtube,UC--_6FSsielDHKIwfCY182Q,BrVAxdAGJ9k
youtube,UC--_6FSsielDHKIwfCY182Q,BrzYlaMHbHY
youtube,UC--_6FSsielDHKIwfCY182Q,BvKuRQupP5c
youtube,UC--_6FSsielDHKIwfCY182Q,BvzjzoEGh0U
youtube,UC--_6FSsielDHKIwfCY182Q,bYLXi70cR64
youtube,UC--_6FSsielDHKIwfCY182Q,c2ZoiL6wu00
youtube,UC--_6FSsielDHKIwfCY182Q,c6sr-RHjuU4
youtube,UC--_6FSsielDHKIwfCY182Q,CabcCAWZLOE
youtube,UC--_6FSsielDHKIwfCY182Q,CC0EIEfOSd4
youtube,UC--_6FSsielDHKIwfCY182Q,cDQ5-3eRhCA
youtube,UC--_6FSsielDHKIwfCY182Q,cg7__4dA1Kk
youtube,UC--_6FSsielDHKIwfCY182Q,Cll9ntOKSU8
youtube,UC--_6FSsielDHKIwfCY182Q,cN1Jf3JQV80
youtube,UC--_6FSsielDHKIwfCY182Q,Cohu8m87G0k
youtube,UC--_6FSsielDHKIwfCY182Q,cQyi2HgNlQk
youtube,UC--_6FSsielDHKIwfCY182Q,cR0CR2hq3BI
youtube,UC--_6FSsielDHKIwfCY182Q,CTSAtYh7S4g
youtube,UC--_6FSsielDHKIwfCY182Q,cu-81boDJ3E
youtube,UC--_6FSsielDHKIwfCY182Q,Cu6Ej9HyC9o
youtube,UC--_6FSsielDHKIwfCY182Q,cujzXuAMAro
youtube,UC--_6FSsielDHKIwfCY182Q,cWb6H9T_I_s
youtube,UC--_6FSsielDHKIwfCY182Q,CxrOScjJhj8
youtube,UC--_6FSsielDHKIwfCY182Q,CyW2x-5_CM0
youtube,UC--_6FSsielDHKIwfCY182Q,d2JRyra10A0
youtube,UC--_6FSsielDHKIwfCY182Q,d38hpqvipP0
youtube,UC--_6FSsielDHKIwfCY182Q,D4cS3GqTRUQ
youtube,UC--_6FSsielDHKIwfCY182Q,D8swuakmVtg
youtube,UC--_6FSsielDHKIwfCY182Q,D9wOLD1gV04
youtube,UC--_6FSsielDHKIwfCY182Q,DbQPooQ7838
youtube,UC--_6FSsielDHKIwfCY182Q,DDCrOoYUzRU
youtube,UC--_6FSsielDHKIwfCY182Q,dE0k2OoZaGc
youtube,UC--_6FSsielDHKIwfCY182Q,dgQ3w1mOu6k
youtube,UC--_6FSsielDHKIwfCY182Q,DHcb1iUc-eo
youtube,UC--_6FSsielDHKIwfCY182Q,DiCqVTt4H5g
youtube,UC--_6FSsielDHKIwfCY182Q,dM0TH876J08
youtube,UC--_6FSsielDHKIwfCY182Q,DpKSMFFZeMQ
youtube,UC--_6FSsielDHKIwfCY182Q,dPUuH3938EI
youtube,UC--_6FSsielDHKIwfCY182Q,e1tMJfcNc-Y
youtube,UC--_6FSsielDHKIwfCY182Q,E6-dwMP_uHY
youtube,UC--_6FSsielDHKIwfCY182Q,e7DKI_vifxg
youtube,UC--_6FSsielDHKIwfCY182Q,ea1jaSKDZ5M
youtube,UC--_6FSsielDHKIwfCY182Q,EALbHyc5-Ec
youtube,UC--_6FSsielDHKIwfCY182Q,ECUycPayGqE
youtube,UC--_6FSsielDHKIwfCY182Q,ed19kQsPHBE
youtube,UC--_6FSsielDHKIwfCY182Q,eGudHMqMsAs
youtube,UC--_6FSsielDHKIwfCY182Q,egwgMzJZM6c
youtube,UC--_6FSsielDHKIwfCY182Q,ektpRDkAbmw
youtube,UC--_6FSsielDHKIwfCY182Q,ERIbn3Xua5c
youtube,UC--_6FSsielDHKIwfCY182Q,EtGbfG3UoD4
youtube,UC--_6FSsielDHKIwfCY182Q,EtyFdQm5_60
youtube,UC--_6FSsielDHKIwfCY182Q,EWjlnNCb3Ik
youtube,UC--_6FSsielDHKIwfCY182Q,EWp4NCbkaxg
youtube,UC--_6FSsielDHKIwfCY182Q,eYaLQRs-hZ4
youtube,UC--_6FSsielDHKIwfCY182Q,f-NsL5Lprng
youtube,UC--_6FSsielDHKIwfCY182Q,f4-0GeZCxp4
youtube,UC--_6FSsielDHKIwfCY182Q,F_mye9Izfjw
youtube,UC--_6FSsielDHKIwfCY182Q,Fa1ETbCxg0s
youtube,UC--_6FSsielDHKIwfCY182Q,fbWswCj5PpE
youtube,UC--_6FSsielDHKIwfCY182Q,Fh6UveVkoVs
youtube,UC--_6FSsielDHKIwfCY182Q,FiY-CQ0CixA
youtube,UC--_6FSsielDHKIwfCY182Q,fp6WJC-UeUA
youtube,UC--_6FSsielDHKIwfCY182Q,FqRGMePQmHE
youtube,UC--_6FSsielDHKIwfCY182Q,FsCfhYEMGUg
youtube,UC--_6FSsielDHKIwfCY182Q,fU35OkVnj1A
youtube,UC--_6FSsielDHKIwfCY182Q,fU3XOG9Pbo8
youtube,UC--_6FSsielDHKIwfCY182Q,fuO9E8PdJP0
youtube,UC--_6FSsielDHKIwfCY182Q,fWPk4htIVN0
youtube,UC--_6FSsielDHKIwfCY182Q,FyjSzHnD1xg
youtube,UC--_6FSsielDHKIwfCY182Q,FyvzedJfWa8
youtube,UC--_6FSsielDHKIwfCY182Q,g-G100sXN0w
youtube,UC--_6FSsielDHKIwfCY182Q,G65j4whav4Q
youtube,UC--_6FSsielDHKIwfCY182Q,G7dWiXHA-00
youtube,UC--_6FSsielDHKIwfCY182Q,GAaEDSfgh94
youtube,UC--_6FSsielDHKIwfCY182Q,GaiYFf592WQ
youtube,UC--_6FSsielDHKIwfCY182Q,GAyJOte1xgc
youtube,UC--_6FSsielDHKIwfCY182Q,gBm9aI5Jos0
youtube,UC--_6FSsielDHKIwfCY182Q,GECsn-QTKxQ
youtube,UC--_6FSsielDHKIwfCY182Q,gfLTxZZURCU
youtube,UC--_6FSsielDHKIwfCY182Q,GfnqSAMStQQ
youtube,UC--_6FSsielDHKIwfCY182Q,gHPIi5AgzZg
youtube,UC--_6FSsielDHKIwfCY182Q,giDlAwjT-c4
youtube,UC--_6FSsielDHKIwfCY182Q,gIGeWEZCoLw
youtube,UC--_6FSsielDHKIwfCY182Q,gjMm8WNdA6E
youtube,UC--_6FSsielDHKIwfCY182Q,gO1NMWxiG0w
youtube,UC--_6FSsielDHKIwfCY182Q,goq_z0FHkfI
youtube,UC--_6FSsielDHKIwfCY182Q,GPteQB1535s
youtube,UC--_6FSsielDHKIwfCY182Q,GQHopDcuoMs
youtube,UC--_6FSsielDHKIwfCY182Q,GSRDusTfcfI
youtube,UC--_6FSsielDHKIwfCY182Q,gxPcZRfAymo
youtube,UC--_6FSsielDHKIwfCY182Q,GYwfzbUbHsM
youtube,UC--_6FSsielDHKIwfCY182Q,H2QPXgai-FQ
youtube,UC--_6FSsielDHKIwfCY182Q,H8T4pS8gij4
youtube,UC--_6FSsielDHKIwfCY182Q,HAgQZ4-Qqus
youtube,UC--_6FSsielDHKIwfCY182Q,hbiHVLh3yqM
youtube,UC--_6FSsielDHKIwfCY182Q,hcd-WAcuwKw
youtube,UC--_6FSsielDHKIwfCY182Q,HEjDbwiQPSc
youtube,UC--_6FSsielDHKIwfCY182Q,hETwLgYwJ3I
youtube,UC--_6FSsielDHKIwfCY182Q,hgywB_S20UY
youtube,UC--_6FSsielDHKIwfCY182Q,hlMKtP2X2xk
youtube,UC--_6FSsielDHKIwfCY182Q,HnP2Bd_Oo_w
youtube,UC--_6FSsielDHKIwfCY182Q,HqtdFnvEoUY
youtube,UC--_6FSsielDHKIwfCY182Q,Hrmj6DwfzZQ
youtube,UC--_6FSsielDHKIwfCY182Q,hsOcpVz8oY0
youtube,UC--_6FSsielDHKIwfCY182Q,hVb7-TNg1jE
youtube,UC--_6FSsielDHKIwfCY182Q,HWTzB2X_6c0
youtube,UC--_6FSsielDHKIwfCY182Q,hxNa7P5uryY
youtube,UC--_6FSsielDHKIwfCY182Q,i-nCNmv5a2U
youtube,UC--_6FSsielDHKIwfCY182Q,i2pHz_qV3pk
youtube,UC--_6FSsielDHKIwfCY182Q,i3nINLHVc_g
youtube,UC--_6FSsielDHKIwfCY182Q,i3rhVZSoUCo
youtube,UC--_6FSsielDHKIwfCY182Q,I6D2IxsfuTY
youtube,UC--_6FSsielDHKIwfCY182Q,i6WecDSYoA0
youtube,UC--_6FSsielDHKIwfCY182Q,I6ycWH4uiM8
youtube,UC--_6FSsielDHKIwfCY182Q,iafUrsTqEN4
youtube,UC--_6FSsielDHKIwfCY182Q,iBAo343kb3w
youtube,UC--_6FSsielDHKIwfCY182Q,iEiYjF7j9BE
youtube,UC--_6FSsielDHKIwfCY182Q,Ieprs3mtHHc
youtube,UC--_6FSsielDHKIwfCY182Q,iGy64AG3CCw
youtube,UC--_6FSsielDHKIwfCY182Q,ih9cxGWCfFs
youtube,UC--_6FSsielDHKIwfCY182Q,iIH55TTFZZM
youtube,UC--_6FSsielDHKIwfCY182Q,IJ07PabwKXw
youtube,UC--_6FSsielDHKIwfCY182Q,ikDAZ0SE4Wo
youtube,UC--_6FSsielDHKIwfCY182Q,IlO5uQR_tYU
youtube,UC--_6FSsielDHKIwfCY182Q,ioZfdKg-6Ig
youtube,UC--_6FSsielDHKIwfCY182Q,ipUwsiG-5tM
youtube,UC--_6FSsielDHKIwfCY182Q,iQUlv9N7XCk
youtube,UC--_6FSsielDHKIwfCY182Q,ISh2NRJsw94
youtube,UC--_6FSsielDHKIwfCY182Q,Isjw3pqhfSE
youtube,UC--_6FSsielDHKIwfCY182Q,iXWt6LCqxkI
youtube,UC--_6FSsielDHKIwfCY182Q,IZeEpnbdJA0
youtube,UC--_6FSsielDHKIwfCY182Q,J12B-NoRFHc
youtube,UC--_6FSsielDHKIwfCY182Q,JebipFROwW4
youtube,UC--_6FSsielDHKIwfCY182Q,JHR1495ZMyg
youtube,UC--_6FSsielDHKIwfCY182Q,JiootRyJqcI
youtube,UC--_6FSsielDHKIwfCY182Q,jnn16w78y8E
youtube,UC--_6FSsielDHKIwfCY182Q,jQ5F_PKKaLU
youtube,UC--_6FSsielDHKIwfCY182Q,jrjeNSuEFxQ
youtube,UC--_6FSsielDHKIwfCY182Q,jS4A-goEQM0
youtube,UC--_6FSsielDHKIwfCY182Q,Ju8j13WOSQw
youtube,UC--_6FSsielDHKIwfCY182Q,Jukf-D5vFRA
youtube,UC--_6FSsielDHKIwfCY182Q,k3GHP_ywxVs
youtube,UC--_6FSsielDHKIwfCY182Q,k7fDiOmqx-w
youtube,UC--_6FSsielDHKIwfCY182Q,k_J38rp_e9I
youtube,UC--_6FSsielDHKIwfCY182Q,kkwgA1nM820
youtube,UC--_6FSsielDHKIwfCY182Q,KLMUi3ZFXRc
youtube,UC--_6FSsielDHKIwfCY182Q,knYMzaOFIn0
youtube,UC--_6FSsielDHKIwfCY182Q,KpPLZ8CfNww
youtube,UC--_6FSsielDHKIwfCY182Q,KR-pd1HKE9A
youtube,UC--_6FSsielDHKIwfCY182Q,KsPJ5XYcMg8
youtube,UC--_6FSsielDHKIwfCY182Q,kTBI3ApNTRQ
youtube,UC--_6FSsielDHKIwfCY182Q,KwRgkzAbSBc
youtube,UC--_6FSsielDHKIwfCY182Q,kyXx4rjHeCs
youtube,UC--_6FSsielDHKIwfCY182Q,l20QNlp8pQw
youtube,UC--_6FSsielDHKIwfCY182Q,lASWXQ5x3vc
youtube,UC--_6FSsielDHKIwfCY182Q,LAvBfuuWjZk
youtube,UC--_6FSsielDHKIwfCY182Q,lE2m7eDZtwg
youtube,UC--_6FSsielDHKIwfCY182Q,Lg4eU0d3wIo
youtube,UC--_6FSsielDHKIwfCY182Q,LGinKb0rSNM
youtube,UC--_6FSsielDHKIwfCY182Q,lKCaJ-Fa6u4
youtube,UC--_6FSsielDHKIwfCY182Q,Lkv_i_tz1WU
youtube,UC--_6FSsielDHKIwfCY182Q,LOToZgppbUY
youtube,UC--_6FSsielDHKIwfCY182Q,LrWxPoK9qes
youtube,UC--_6FSsielDHKIwfCY182Q,lTRY_n2Fm9A
youtube,UC--_6FSsielDHKIwfCY182Q,LVERTeiy6WE
youtube,UC--_6FSsielDHKIwfCY182Q,lwl6o8sS9y4
youtube,UC--_6FSsielDHKIwfCY182Q,lyjJ_UNv_uk
youtube,UC--_6FSsielDHKIwfCY182Q,LYNLh5FCy2s
youtube,UC--_6FSsielDHKIwfCY182Q,lzBDX96PV34
youtube,UC--_6FSsielDHKIwfCY182Q,M0fkUT65q-c
youtube,UC--_6FSsielDHKIwfCY182Q,M120sVpK3N0
youtube,UC--_6FSsielDHKIwfCY182Q,M7j5gznlW-8
youtube,UC--_6FSsielDHKIwfCY182Q,M8ezVdFBITY
youtube,UC--_6FSsielDHKIwfCY182Q,M9O986ZQ5YA
youtube,UC--_6FSsielDHKIwfCY182Q,mhhuNf2C5Rk
youtube,UC--_6FSsielDHKIwfCY182Q,MJ8aoi2EY_I
youtube,UC--_6FSsielDHKIwfCY182Q,mjAu-r1cB_0
youtube,UC--_6FSsielDHKIwfCY182Q,Ml8ccLmXtTU
youtube,UC--_6FSsielDHKIwfCY182Q,MlCb3biwXn4
youtube,UC--_6FSsielDHKIwfCY182Q,mLHeysSqqs8
youtube,UC--_6FSsielDHKIwfCY182Q,mLJc69711E0
youtube,UC--_6FSsielDHKIwfCY182Q,mNUhxBfyhb0
youtube,UC--_6FSsielDHKIwfCY182Q,mOM_YwA2lB4
youtube,UC--_6FSsielDHKIwfCY182Q,MpdoOPUSK7c
youtube,UC--_6FSsielDHKIwfCY182Q,mr-dPTVvvuM
youtube,UC--_6FSsielDHKIwfCY182Q,mRklDd5H0fo
youtube,UC--_6FSsielDHKIwfCY182Q,mS6MvoRhbBc
youtube,UC--_6FSsielDHKIwfCY182Q,mtRR3BsY5oo
youtube,UC--_6FSsielDHKIwfCY182Q,mXbGrALwwb8
youtube,UC--_6FSsielDHKIwfCY182Q,n1iOfcARwpA
youtube,UC--_6FSsielDHKIwfCY182Q,n2mbBV12WLo
youtube,UC--_6FSsielDHKIwfCY182Q,n7u5DMkkt9s
youtube,UC--_6FSsielDHKIwfCY182Q,NAVDvFrm-Qs
youtube,UC--_6FSsielDHKIwfCY182Q,ncYyavLZarQ
youtube,UC--_6FSsielDHKIwfCY182Q,nEogYsQYP-g
youtube,UC--_6FSsielDHKIwfCY182Q,NfW--DARVnc
youtube,UC--_6FSsielDHKIwfCY182Q,Ng2rIdnQnYQ
youtube,UC--_6FSsielDHKIwfCY182Q,NHxXr0ZIJi0
youtube,UC--_6FSsielDHKIwfCY182Q,njd541IVOwo
youtube,UC--_6FSsielDHKIwfCY182Q,NL_P-8wOvjw
youtube,UC--_6FSsielDHKIwfCY182Q,nn5IhP6leDc
youtube,UC--_6FSsielDHKIwfCY182Q,nSu96WnlcA4
youtube,UC--_6FSsielDHKIwfCY182Q,NwwnpXH9bQw
youtube,UC--_6FSsielDHKIwfCY182Q,o-ei5ER6Xi4
youtube,UC--_6FSsielDHKIwfCY182Q,O-pSSaqkBHU
youtube,UC--_6FSsielDHKIwfCY182Q,o4NHOKILAXY
youtube,UC--_6FSsielDHKIwfCY182Q,oD-7f3cAom0
youtube,UC--_6FSsielDHKIwfCY182Q,oDW65L9j2QE
youtube,UC--_6FSsielDHKIwfCY182Q,OIqb7SF6cFo
youtube,UC--_6FSsielDHKIwfCY182Q,oKr9kf_09Dw
youtube,UC--_6FSsielDHKIwfCY182Q,okXmbo0T9JM
youtube,UC--_6FSsielDHKIwfCY182Q,OLvMDy4h89Q
youtube,UC--_6FSsielDHKIwfCY182Q,OnJZg1oUbMI
youtube,UC--_6FSsielDHKIwfCY182Q,OPo_pnzlDwU
youtube,UC--_6FSsielDHKIwfCY182Q,OpvuVzaaijY
youtube,UC--_6FSsielDHKIwfCY182Q,OR66HD7I8wM
youtube,UC--_6FSsielDHKIwfCY182Q,otqWs8-W6IE
youtube,UC--_6FSsielDHKIwfCY182Q,otuFrrKaRb4
youtube,UC--_6FSsielDHKIwfCY182Q,otutRBghLcg
youtube,UC--_6FSsielDHKIwfCY182Q,OVqP_n4uB_4
youtube,UC--_6FSsielDHKIwfCY182Q,p-H-VVMiC3k
youtube,UC--_6FSsielDHKIwfCY182Q,P0dX4ofXVP8
youtube,UC--_6FSsielDHKIwfCY182Q,P5je5bMGeIg
youtube,UC--_6FSsielDHKIwfCY182Q,P6IiYGNlDGU
youtube,UC--_6FSsielDHKIwfCY182Q,p9yzadpDMs8
youtube,UC--_6FSsielDHKIwfCY182Q,PapoKZ9YsAg
youtube,UC--_6FSsielDHKIwfCY182Q,paYdAndK0Kk
youtube,UC--_6FSsielDHKIwfCY182Q,PB_tzD6icMQ
youtube,UC--_6FSsielDHKIwfCY182Q,Pbk-mV5pB6k
youtube,UC--_6FSsielDHKIwfCY182Q,PHZ-w8RfiF0
youtube,UC--_6FSsielDHKIwfCY182Q,pLaNExnzhB0
youtube,UC--_6FSsielDHKIwfCY182Q,Plxz5-gUzQM
youtube,UC--_6FSsielDHKIwfCY182Q,Po4Ko1X2qcQ
youtube,UC--_6FSsielDHKIwfCY182Q,PoixJ-bJ0VQ
youtube,UC--_6FSsielDHKIwfCY182Q,pqhYlF_a5-8
youtube,UC--_6FSsielDHKIwfCY182Q,PSgxTDIwhNA
youtube,UC--_6FSsielDHKIwfCY182Q,PSn7QVRGL-U
youtube,UC--_6FSsielDHKIwfCY182Q,PU4TV4z-dUg
youtube,UC--_6FSsielDHKIwfCY182Q,Pu8i_VoMgss
youtube,UC--_6FSsielDHKIwfCY182Q,pUSDspWV5-M
youtube,UC--_6FSsielDHKIwfCY182Q,PYOhBLnwBQM
youtube,UC--_6FSsielDHKIwfCY182Q,q5zxB91ozKk
youtube,UC--_6FSsielDHKIwfCY182Q,Q_1BqFWTfXU
youtube,UC--_6FSsielDHKIwfCY182Q,QB6CX6YQR-0
youtube,UC--_6FSsielDHKIwfCY182Q,QHMr4a-yKB8
youtube,UC--_6FSsielDHKIwfCY182Q,QKsuH6InWrQ
youtube,UC--_6FSsielDHKIwfCY182Q,QLfInz3QDec
youtube,UC--_6FSsielDHKIwfCY182Q,QLN-3sZG5ls
youtube,UC--_6FSsielDHKIwfCY182Q,QMl2NMQRAtM
youtube,UC--_6FSsielDHKIwfCY182Q,QoNQtV9Fxd8
youtube,UC--_6FSsielDHKIwfCY182Q,qpyn_D-6z_g
youtube,UC--_6FSsielDHKIwfCY182Q,Qqn2VhQhp-8
youtube,UC--_6FSsielDHKIwfCY182Q,Qr7QTUqmEZ8
youtube,UC--_6FSsielDHKIwfCY182Q,QRA6Qe5Dajs
youtube,UC--_6FSsielDHKIwfCY182Q,QZeFElxySeE
youtube,UC--_6FSsielDHKIwfCY182Q,R-KNGl2QzMA
youtube,UC--_6FSsielDHKIwfCY182Q,R4u1V8c6k00
youtube,UC--_6FSsielDHKIwfCY182Q,r58smvVZExo
youtube,UC--_6FSsielDHKIwfCY182Q,r5kMEoaHmqo
youtube,UC--_6FSsielDHKIwfCY182Q,r5Ymb-hezU8
youtube,UC--_6FSsielDHKIwfCY182Q,RabzD6kmxuU
youtube,UC--_6FSsielDHKIwfCY182Q,Rbgh1A6HqkQ
youtube,UC--_6FSsielDHKIwfCY182Q,rDp0qnj6MW0
youtube,UC--_6FSsielDHKIwfCY182Q,RF3p0fEC9Lw
youtube,UC--_6FSsielDHKIwfCY182Q,RfTvBmQcVKc
youtube,UC--_6FSsielDHKIwfCY182Q,rHd6qo6CpMI
youtube,UC--_6FSsielDHKIwfCY182Q,RI5qkNxOAWU
youtube,UC--_6FSsielDHKIwfCY182Q,RIircCJDAh4
youtube,UC--_6FSsielDHKIwfCY182Q,rK33klax6eU
youtube,UC--_6FSsielDHKIwfCY182Q,rP7inaxZpbk
youtube,UC--_6FSsielDHKIwfCY182Q,rRJ8o6tdSgc
youtube,UC--_6FSsielDHKIwfCY182Q,RVKZzTZIdmo
youtube,UC--_6FSsielDHKIwfCY182Q,rWeLQok5xE8
youtube,UC--_6FSsielDHKIwfCY182Q,S1708xDZSlk
youtube,UC--_6FSsielDHKIwfCY182Q,s2YKxIj1gU8
youtube,UC--_6FSsielDHKIwfCY182Q,S3atwjkO320
youtube,UC--_6FSsielDHKIwfCY182Q,s79U0sJA_0Y
youtube,UC--_6FSsielDHKIwfCY182Q,s9_Kmo6alek
youtube,UC--_6FSsielDHKIwfCY182Q,sbIepHDeqeU
youtube,UC--_6FSsielDHKIwfCY182Q,SEFydpr5s9c
youtube,UC--_6FSsielDHKIwfCY182Q,SH0mSPIBltE
youtube,UC--_6FSsielDHKIwfCY182Q,SJnVyGGLToM
youtube,UC--_6FSsielDHKIwfCY182Q,SNRCZTY-aQ8
youtube,UC--_6FSsielDHKIwfCY182Q,soPqZ_KhTnQ
youtube,UC--_6FSsielDHKIwfCY182Q,SPz41KnJEYw
youtube,UC--_6FSsielDHKIwfCY182Q,sS0SIdhv3xc
youtube,UC--_6FSsielDHKIwfCY182Q,sSW1qwyUjeo
youtube,UC--_6FSsielDHKIwfCY182Q,suNJngBwUPE
youtube,UC--_6FSsielDHKIwfCY182Q,SWsmhSZUaG0
youtube,UC--_6FSsielDHKIwfCY182Q,sX25TCngcxo
youtube,UC--_6FSsielDHKIwfCY182Q,SYpRbQHifCc
youtube,UC--_6FSsielDHKIwfCY182Q,t3DNU5pAB5g
youtube,UC--_6FSsielDHKIwfCY182Q,t8457oMQkso
youtube,UC--_6FSsielDHKIwfCY182Q,t91yUuvpvkc
youtube,UC--_6FSsielDHKIwfCY182Q,Tac3vfUlwx8
youtube,UC--_6FSsielDHKIwfCY182Q,tBWJVgSAxGU
youtube,UC--_6FSsielDHKIwfCY182Q,tdDxMGlDNgI
youtube,UC--_6FSsielDHKIwfCY182Q,TdgbxgBb5zA
youtube,UC--_6FSsielDHKIwfCY182Q,TDN5HrB63-8
youtube,UC--_6FSsielDHKIwfCY182Q,tI9peW7W810
youtube,UC--_6FSsielDHKIwfCY182Q,TLZmAEZ8b6c
youtube,UC--_6FSsielDHKIwfCY182Q,tmmfirnqcuE
youtube,UC--_6FSsielDHKIwfCY182Q,tNItefqIYoQ
youtube,UC--_6FSsielDHKIwfCY182Q,tPwq-Hv4SSs
youtube,UC--_6FSsielDHKIwfCY182Q,tvpHv1ek-XM
youtube,UC--_6FSsielDHKIwfCY182Q,twUgQsO3D8I
youtube,UC--_6FSsielDHKIwfCY182Q,tXb0toMdhSw
youtube,UC--_6FSsielDHKIwfCY182Q,TYFZM966LLk
youtube,UC--_6FSsielDHKIwfCY182Q,u-Kplp24wTw
youtube,UC--_6FSsielDHKIwfCY182Q,U1sd7zus4sM
youtube,UC--_6FSsielDHKIwfCY182Q,UA_eSh4Ag-U
youtube,UC--_6FSsielDHKIwfCY182Q,UHzdwBAPeEc
youtube,UC--_6FSsielDHKIwfCY182Q,uikntIG16_M
youtube,UC--_6FSsielDHKIwfCY182Q,ujmbCesOcSI
youtube,UC--_6FSsielDHKIwfCY182Q,uL0ssFRQSpA
youtube,UC--_6FSsielDHKIwfCY182Q,uLLV2RHV3n4
youtube,UC--_6FSsielDHKIwfCY182Q,UpxUAcKfLD4
youtube,UC--_6FSsielDHKIwfCY182Q,Uq4LbaO2duo
youtube,UC--_6FSsielDHKIwfCY182Q,uR6s7pXREKA
youtube,UC--_6FSsielDHKIwfCY182Q,USvKPWRtBwY
youtube,UC--_6FSsielDHKIwfCY182Q,USvr_guyJD4
youtube,UC--_6FSsielDHKIwfCY182Q,UvUO-m3kUf8
youtube,UC--_6FSsielDHKIwfCY182Q,UWaEv8ywB74
youtube,UC--_6FSsielDHKIwfCY182Q,UYQ7nFZ5LlA
youtube,UC--_6FSsielDHKIwfCY182Q,v56vGvBscSs
youtube,UC--_6FSsielDHKIwfCY182Q,v5sjlBHE1Tg
youtube,UC--_6FSsielDHKIwfCY182Q,V7MmFgY0gbM
youtube,UC--_6FSsielDHKIwfCY182Q,VADdtNgkHqc
youtube,UC--_6FSsielDHKIwfCY182Q,vAjV9-L9qdc
youtube,UC--_6FSsielDHKIwfCY182Q,vgH7vJJKbXc
youtube,UC--_6FSsielDHKIwfCY182Q,vIg3qB9GVIg
youtube,UC--_6FSsielDHKIwfCY182Q,VJh3GkRhSQQ
youtube,UC--_6FSsielDHKIwfCY182Q,VkxPW0P2g4k
youtube,UC--_6FSsielDHKIwfCY182Q,vp_l3ef400s
youtube,UC--_6FSsielDHKIwfCY182Q,Vsb4eRS1wHw
youtube,UC--_6FSsielDHKIwfCY182Q,VTgjgo2E9ik
youtube,UC--_6FSsielDHKIwfCY182Q,VwkoAXDE21A
youtube,UC--_6FSsielDHKIwfCY182Q,Vxg04eKC23U
youtube,UC--_6FSsielDHKIwfCY182Q,VxqFEr3FE1o
youtube,UC--_6FSsielDHKIwfCY182Q,vxThhWTtoaw
youtube,UC--_6FSsielDHKIwfCY182Q,vyFrV-bm5iM
youtube,UC--_6FSsielDHKIwfCY182Q,vyRvVlW36GY
youtube,UC--_6FSsielDHKIwfCY182Q,W23sW834dIk
youtube,UC--_6FSsielDHKIwfCY182Q,w2axgOWQvoM
youtube,UC--_6FSsielDHKIwfCY182Q,w2OlcP-TjD0
youtube,UC--_6FSsielDHKIwfCY182Q,w3N8m0szFR0
youtube,UC--_6FSsielDHKIwfCY182Q,W_2AOqJ3mzU
youtube,UC--_6FSsielDHKIwfCY182Q,wczWa1TRHFU
youtube,UC--_6FSsielDHKIwfCY182Q,wDjUBNcLgP8
youtube,UC--_6FSsielDHKIwfCY182Q,wfcOOvsPWao
youtube,UC--_6FSsielDHKIwfCY182Q,wFQ7WaoZyT4
youtube,UC--_6FSsielDHKIwfCY182Q,WhsMtP-XB7M
youtube,UC--_6FSsielDHKIwfCY182Q,wi5hifMJZac
youtube,UC--_6FSsielDHKIwfCY182Q,wIBF33rSprE
youtube,UC--_6FSsielDHKIwfCY182Q,WM5eKu6m8eM
youtube,UC--_6FSsielDHKIwfCY182Q,Wwae9f2beik
youtube,UC--_6FSsielDHKIwfCY182Q,x4eYk4H3HGY
youtube,UC--_6FSsielDHKIwfCY182Q,xdy5Griwtq0
youtube,UC--_6FSsielDHKIwfCY182Q,xf7djO1J-0I
youtube,UC--_6FSsielDHKIwfCY182Q,XkEcrmkL6BQ
youtube,UC--_6FSsielDHKIwfCY182Q,XLJaOONFgBg
youtube,UC--_6FSsielDHKIwfCY182Q,xmdZwYt5mO8
youtube,UC--_6FSsielDHKIwfCY182Q,xmea3jLPlsU
youtube,UC--_6FSsielDHKIwfCY182Q,xNP7DHeP9zY
youtube,UC--_6FSsielDHKIwfCY182Q,xOt0c5oWArY
youtube,UC--_6FSsielDHKIwfCY182Q,xpG4XLxKkAo
youtube,UC--_6FSsielDHKIwfCY182Q,xqEUiBuJycU
youtube,UC--_6FSsielDHKIwfCY182Q,xqYuRr58sLE
youtube,UC--_6FSsielDHKIwfCY182Q,xR6Oc3MrDD4
youtube,UC--_6FSsielDHKIwfCY182Q,xRK2VziNUgc
youtube,UC--_6FSsielDHKIwfCY182Q,XUfAB_YyXbk
youtube,UC--_6FSsielDHKIwfCY182Q,xUNmLAhAya8
youtube,UC--_6FSsielDHKIwfCY182Q,xvvxKjEHSGE
youtube,UC--_6FSsielDHKIwfCY182Q,xW_UJLp7us8
youtube,UC--_6FSsielDHKIwfCY182Q,xyQHpYy7ImM
youtube,UC--_6FSsielDHKIwfCY182Q,xYr62mEAGH4
youtube,UC--_6FSsielDHKIwfCY182Q,y-uOsCdbZnE
youtube,UC--_6FSsielDHKIwfCY182Q,Y5saulpCmis
youtube,UC--_6FSsielDHKIwfCY182Q,y7viz1IRN58
youtube,UC--_6FSsielDHKIwfCY182Q,y8xJW6-RS5E
youtube,UC--_6FSsielDHKIwfCY182Q,YApeH_xxqLY
youtube,UC--_6FSsielDHKIwfCY182Q,YdCbI5cIX4Q
youtube,UC--_6FSsielDHKIwfCY182Q,yDvn-A03kfg
youtube,UC--_6FSsielDHKIwfCY182Q,Yj_J7x-4P4k
youtube,UC--_6FSsielDHKIwfCY182Q,ylOSzc_Vkf4
youtube,UC--_6FSsielDHKIwfCY182Q,YObALv3P56E
youtube,UC--_6FSsielDHKIwfCY182Q,yUW-DKmeX4Y
youtube,UC--_6FSsielDHKIwfCY182Q,Yz1B0TL4ADE
youtube,UC--_6FSsielDHKIwfCY182Q,YZao3H52swI
youtube,UC--_6FSsielDHKIwfCY182Q,yZVJffS1JJU
youtube,UC--_6FSsielDHKIwfCY182Q,z-_7M22KamI
youtube,UC--_6FSsielDHKIwfCY182Q,z1s7EMkB63o
youtube,UC--_6FSsielDHKIwfCY182Q,Z3EVPzZYWYc
youtube,UC--_6FSsielDHKIwfCY182Q,Z736oNVmprA
youtube,UC--_6FSsielDHKIwfCY182Q,z9c66Lp2bL8
youtube,UC--_6FSsielDHKIwfCY182Q,ZfInJfkM1yU
youtube,UC--_6FSsielDHKIwfCY182Q,zIYWbxBfe7s
youtube,UC--_6FSsielDHKIwfCY182Q,zKcLyvH6pMo
youtube,UC--_6FSsielDHKIwfCY182Q,ZKy0jhwD8ms
youtube,UC--_6FSsielDHKIwfCY182Q,zLu5yl_0z8k
youtube,UC--_6FSsielDHKIwfCY182Q,ZmUYtTqvEXA
youtube,UC--_6FSsielDHKIwfCY182Q,zMX3Gq-0D9A
youtube,UC--_6FSsielDHKIwfCY182Q,zQQLodlnme8
youtube,UC--_6FSsielDHKIwfCY182Q,zsmRI1TCIhM
youtube,UC--_6FSsielDHKIwfCY182Q,ZU3IT5cHCyk
youtube,UC--_6FSsielDHKIwfCY182Q,ZVx3P-lnVCU
youtube,UC--_6FSsielDHKIwfCY182Q,zX9Y3bSplU8
youtube,UC--_6FSsielDHKIwfCY182Q,ZYoirLO9KKg
youtube,UC--_6FSsielDHKIwfCY182Q,ZzR8PbnLWVo
youtube,UC--_IRe1ZZlrrjdX4J7L62Q,PZD5sWlbLZA
youtube,UC--BzsYVXTIUq8HbYLLnWew,4ZasC_0ymJM
youtube,UC--CA6adKgcczQFx1d9VgMw,J9GHoTNqFX0
youtube,UC--cAcw2Ndvf_wm1t7i8LAw,-WrbxLtgAyg
youtube,UC--d01g4BXcv25_axNfbNDA,ly4hZ70hJ28
youtube,UC--D472IxiEfoiYK8NwC9dg,3i4xoUmwuRY
youtube,UC--D472IxiEfoiYK8NwC9dg,aq9OXGxxwo4
youtube,UC--D472IxiEfoiYK8NwC9dg,BTFA4CgM40Y
youtube,UC--DHNxcMxoOlJ5xS92a9qQ,Mq-ihPHKoCs
youtube,UC--dsaygy_vbk64Ja9gPiew,npsZ7FBbPHg
youtube,UC--DST2TMjS3ppHYRx-jPnA,hG8cpu50Psk
youtube,UC--DST2TMjS3ppHYRx-jPnA,mWfT4uQn7cw
youtube,UC--Dyn6W3j7tJKhiQRWq0vw,vkSQWLrWOm8
youtube,UC--EEq36aUhmTGAPSotgn8g,5_cHh29ig6Q
youtube,UC--eHZYVjqgZoTtkF7lIXug,9Eg8VjTO4ko
youtube,UC--EpRIDJ3B1IDh_DrknRRQ,Qr7QTUqmEZ8
youtube,UC--F98kgZz575RurjP5hJXA,5xncs-QC-Bg
youtube,UC--F98kgZz575RurjP5hJXA,DDHozKJOSaA
youtube,UC--F98kgZz575RurjP5hJXA,hLv69vQGB0o
youtube,UC--F98kgZz575RurjP5hJXA,o6fLPh5JGcI
youtube,UC--FEcy7t87EiwuUUZuEkaw,AXrMPYmbE84
youtube,UC--fexfvZun_1ZNRDUzsPKQ,9FrRISq6ILw
youtube,UC--Fp0kUQzjM0iTycqlFBCw,5GtLDBRLecY
youtube,UC--g1CMNY1M67OKHionw84Q,Iwasi7S0zwk
youtube,UC--g1CMNY1M67OKHionw84Q,xLsQ1A8W0Vw
youtube,UC--gHgpI2BKx-jLbzUwuTBw,s6lC-7eneiY
youtube,UC--GItE8xeFBA3Wr386fvoQ,VgVrYN-Mkjk
youtube,UC--Go0hTzbgoQpCBcGkK-qQ,0IuO84Hehfc
youtube,UC--Gu65Al38WlFLZ-jsU3yQ,AgtwfHNEqhs
youtube,UC--GWcHghLQea8MQN7-5PQQ,A1jgTsG-Wdk
youtube,UC--GWcHghLQea8MQN7-5PQQ,JPqEMMTzjMI
youtube,UC--GWcHghLQea8MQN7-5PQQ,rp53CT69nDM
youtube,UC--GWcHghLQea8MQN7-5PQQ,sM8dzaLwgEg
youtube,UC--hEu9BGs5fQ--8YDKnxog,XNPKV328d18
youtube,UC--HkoYmqWGtvrL_xPRwh9w,5_Fcvqcdss4
youtube,UC--I8WfjCRX8gyQhXonFFkQ,wiMm6sn0tjY
youtube,UC--IcbA-Z2A7Kor2lMVS47A,vHGa7kTjXYg
youtube,UC--icuAhU__-CyfVt6sGPpg,d_Ileg0ikVk
youtube,UC--icuAhU__-CyfVt6sGPpg,g-G100sXN0w
youtube,UC--icuAhU__-CyfVt6sGPpg,KYuBUV5EUco
youtube,UC--icuAhU__-CyfVt6sGPpg,OMzArvlD0Vg
youtube,UC--icuAhU__-CyfVt6sGPpg,OzyEzqwIiaA
youtube,UC--icuAhU__-CyfVt6sGPpg,paYdAndK0Kk
youtube,UC--icuAhU__-CyfVt6sGPpg,PuyNC3jAQ2M
youtube,UC--icuAhU__-CyfVt6sGPpg,QX1nVDTcUcg
youtube,UC--icuAhU__-CyfVt6sGPpg,rQCZa50puwo
youtube,UC--icuAhU__-CyfVt6sGPpg,ymqkQm_lzds
youtube,UC--IGGtqw7zgWmGeEChLttQ,B0steF7CRZM
youtube,UC--IIpusOZVYIEQ4Al3Hk9w,sM8dzaLwgEg
youtube,UC--iOgZ-c5FfIuomdG7F2aQ,51QJ_B6WEXI
youtube,UC--iOgZ-c5FfIuomdG7F2aQ,imSyu6ukChM
youtube,UC--ISd6_h2uJHIcQfQtvftA,_hb2teb7ZU0
youtube,UC--ISd6_h2uJHIcQfQtvftA,eUlio_EJJlo
youtube,UC--ISd6_h2uJHIcQfQtvftA,YdEZx2gEs8Q
youtube,UC--iv_wcQ-afDJOP8H2f3fg,DDHozKJOSaA
youtube,UC--jfYdhnITgrZPq2LHcteA,g_dAstCa2LI
youtube,UC--jvg8IFde98FWlLUhwbeA,Dxn04-7S_60
youtube,UC--jvg8IFde98FWlLUhwbeA,nLCLsTLXkkI
youtube,UC--KNHh06jzdazHWVg-Sudg,6Ojm0kobtUM
youtube,UC--KNHh06jzdazHWVg-Sudg,YdEZx2gEs8Q
youtube,UC--Kx_ak-mhoKPNIv1FkTdA,fJEGKbdKHeA
youtube,UC--LU23Ke4jK3aF5wnRBgJg,-e7RcvBZoJ8
youtube,UC--m9FNMe-VJzAHpbHOXBMA,FQj0vjECBaE
youtube,UC--m_m1exB6k5a5e9nPL-oA,pzXhiZde96M
youtube,UC--mch6wmIvro_tLYpbe-OQ,TsiWj7HqI-Y
youtube,UC--mch6wmIvro_tLYpbe-OQ,WoyawrR6T90
youtube,UC--meSJoIeLomqKBa6Sin2A,Q7B_9LdKHW4
youtube,UC--mHaIRla3eJkm5fq3u3lg,5YDxcQA-kG4
youtube,UC--mHaIRla3eJkm5fq3u3lg,TRpVCSw7Q0Y
youtube,UC--mhOHyznV4j3dGPasa3pQ,iN9obVDRJpg
youtube,UC--mhOHyznV4j3dGPasa3pQ,XXTMka6m4u4
youtube,UC--Mp1FQk28GGQqWxMYsUZQ,yhwHLAR2PdM
youtube,UC--myGk_rt_MIGQ4QNnlyQA,7o9x1r9vxhs
youtube,UC--O15x53_i9K7Q8wxmbeoQ,0uigcfHqYG0
youtube,UC--O15x53_i9K7Q8wxmbeoQ,2s3rXM2U8YU
youtube,UC--O15x53_i9K7Q8wxmbeoQ,FXDc0p9bFiA
youtube,UC--O15x53_i9K7Q8wxmbeoQ,HMByjbtmT88
youtube,UC--O15x53_i9K7Q8wxmbeoQ,kFjQr1EKn4s
youtube,UC--O3YVS4xtCjhDSfJkzMCA,9KS8mtv9EwQ
youtube,UC--O3YVS4xtCjhDSfJkzMCA,DDHozKJOSaA
youtube,UC--O3YVS4xtCjhDSfJkzMCA,YEweyK2EeJQ
youtube,UC--oPW3hI2wvcLgM6Zgekrg,TKA7fdgvjkI
youtube,UC--PAsvMIVeKv5o4dymGbWw,66psxgu1lKI
youtube,UC--pXxfEo-rm-0JD87YepiQ,DmXBzZ-RzOw
youtube,UC--Q0EwjVn76EGxA38Um_RQ,jjXLPNp8MOo
youtube,UC--QfV7gHKj64-uz-wl0aKg,1-7x-WIgL-I
youtube,UC--QfV7gHKj64-uz-wl0aKg,3__EXxHKAuI
youtube,UC--QllwPd4Z_NyDnOScDHkw,0-PV7kNMsK4
youtube,UC--QllwPd4Z_NyDnOScDHkw,KbTOjQ34LTM
youtube,UC--qwT8LU6cV0Jm_h6Zy1pA,-Oqmb0Q-i1Y
youtube,UC--rinaRIUYc4HGjLZ9eY5g,hUBvUv5Ii7A
youtube,UC--RL3u2o4X9HdJ2jbLX5fQ,cvyz8fuz3o8
youtube,UC--RL3u2o4X9HdJ2jbLX5fQ,iADENG6Ldsk
youtube,UC--RL3u2o4X9HdJ2jbLX5fQ,kXpQZ8-1t2s
youtube,UC--rlRVW1WsJUKkjEDR8boQ,rdCY_WEpsF8
youtube,UC--SeYaNPh_gQwK3yOV75ZQ,2xzt60BDYvg
youtube,UC--SeYaNPh_gQwK3yOV75ZQ,31kc45rLGEY
youtube,UC--SeYaNPh_gQwK3yOV75ZQ,9Lr8KzASZoY
youtube,UC--SeYaNPh_gQwK3yOV75ZQ,PuyNC3jAQ2M
youtube,UC--SeYaNPh_gQwK3yOV75ZQ,u85SnAfzcYA
youtube,UC--sVBgBrz3lAqQkRz6QBxA,51QJ_B6WEXI
youtube,UC--tb6qcQ8ciYbYsfj6cqFQ,wT0hG1f79Q4
youtube,UC--tff1LSgCX1BE_g5YMwYQ,2yf_nWIYHDU
youtube,UC--tff1LSgCX1BE_g5YMwYQ,eRig2mRjoAM
youtube,UC--tff1LSgCX1BE_g5YMwYQ,iIwFyKwdgFg
youtube,UC--TNadP4pZ2Ks3cR-Pm6rw,GE9zyjtm7E4
youtube,UC--up9lUZWx82_o8jod0DWA,s2o2cqV5hr0
youtube,UC--V0coQNpLBstfcGAg5kVA,1q3fENz3JaI
youtube,UC--vB-Z6YrBjMzrV2cCQ1Bw,ikFmuvh4Hvk
youtube,UC--vNL5lcWRCe-xaik4aRJQ,87MwqzemlRQ
youtube,UC--vNL5lcWRCe-xaik4aRJQ,D8eJhsNAQ_A
youtube,UC--vNL5lcWRCe-xaik4aRJQ,kkUmaMdw0vA
youtube,UC--vNL5lcWRCe-xaik4aRJQ,LjxXnldlfwQ
youtube,UC--VQqSqgq9cVyGwec-JapA,n2xQ112p4Kg
youtube,UC--wer8mLc12f1s17UCpcfA,r8iy-rvdqRQ
youtube,UC--WMe39XEu1sofJj8nj1qw,AALvJro7x5Q
youtube,UC--wmsKFTsbBkc0MQsRTzGw,DNmXkRkhp24
youtube,UC--WPj1aTdPzymIwZNphwGw,Iwasi7S0zwk
youtube,UC--WPj1aTdPzymIwZNphwGw,WfyBJyhHve8
youtube,UC--WPj1aTdPzymIwZNphwGw,zSkzjce_47U
youtube,UC--Wqb8m2Js-Fuw_M3UM5kw,wvkko4_Y0wU
youtube,UC--WxNAzuBE-tWOdkVNT82w,RSCCA9x5TXg
youtube,UC--WxNAzuBE-tWOdkVNT82w,wsZWY-qa9Ew
youtube,UC--WxNAzuBE-tWOdkVNT82w,zIE2ESRh4Ek
youtube,UC--X-ifOg2ZbVEbuOBsjP3g,m03ZcYO8Yko
youtube,UC--x2xaSzAohodIdkmsKVEQ,xtEkEQEOR8U
youtube,UC--x9gADBjY3HyKTwoFyu6A,JcfnGYGjt_s
youtube,UC--Y0C_1gqadTeh_bItG3LA,-KD4xcSfhZ0
youtube,UC--YEaodpuhEemF4IRQnmkw,n8K4pZO8Pq0
youtube,UC--YEaodpuhEemF4IRQnmkw,npsZ7FBbPHg
youtube,UC--YEaodpuhEemF4IRQnmkw,TG0o41ssCzw
youtube,UC--yKbBieK2eHbSYkmgElbw,gx-GvrygjfI
youtube,UC--yKbBieK2eHbSYkmgElbw,HMByjbtmT88
youtube,UC--yKbBieK2eHbSYkmgElbw,jh9LdhwtRCM
youtube,UC--yKbBieK2eHbSYkmgElbw,oIw6FWDQ18Y
youtube,UC--yKbBieK2eHbSYkmgElbw,QI4YkmQy6BU
youtube,UC--zkutPT8cuc8PtVkA8HnA,_kyCTB7Ae60
youtube,UC--zkutPT8cuc8PtVkA8HnA,ba9HnipUOGA
youtube,UC--zkutPT8cuc8PtVkA8HnA,Iwasi7S0zwk
youtube,UC--zkutPT8cuc8PtVkA8HnA,tV7ca_WEloM
youtube,UC--zkutPT8cuc8PtVkA8HnA,VaHeq8T479c
youtube,UC--ZMqR-DLiwTHKksnDnlTg,aKZVxtIEPt8
youtube,UC--ZMqR-DLiwTHKksnDnlTg,d7uTcEjIyKs
youtube,UC--ZMqR-DLiwTHKksnDnlTg,uGyui7_9WQw
youtube,UC--zoYFi1pFd74jKL1ajjXw,0-PV7kNMsK4
youtube,UC--zoYFi1pFd74jKL1ajjXw,QHMr4a-yKB8
youtube,UC--ZqiZlXfiDqpcwxXCHCow,c5mNtnGDotU
youtube,UC--ZQMvxj20K38uzLyx7VxQ,Ib9fc9VFbR0
youtube,UC--zwAJgRCQpdm9rdbnXEww,CnsrSwWgJ2o
youtube,UC--zwAJgRCQpdm9rdbnXEww,VtF3FAetnCI
youtube,UC--zwIvrYdQVB8tZYzu_CQw,0SGN4FLIhn4
youtube,UC--zwIvrYdQVB8tZYzu_CQw,4KOcZk2HTcg
youtube,UC--zwIvrYdQVB8tZYzu_CQw,4Lpnk5iIeP8
youtube,UC--zwIvrYdQVB8tZYzu_CQw,5eueeEHRMfA
youtube,UC--zwIvrYdQVB8tZYzu_CQw,AgtwfHNEqhs
youtube,UC--zwIvrYdQVB8tZYzu_CQw,BB159gaH730
youtube,UC--zwIvrYdQVB8tZYzu_CQw,bbCVLlxqNmU
youtube,UC--zwIvrYdQVB8tZYzu_CQw,Dg9o7-NVIIM
youtube,UC--zwIvrYdQVB8tZYzu_CQw,jZ1ksxzu9K4
youtube,UC--zwIvrYdQVB8tZYzu_CQw,KawFLGBUTgk
youtube,UC--zwIvrYdQVB8tZYzu_CQw,l08Uog-u7iI
youtube,UC--ZxXHQbuSTA7RmO0GC56A,aq9OXGxxwo4
youtube,UC--ZxXHQbuSTA7RmO0GC56A,BwdcG9va6ek
youtube,UC-0-B3wykYpjrDkd_GbSGqw,MhMvc6UciPQ
youtube,UC-0-grzJPxzrpBcj61Ul2vw,ikFmuvh4Hvk
youtube,UC-0-grzJPxzrpBcj61Ul2vw,uWTO6556G3A
youtube,UC-01sCHkYg7ENl9xLFQuREA,xLsQ1A8W0Vw
youtube,UC-02OI1fRelhjMYRH4xxCvg,hK2rnVHZ6r8
youtube,UC-02uclx4GB2_3glIJVV_zA,q20jbOSINW4
youtube,UC-02XO5u_pqG0NMzWTbYbhA,p-TBUW0cClw
youtube,UC-0302j93nhGWaYZbQVDYbw,e9xqj73VKyE
youtube,UC-0302j93nhGWaYZbQVDYbw,oaaT9NPBoHQ
youtube,UC-03868zDqKTJuXeDxEI-lQ,KbTOjQ34LTM
youtube,UC-03qJy4JCUUU88oGqoLDZg,gPYJDUh870A
youtube,UC-03qJy4JCUUU88oGqoLDZg,oaaT9NPBoHQ
youtube,UC-03wsawRc1ZcQHqljY-XnA,D7VW0-nNYvE
youtube,UC-04h2U827WK4LNRPUM3BGg,HvUD4rtlUMM
youtube,UC-04h2U827WK4LNRPUM3BGg,lSmmBChlAMo
youtube,UC-04PKKe89neVt4ynn1EyIA,PYOhBLnwBQM
youtube,UC-0571xrD1i7b7i_nke-dhw,gPYJDUh870A
youtube,UC-0571xrD1i7b7i_nke-dhw,xj02S2waGOw
youtube,UC-068ORJZulHJT7iy8xPrUA,B-IRaqlEC74
youtube,UC-06rJJoLSJt37zjMob5ZaQ,jS4A-goEQM0
youtube,UC-06Sy8EcanRfEq_qVGX60A,6NI8YjHit8Y
youtube,UC-07-cQtRho_cZqqaeafU4w,4KSA70LTpz0
youtube,UC-07kF-Y0iq2vdpQl1TdFIg,_a9wL5xOS5U
youtube,UC-09vFqk9tfOj1N2z1kxjgg,BwdcG9va6ek
youtube,UC-09vFqk9tfOj1N2z1kxjgg,Cp0WJP3TcS8
youtube,UC-09vFqk9tfOj1N2z1kxjgg,Mev__bCFttM
youtube,UC-09vFqk9tfOj1N2z1kxjgg,QX1nVDTcUcg
youtube,UC-0_1IqI4FJYxXK3WnRlo8w,A1LzxFbtuNM
youtube,UC-0_1IqI4FJYxXK3WnRlo8w,IxfN6ugPjoM
youtube,UC-0ACFg6OGd3Y3NioXihjPg,DDHozKJOSaA
youtube,UC-0BNi_dCkDAVF1hyKVQ2Sw,w2axgOWQvoM
youtube,UC-0BULzsF4ykadHcjLBMgqQ,5vmEvhO2imQ
youtube,UC-0BULzsF4ykadHcjLBMgqQ,huf6rOwF_58
youtube,UC-0BULzsF4ykadHcjLBMgqQ,SzU7dHGyO_I
youtube,UC-0BYNxfGVq1-D2ReNpIUDw,_aQ_A5MmMF0
youtube,UC-0BYNxfGVq1-D2ReNpIUDw,_eepu6M-V7k
youtube,UC-0BYNxfGVq1-D2ReNpIUDw,fF61LvMi8YI
youtube,UC-0BYNxfGVq1-D2ReNpIUDw,gg3P-Aq-m1A
youtube,UC-0BYNxfGVq1-D2ReNpIUDw,hyUEZTA-YJQ
youtube,UC-0BYNxfGVq1-D2ReNpIUDw,mTQclliWvRY
youtube,UC-0BYNxfGVq1-D2ReNpIUDw,NdhEwymP6Os
youtube,UC-0cOL3XGxEIwZX22AJMvXg,_KMGRJWeFuY
youtube,UC-0DSmJxfIUgkmPMpEGEuUg,-p4umBROpJo
youtube,UC-0DSmJxfIUgkmPMpEGEuUg,4ZasC_0ymJM
youtube,UC-0DSmJxfIUgkmPMpEGEuUg,bSLa6GLYTxw
youtube,UC-0DSmJxfIUgkmPMpEGEuUg,dz3AHPZ6LSY
youtube,UC-0DSmJxfIUgkmPMpEGEuUg,F_aN81Rna0A
youtube,UC-0DSmJxfIUgkmPMpEGEuUg,hib8KaIWiRk
youtube,UC-0DSmJxfIUgkmPMpEGEuUg,Mq8K_kKf94A
youtube,UC-0DSmJxfIUgkmPMpEGEuUg,NYnM0aGq4W4
youtube,UC-0DSmJxfIUgkmPMpEGEuUg,s8-l_EAaqXA
youtube,UC-0DSmJxfIUgkmPMpEGEuUg,x_D4U1dusEc
youtube,UC-0DSRnocvFnxnVlTPb-BEg,2LMiWTuMnv8
youtube,UC-0DwiLm_Os155J2Ye9YNPQ,q6RzGr8yjMA
youtube,UC-0DwiLm_Os155J2Ye9YNPQ,wH69nzVnm6Y
youtube,UC-0DwiLm_Os155J2Ye9YNPQ,Z-L1KJTbzQA
youtube,UC-0e0C3AuyCpGmlQfZOXWTg,nLCLsTLXkkI
youtube,UC-0EBINNisVaPJMGf0g_38A,s1eIbMgZ-LU
youtube,UC-0ej15QcD-Zl7E7dYRMuTQ,09LSf6gh1YM
youtube,UC-0EpCHzxLJr32A_YgB7KAw,0QSwwkeyDCk
youtube,UC-0EpCHzxLJr32A_YgB7KAw,Abb_iTz-zH0
youtube,UC-0EpCHzxLJr32A_YgB7KAw,MP_x2i-JGFc
youtube,UC-0EpCHzxLJr32A_YgB7KAw,uCTaTWfnrAk
youtube,UC-0EpCHzxLJr32A_YgB7KAw,ZU1KochF0q8
youtube,UC-0FSuY4hhOj7o8f5E8xsHQ,3QFoye5oofY
youtube,UC-0FSuY4hhOj7o8f5E8xsHQ,RrWk0qFwGqo
youtube,UC-0GWUNa6GDUXFtFm8-hBbQ,3i4xoUmwuRY
youtube,UC-0HaST4lH7p5lflIUPaOqw,6wHc-n9-TlI
youtube,UC-0HEwBqmJLqYJXevdktwIQ,2-2Svg-o1-Q
youtube,UC-0HEwBqmJLqYJXevdktwIQ,5K2zOgMllac
youtube,UC-0HEwBqmJLqYJXevdktwIQ,6sbKwTO455M
youtube,UC-0HEwBqmJLqYJXevdktwIQ,brPvPQCDueU
youtube,UC-0HEwBqmJLqYJXevdktwIQ,z9Vhak6rzPg
youtube,UC-0Hg6FURkqSS0cgUXFNSeA,qB3sDlNXNXM
youtube,UC-0hOKRLlroBuRl9cExtU2A,Wq6qhWJ2L_E
youtube,UC-0ixDXul8iSIykwkbkBf0w,IN1A7mhhWOk
youtube,UC-0JNqFTz6XoXD3d00U598A,3AVaz5ZpZiw
youtube,UC-0JSx-mJ-89bVAZJOuktZg,2-2Svg-o1-Q
youtube,UC-0JSx-mJ-89bVAZJOuktZg,5ts3swnR8Co
youtube,UC-0JSx-mJ-89bVAZJOuktZg,AnPeVG3Ls-4
youtube,UC-0JSx-mJ-89bVAZJOuktZg,AU-rkuPG_9g
youtube,UC-0JSx-mJ-89bVAZJOuktZg,gPYJDUh870A
youtube,UC-0JSx-mJ-89bVAZJOuktZg,l08Uog-u7iI
youtube,UC-0JSx-mJ-89bVAZJOuktZg,oaaT9NPBoHQ
youtube,UC-0JSx-mJ-89bVAZJOuktZg,ODF2_tfeKOQ
youtube,UC-0JSx-mJ-89bVAZJOuktZg,QQryP0dT61U
youtube,UC-0ka1KAQ7EJxa6DPBta4Hw,6Hq5Yc9YOcM
youtube,UC-0ka1KAQ7EJxa6DPBta4Hw,AufSG5H394E
youtube,UC-0ka1KAQ7EJxa6DPBta4Hw,dXca_oioQ0s
youtube,UC-0ka1KAQ7EJxa6DPBta4Hw,GCVNBUeFKJM
youtube,UC-0KdcJMdpDhXgAsl-Cblng,FwTe96irgdo
youtube,UC-0lmPof3OFXW2NBUxK47qQ,4gevjNFy_1s
youtube,UC-0lmPof3OFXW2NBUxK47qQ,CnsrSwWgJ2o
youtube,UC-0lXMaRC3o_i6TrkrGDuog,kcj3H4P6_G0
youtube,UC-0lXMaRC3o_i6TrkrGDuog,uAWMwFWUH8Q
youtube,UC-0mJeKrKg2NCvakekk5cVA,4oW1Y9tu3Oc
youtube,UC-0mJVBQ3WHcige-08RdijA,1q3fENz3JaI
youtube,UC-0mJVBQ3WHcige-08RdijA,3Nvxcbo5Mf8
youtube,UC-0mJVBQ3WHcige-08RdijA,66rt7BA6uAM
youtube,UC-0mJVBQ3WHcige-08RdijA,Jl2K5FMqy3M
youtube,UC-0mJVBQ3WHcige-08RdijA,Mq-ihPHKoCs
youtube,UC-0mJVBQ3WHcige-08RdijA,PuyNC3jAQ2M
youtube,UC-0mJVBQ3WHcige-08RdijA,RIircCJDAh4
youtube,UC-0mJVBQ3WHcige-08RdijA,rshrZivzJX8
youtube,UC-0mJVBQ3WHcige-08RdijA,tBWJVgSAxGU
youtube,UC-0mJVBQ3WHcige-08RdijA,tLNCBJL0GpY
youtube,UC-0mJVBQ3WHcige-08RdijA,YTF8EnuNpyY
youtube,UC-0mJVBQ3WHcige-08RdijA,zbbswBr8ZmQ
youtube,UC-0mmQ0jdFYCIITwKQcCkpQ,CbD38jetjt0
youtube,UC-0mmQ0jdFYCIITwKQcCkpQ,fF61LvMi8YI
youtube,UC-0MpxMQtiRuTpn178GaM_Q,_nN9AzQHMk0
youtube,UC-0MpxMQtiRuTpn178GaM_Q,i7MfKz3_h1E
youtube,UC-0MpxMQtiRuTpn178GaM_Q,YkqHU_Q2bFQ
youtube,UC-0n6XhqBusZ5RDpUfc85Jg,iQKc_paVejM
youtube,UC-0NKhfWP9eaiaXMEIQfkVA,t3DNU5pAB5g
youtube,UC-0o0cwEZ7lAk98iFJ-aL7g,AgtwfHNEqhs
youtube,UC-0o7uZ-LGZFwWxLFt_g27Q,Qqn2VhQhp-8
youtube,UC-0OIZQrB466inQNb4FNPKQ,hcTE4hMjZS0
youtube,UC-0P7uSR2jc3vtPyJPzmQfA,sSW1qwyUjeo
youtube,UC-0pADaOeqwTsA6RUPyMe2Q,EOhiALOGk8c
youtube,UC-0PkPoPpqh554x6oUgjBtA,1473HZjq-xE
youtube,UC-0pn3wIHuNX2HWLsGUPRcQ,3U1wembSphg
youtube,UC-0PtswciK3_ErFaHvOqm-g,5zgBGuyhU84
youtube,UC-0PtswciK3_ErFaHvOqm-g,79ACo4016wA
youtube,UC-0PtswciK3_ErFaHvOqm-g,9k7d_WgdbqI
youtube,UC-0PtswciK3_ErFaHvOqm-g,B7zW6CGxjyE
youtube,UC-0PtswciK3_ErFaHvOqm-g,buaHrPF5Dic
youtube,UC-0PtswciK3_ErFaHvOqm-g,Cp0WJP3TcS8
youtube,UC-0PtswciK3_ErFaHvOqm-g,EgNRI_a8VSQ
youtube,UC-0PtswciK3_ErFaHvOqm-g,eLVFO2H-Rrw
youtube,UC-0PtswciK3_ErFaHvOqm-g,FIdjzMBanbE
youtube,UC-0PtswciK3_ErFaHvOqm-g,hyUEZTA-YJQ
youtube,UC-0PtswciK3_ErFaHvOqm-g,IpyjTGz0wsA
youtube,UC-0PtswciK3_ErFaHvOqm-g,mct1YDqB-C0
youtube,UC-0PtswciK3_ErFaHvOqm-g,NYnM0aGq4W4
youtube,UC-0PtswciK3_ErFaHvOqm-g,omU8ntQJ1os
youtube,UC-0PtswciK3_ErFaHvOqm-g,OXWA9H_9CYI
youtube,UC-0PtswciK3_ErFaHvOqm-g,QXwUvvHdfcs
youtube,UC-0PtswciK3_ErFaHvOqm-g,v6DDvPsXQa4
youtube,UC-0PtswciK3_ErFaHvOqm-g,vnPyS9vvjgQ
youtube,UC-0PtswciK3_ErFaHvOqm-g,xtEkEQEOR8U
youtube,UC-0PtswciK3_ErFaHvOqm-g,Ztq8wpVd5kg
youtube,UC-0Qcpt8s-zU81gxvWmPhdQ,Xw97chRiNzQ
youtube,UC-0qkcc7ShIiUJH14MOt-OA,0SGN4FLIhn4
youtube,UC-0qkcc7ShIiUJH14MOt-OA,3aIT34DmF3Y
youtube,UC-0qkcc7ShIiUJH14MOt-OA,5eueeEHRMfA
youtube,UC-0qkcc7ShIiUJH14MOt-OA,asQiDgTxEhI
youtube,UC-0qkcc7ShIiUJH14MOt-OA,Iwasi7S0zwk
youtube,UC-0qkcc7ShIiUJH14MOt-OA,JPqEMMTzjMI
youtube,UC-0qkcc7ShIiUJH14MOt-OA,NP7qzACKGqA
youtube,UC-0qkcc7ShIiUJH14MOt-OA,q20jbOSINW4
youtube,UC-0qOKOH5HG1PZJwmtcSjfQ,1t8Ubz54oEc
youtube,UC-0qOKOH5HG1PZJwmtcSjfQ,2ssv1mmEBPI
youtube,UC-0qOKOH5HG1PZJwmtcSjfQ,Ds8rB8vLMBU
youtube,UC-0qOKOH5HG1PZJwmtcSjfQ,Ks57Cm22-8s
youtube,UC-0rtFQDQZLDXP6Jza17C8Q,MCRdUbbW0nk
youtube,UC-0rtFQDQZLDXP6Jza17C8Q,wZhypbg41gA
youtube,UC-0t2xC6qRgH4BgyIJXPRyQ,3i4xoUmwuRY
youtube,UC-0Tf81iBvQAWvJOuZx2Cpg,YF3flUd3mM8
youtube,UC-0TGnwQklPnag_6qmH-oJw,bSwm8jAgd7Y
youtube,UC-0TK7U-RPOOXMlTj3DBrQQ,yXUiDvxkkSQ
youtube,UC-0Tr2MUIXpHkHf8RRiu5KA,1473HZjq-xE
youtube,UC-0Tr2MUIXpHkHf8RRiu5KA,Ds8rB8vLMBU
youtube,UC-0TRMpQKSTGeVqN_uXz-Qg,dD4v9YBx9WA
youtube,UC-0TRMpQKSTGeVqN_uXz-Qg,K2uArmFopcQ
youtube,UC-0u6A5EZHe13LBaoaWLvsg,Q_1BqFWTfXU
youtube,UC-0uDevMBIwfe81yEP5H_XA,9YP5E6NQhPc
youtube,UC-0UnXC8Fp4DjBiaHlhugsw,tnp0zaQGmJw
youtube,UC-0uQGMZ2qyV14zhlYec3JQ,Iwasi7S0zwk
youtube,UC-0uU3sCxBJOg3ptxC8mCrg,id29jfIyCro
youtube,UC-0v1Mhr3FXKNj9doDZnDXw,a3DhlG5HMfY
youtube,UC-0v1Mhr3FXKNj9doDZnDXw,ODvuVboXgKE
youtube,UC-0v1Mhr3FXKNj9doDZnDXw,pMbzaygsY4w
youtube,UC-0v9UpW7TiQKrzWjzOP7kA,AmBwN1B4ovw
youtube,UC-0vbRRwa2xnuvo4eTSWQFA,IEYpSXNNjp4
youtube,UC-0wujUCcQ-Gyots0PXluIA,OLLguVRTtqY
youtube,UC-0wujUCcQ-Gyots0PXluIA,yeleMVHbs-s
youtube,UC-0wW5SIYdRkPjSegiM9Ufg,7xPAqPbhDaY
youtube,UC-0wW5SIYdRkPjSegiM9Ufg,9Qfk4Q_ak8U
youtube,UC-0wW5SIYdRkPjSegiM9Ufg,BwdcG9va6ek
youtube,UC-0wW5SIYdRkPjSegiM9Ufg,CdihgG0vMhs
youtube,UC-0wW5SIYdRkPjSegiM9Ufg,Iwasi7S0zwk
youtube,UC-0wW5SIYdRkPjSegiM9Ufg,JM6fbPkynEE
youtube,UC-0wW5SIYdRkPjSegiM9Ufg,wbyZwkbX9T0
youtube,UC-0wW5SIYdRkPjSegiM9Ufg,zARgkIIpx5s
youtube,UC-0wZwcFlLjW-FitwLT019Q,e7sqYzNegIw
youtube,UC-0xjeOFxmpDdvEAwFn6Z5Q,c4N0lR_nrRQ
youtube,UC-0xpIjrMYR9KOTbJrNVG-Q,4wc4r1tj018
youtube,UC-0xpIjrMYR9KOTbJrNVG-Q,AZv4p5hAdy8
youtube,UC-0xpIjrMYR9KOTbJrNVG-Q,fJo5h4Y-l40
youtube,UC-0xpIjrMYR9KOTbJrNVG-Q,fXByC3WeafQ
youtube,UC-0xpIjrMYR9KOTbJrNVG-Q,l-VwKP3rdag
youtube,UC-0xpIjrMYR9KOTbJrNVG-Q,QCzV2kbYjKQ
youtube,UC-0xpIjrMYR9KOTbJrNVG-Q,vDfJipLplmc
youtube,UC-0xpIjrMYR9KOTbJrNVG-Q,WafKNs-TcOU
youtube,UC-0xpIjrMYR9KOTbJrNVG-Q,wn34njz55sw
youtube,UC-0xpIjrMYR9KOTbJrNVG-Q,zgkofmcN6-k
youtube,UC-0ygBCjNq3iDYeVxtLfkfg,1Sa0wIexVCM
youtube,UC-0Yj0o_ZZQPkSteMmTSaaw,5k53ya60RWk
youtube,UC-0z-4VPSzIp8gBhMnj9u0g,AgtwfHNEqhs
youtube,UC-1-0H_SrfvXLxmKGbGTSjQ,-D98tA354KQ
youtube,UC-1-0H_SrfvXLxmKGbGTSjQ,FuDzmCqWf_8
youtube,UC-1-0H_SrfvXLxmKGbGTSjQ,zZNMA7GWEn8
youtube,UC-1-ZJOfZiXurfSYadcREmw,_klKg-6JRhA
youtube,UC-11NAZK9TyProndKn_zEew,3u1U6I3AkdA
youtube,UC-11NAZK9TyProndKn_zEew,_e-KvfD33eY
youtube,UC-11NAZK9TyProndKn_zEew,GIh9-fNJklw
youtube,UC-11NAZK9TyProndKn_zEew,RC-BskFArZQ
youtube,UC-11NAZK9TyProndKn_zEew,roGW43EDuxM
youtube,UC-11NAZK9TyProndKn_zEew,XDVgvUdPJnw
youtube,UC-11NAZK9TyProndKn_zEew,yShvbFE4-Rc
youtube,UC-11ndmOcSPckuHUSP21Qdg,8F7gy8GMuO4
youtube,UC-11SoorLko7-50HyjIF8Mg,_aifi15u-4Y
youtube,UC-12a3g63ZyozH9p3mERo0A,_g8LslMW4w0
youtube,UC-13XbrvmJo2j2HxY2iYLlQ,xpG4Dchie-w
youtube,UC-15n92oYvvtP6OEDUOH8PA,2gqHpfd4j-c
youtube,UC-15n92oYvvtP6OEDUOH8PA,f_CKU7bM2Y4
youtube,UC-15n92oYvvtP6OEDUOH8PA,IMTq0RZb_Q8
youtube,UC-15n92oYvvtP6OEDUOH8PA,LjxXnldlfwQ
youtube,UC-15n92oYvvtP6OEDUOH8PA,sH5tSn8BbGY
youtube,UC-15n92oYvvtP6OEDUOH8PA,xZdmANOq0Iw
youtube,UC-16kLub7DAA5OaHIv29g_g,oZcTD8nO49U
youtube,UC-16ksCcI8Olo0GWJfUXM2A,JOcYFp9PYD0
youtube,UC-16ksCcI8Olo0GWJfUXM2A,yTmiEZiVgGY
youtube,UC-16ksCcI8Olo0GWJfUXM2A,z4-SQFDXYzE
youtube,UC-16Mc6qaeyYq0244lw0LXg,9iFfFHZvnNM
youtube,UC-16Mc6qaeyYq0244lw0LXg,bItb3j85AS8
youtube,UC-16UpsMlBMVM6hQHuomXMA,09LSf6gh1YM
youtube,UC-18XuER_edw54YhgcoGhig,oVFlEwoAG_0
youtube,UC-1_JPwUtZKXNuqncVT8gwA,AgtwfHNEqhs
youtube,UC-1_ywELpE7qkXm2SHAJdUA,Iwasi7S0zwk
youtube,UC-1A52OwzBFw7V9cu3_r32w,gDKuzvHqfV4
youtube,UC-1A52OwzBFw7V9cu3_r32w,kkUmaMdw0vA
youtube,UC-1A7YicEMygSWhk5ClSmYw,xtEkEQEOR8U
youtube,UC-1adInkDlPxxoaC43tcTeA,QMl2NMQRAtM
youtube,UC-1agpkEMdX5TWIJ5F7lDfQ,zIYWbxBfe7s
youtube,UC-1b356c2hQjnNI_-t3oREA,9-Ciw9V6VN8
youtube,UC-1b356c2hQjnNI_-t3oREA,9xiM-TVUSDw
youtube,UC-1b356c2hQjnNI_-t3oREA,bd4jb_-JixA
youtube,UC-1b356c2hQjnNI_-t3oREA,h6-9lbhFx5U
youtube,UC-1b356c2hQjnNI_-t3oREA,T5KaYwfuM3Q
youtube,UC-1b356c2hQjnNI_-t3oREA,zcTlY5fz3iA
youtube,UC-1b9VJAok-kqnaYOyJoOrg,2zJm_kOl9NM
youtube,UC-1b9VJAok-kqnaYOyJoOrg,9iHSBEZiyY4
youtube,UC-1b9VJAok-kqnaYOyJoOrg,D0obaLOw80c
youtube,UC-1b9VJAok-kqnaYOyJoOrg,ERIbn3Xua5c
youtube,UC-1b9VJAok-kqnaYOyJoOrg,hU3uDAOQjWs
youtube,UC-1b9VJAok-kqnaYOyJoOrg,IxfN6ugPjoM
youtube,UC-1b9VJAok-kqnaYOyJoOrg,TskGnMnKfYc
youtube,UC-1BKSVBh6Kdf7uX_UHI31A,zARgkIIpx5s
youtube,UC-1BOw8VGhIrplkG90RKmcg,4BOzv780A28
youtube,UC-1BOw8VGhIrplkG90RKmcg,B0steF7CRZM
youtube,UC-1cd3rpmRu1kQ1dtW4t6bg,tzHEuiA141Y
youtube,UC-1CGVyZsAASYoTGT_w7d_Q,D7VW0-nNYvE
youtube,UC-1CJcmTTl28tMhUG3Vpiww,GurYhZNduBE
youtube,UC-1DAFrBX7in_BHBeCxDA1A,r5Ymb-hezU8
youtube,UC-1Dgj8XMQwbIuNVTu0HP4w,9xiM-TVUSDw
youtube,UC-1DKeuRIA_god2y_Y88ETg,0v6Bcioy3FQ
youtube,UC-1DKeuRIA_god2y_Y88ETg,37jhkipPYA4
youtube,UC-1DKeuRIA_god2y_Y88ETg,3raC_RAArpo
youtube,UC-1DKeuRIA_god2y_Y88ETg,4yaT6M4OrA0
youtube,UC-1DKeuRIA_god2y_Y88ETg,92E7fv9eyFA
youtube,UC-1DKeuRIA_god2y_Y88ETg,99rwi2d868w
youtube,UC-1DKeuRIA_god2y_Y88ETg,9iHSBEZiyY4
youtube,UC-1DKeuRIA_god2y_Y88ETg,9rsJgiF41cA
youtube,UC-1DKeuRIA_god2y_Y88ETg,A6hOImOvq-c
youtube,UC-1DKeuRIA_god2y_Y88ETg,B3nK_ZxpPzw
youtube,UC-1DKeuRIA_god2y_Y88ETg,ed19kQsPHBE
youtube,UC-1DKeuRIA_god2y_Y88ETg,Ep7TiflmJGo
youtube,UC-1DKeuRIA_god2y_Y88ETg,GCVNBUeFKJM
youtube,UC-1DKeuRIA_god2y_Y88ETg,gDHboIC0EXs
youtube,UC-1DKeuRIA_god2y_Y88ETg,HFdkuUjdGdA
youtube,UC-1DKeuRIA_god2y_Y88ETg,I6ycWH4uiM8
youtube,UC-1DKeuRIA_god2y_Y88ETg,mL-QIal04T4
youtube,UC-1DKeuRIA_god2y_Y88ETg,ogQsFU0Ty4k
youtube,UC-1DKeuRIA_god2y_Y88ETg,oM4I8kSFS5E
youtube,UC-1DKeuRIA_god2y_Y88ETg,P1ZwwYRziT0
youtube,UC-1DKeuRIA_god2y_Y88ETg,q5zxB91ozKk
youtube,UC-1DKeuRIA_god2y_Y88ETg,Qq74cZ3CfcA
youtube,UC-1DKeuRIA_god2y_Y88ETg,Tw2XnskGj6U
youtube,UC-1DKeuRIA_god2y_Y88ETg,vfAIC1w5MDI
youtube,UC-1DKeuRIA_god2y_Y88ETg,WA17o2VGSJs
youtube,UC-1DKeuRIA_god2y_Y88ETg,Y1rrQQkolwQ
youtube,UC-1DKeuRIA_god2y_Y88ETg,Y751GchsOLw
youtube,UC-1DKeuRIA_god2y_Y88ETg,yeleMVHbs-s
youtube,UC-1DKeuRIA_god2y_Y88ETg,ZwfxyGclnYo
youtube,UC-1dti-Sr1SnKtVC-FR4ZpA,5GDlBby2pBA
youtube,UC-1Dv7tlOl7yVbRtbH-0LzA,Q3UT10nBJTI
youtube,UC-1E1cAvkjoer4sCIekZ1rw,Xc82pXqoHK0
youtube,UC-1e3t7tNb9IpekIiHpgWWA,9X4QiFoWDP0
youtube,UC-1e3t7tNb9IpekIiHpgWWA,ZLqzKczMYU4
youtube,UC-1E98ZVKogA8K3Tksdes2g,QS_5FikyZ1Q
youtube,UC-1E9AWkctoz1N471-e_C_g,ovzVPNUeDb8
youtube,UC-1edpspQHaSgiCxYaaJ6yQ,FhVP4x42qro
youtube,UC-1EHejlUOdPep9Mx8aCdKA,D7VW0-nNYvE
youtube,UC-1eheyvqhZEPbN4sooJS3Q,GurYhZNduBE
youtube,UC-1esAaWd2GG06qsg6qMxsw,zARgkIIpx5s
youtube,UC-1Ev4C92BBp2aobX4H7pyQ,X0AjCHyh5Sc
youtube,UC-1F3EJI4fOVU7vpb93NvBQ,-cavQDalycg
youtube,UC-1F3EJI4fOVU7vpb93NvBQ,8zxLmvtIh6I
youtube,UC-1F3EJI4fOVU7vpb93NvBQ,uuoJ8zOcCAQ
youtube,UC-1F_a1TgrK9bsw9zyT2cCA,9V-5-TTvDIo
youtube,UC-1F_a1TgrK9bsw9zyT2cCA,U-qt0b5VmTI
youtube,UC-1fGcvXhFgJueAR61YWgoA,3g9cMjUhxHo
youtube,UC-1g2dpHlSVwm9SSghA-jtg,03r1tuyeflc
youtube,UC-1g6aKR8JuBNElhYf8rGkw,j9UEDV-p8Z0
youtube,UC-1GPQXSo4jrc3sZDd4A6tg,30dO4nKxDQU
youtube,UC-1GPQXSo4jrc3sZDd4A6tg,3Sdr1L34p9c
youtube,UC-1GPQXSo4jrc3sZDd4A6tg,_iSR3RcL4c0
youtube,UC-1GPQXSo4jrc3sZDd4A6tg,Brg7pR4KCts
youtube,UC-1GPQXSo4jrc3sZDd4A6tg,kJwdA_-uZhM
youtube,UC-1GPQXSo4jrc3sZDd4A6tg,lr2S4yRmTY8
youtube,UC-1GPQXSo4jrc3sZDd4A6tg,m-MxCmsnqSM
youtube,UC-1GPQXSo4jrc3sZDd4A6tg,PtdpMVNGGgM
youtube,UC-1GPQXSo4jrc3sZDd4A6tg,unsjSwyA0Rs
youtube,UC-1GPQXSo4jrc3sZDd4A6tg,vRYPV-3YPxE
youtube,UC-1GPQXSo4jrc3sZDd4A6tg,WqhxLrccc9s
youtube,UC-1h0LZ59gdjvoxqhuOIYSg,52zTpCfdbg0
youtube,UC-1hI0yW62Bw8p87Fes0-Eg,H6oU4JgQEJM
youtube,UC-1hI0yW62Bw8p87Fes0-Eg,hYO5u2ERpGY
youtube,UC-1hI0yW62Bw8p87Fes0-Eg,t8v1GidXLvg
youtube,UC-1HMeeKUJCzNKvJP6ytM4w,5k53ya60RWk
youtube,UC-1HMeeKUJCzNKvJP6ytM4w,6Ojm0kobtUM
youtube,UC-1HMeeKUJCzNKvJP6ytM4w,dPmN1PS8daI
youtube,UC-1HMeeKUJCzNKvJP6ytM4w,EOhiALOGk8c
youtube,UC-1HMeeKUJCzNKvJP6ytM4w,OjUWwNhacjA
youtube,UC-1HMeeKUJCzNKvJP6ytM4w,Q2qrRgCemxA
youtube,UC-1HMeeKUJCzNKvJP6ytM4w,qpy3a5QCGEY
youtube,UC-1HMeeKUJCzNKvJP6ytM4w,uD2GksmewMM
youtube,UC-1HMeeKUJCzNKvJP6ytM4w,YdEZx2gEs8Q
youtube,UC-1HMeeKUJCzNKvJP6ytM4w,YF3flUd3mM8
youtube,UC-1HMeeKUJCzNKvJP6ytM4w,YSKFFO-4ezo
youtube,UC-1iamxHQ0W0MRJx7Abj1jw,aCvNBhRm2yI
youtube,UC-1IbhxrzkLncVcMfNibt0w,SIuMmdskvoQ
youtube,UC-1ictMttPZRBG_7zH2fa7w,9vMtqMz4PGI
youtube,UC-1ictMttPZRBG_7zH2fa7w,EO9Ij1PhQSs
youtube,UC-1IdAACkTwbSlTwvnMQw2w,3i4xoUmwuRY
youtube,UC-1Ije7uYiGN3BBaL35VCbw,TPwPQpSQVpY
youtube,UC-1ivPANZbzb7ZMQ0VFXXvA,lxunAGwAPwE
youtube,UC-1IWadIA-Ju7cykEctGfEA,GI-QrXrgAjg
youtube,UC-1J3EFrvgRAVdv3vK-d4Mg,Ia90OZ1VVxI
youtube,UC-1J3EFrvgRAVdv3vK-d4Mg,KYuBUV5EUco
youtube,UC-1J3EFrvgRAVdv3vK-d4Mg,XJ_u-UV4uJQ
youtube,UC-1j7i5fQWu14PtPrlot6JQ,j47rbfhgGd8
youtube,UC-1Jah-W8dlToHl_IJsh2nQ,pgkxHKxj6_g
youtube,UC-1JegCGkCNUREdlpXW28Fw,IAznGGEyYV8
youtube,UC-1JegCGkCNUREdlpXW28Fw,MVQBDtqMgvU
youtube,UC-1jfauAIpOzcgtTYAvfFGA,dcPGqotMGxI
youtube,UC-1jhQFBWU88hLge4i-Wa2Q,0qidYbF76Jg
youtube,UC-1jhQFBWU88hLge4i-Wa2Q,_Rb55jPpa3c
youtube,UC-1jhQFBWU88hLge4i-Wa2Q,wuLFPOvRRuQ
youtube,UC-1Jn8VKtyWfLPnhiWm9pwQ,_kyCTB7Ae60
youtube,UC-1jth3q6GTT5A8IhfqlUYg,g_dAstCa2LI
youtube,UC-1jtTZiVvnwAh4cTh2wwlw,K4dGhM36x30
youtube,UC-1KavwT5SMp1OG4kFLOBBw,J21rC3Yz7y0
youtube,UC-1KcqaTMjHVW4nFyHiTe-w,7o1R3U9-36M
youtube,UC-1kDYJZCfxtIG7TedfNXCg,ZubQB9BddBs
youtube,UC-1kkCip45SYoRAtoIh6xzA,I7yNmnAeefA
youtube,UC-1KNQ0TWGynVR_RqbNhP_Q,9rOJbHY1rkM
youtube,UC-1KNQ0TWGynVR_RqbNhP_Q,jRF_-RSqXCs
youtube,UC-1kvh_Nv40nMWnrQCs4Pag,_KMGRJWeFuY
youtube,UC-1kvh_Nv40nMWnrQCs4Pag,CxrOScjJhj8
youtube,UC-1kvh_Nv40nMWnrQCs4Pag,GI60RpiTJ9U
youtube,UC-1kvh_Nv40nMWnrQCs4Pag,wZdOGTKn8Uk
youtube,UC-1kvh_Nv40nMWnrQCs4Pag,yDvn-A03kfg
youtube,UC-1KWMQkcXRuvDAtw8NrijQ,Pe1q137TrS4
youtube,UC-1lqbLHPfZZqAXHaDJ0kgA,BjqkDnxFT70
youtube,UC-1LVmuNWbW3zSVwl0uta4A,9zjZqAM3HhE
youtube,UC-1MBaQV1YlryU-8n6JvRQA,93RHjW4G1ho
youtube,UC-1MeD3XdWNnlbmKAdovo6g,EhhCLu0mlPE
youtube,UC-1MeD3XdWNnlbmKAdovo6g,o-ei5ER6Xi4
youtube,UC-1mNDzoL_J2QoxKuw_1dOw,5gyO2CrCvQ0
youtube,UC-1mNDzoL_J2QoxKuw_1dOw,_XiQXzb9cws
youtube,UC-1mNDzoL_J2QoxKuw_1dOw,A4x8MBruRRg
youtube,UC-1mNDzoL_J2QoxKuw_1dOw,DOF9jzMJW-8
youtube,UC-1mNDzoL_J2QoxKuw_1dOw,eMdQK2WsRBo
youtube,UC-1mNDzoL_J2QoxKuw_1dOw,ePyN-ctql4M
youtube,UC-1mNDzoL_J2QoxKuw_1dOw,hIm52eaJQz8
youtube,UC-1mNDzoL_J2QoxKuw_1dOw,JgRCbl4h6MY
youtube,UC-1mNDzoL_J2QoxKuw_1dOw,KEf1rZ0C5tc
youtube,UC-1mNDzoL_J2QoxKuw_1dOw,lJB8ngYhf9I
youtube,UC-1mNDzoL_J2QoxKuw_1dOw,LlCgeP2wGqk
youtube,UC-1mNDzoL_J2QoxKuw_1dOw,M97slJwTLkQ
youtube,UC-1mNDzoL_J2QoxKuw_1dOw,mwuBRLICzXs
youtube,UC-1mNDzoL_J2QoxKuw_1dOw,np8y84zd8PY
youtube,UC-1mNDzoL_J2QoxKuw_1dOw,pAHUpJ-e9qU
youtube,UC-1mNDzoL_J2QoxKuw_1dOw,Qk12tuoHD2M
youtube,UC-1mNDzoL_J2QoxKuw_1dOw,qlhGlqj1swI
youtube,UC-1mNDzoL_J2QoxKuw_1dOw,Sh9nQcRjcQw
youtube,UC-1mNDzoL_J2QoxKuw_1dOw,ShuR4i3aaJg
youtube,UC-1mNDzoL_J2QoxKuw_1dOw,UXiSS2gJCyQ
youtube,UC-1mNDzoL_J2QoxKuw_1dOw,VtQ-s2wcudk
youtube,UC-1mNDzoL_J2QoxKuw_1dOw,wf4a0CAH3fE
youtube,UC-1mNDzoL_J2QoxKuw_1dOw,XlfuUfCA8yI
youtube,UC-1mNDzoL_J2QoxKuw_1dOw,XtApSRvEntI
youtube,UC-1mNDzoL_J2QoxKuw_1dOw,yAisgClYJFo
youtube,UC-1N1wn7xA_Wc3lXEaO8d6g,zcTlY5fz3iA
youtube,UC-1nFIbS_28CLxW2caaEDYw,Iwasi7S0zwk
youtube,UC-1NjiOeOvEHyzPNlic9JjQ,_SPMABAIixE
youtube,UC-1NjiOeOvEHyzPNlic9JjQ,aOSoNvpYH7w
youtube,UC-1NjiOeOvEHyzPNlic9JjQ,Qqn2VhQhp-8
youtube,UC-1NjiOeOvEHyzPNlic9JjQ,W23sW834dIk
youtube,UC-1njP0LBwDYudkAgMc42FA,cXIoWHTZpug
youtube,UC-1njP0LBwDYudkAgMc42FA,hyUEZTA-YJQ
youtube,UC-1njP0LBwDYudkAgMc42FA,Iwasi7S0zwk
youtube,UC-1nVyuy9fYzCkcSIV3DlwQ,ewtjNWrbajU
youtube,UC-1Obw4O3FMykgKQUBE9mww,9IlAiLy0PPQ
youtube,UC-1OGgSxHMWU8LlLrrcQCEQ,H6oU4JgQEJM
youtube,UC-1OOiyUkCXeXAF6CVwrQZw,CuHBpFHQu60
youtube,UC-1OOiyUkCXeXAF6CVwrQZw,PQn-6GCD5F4
youtube,UC-1OpdpTNQDKnGBsVXizxuw,vrd09DxKQ08
youtube,UC-1Oz2Xl8QBQ1Y7x0IUxkjg,wT0hG1f79Q4
youtube,UC-1oz7pZZyV9vjP4nMKrcrg,ktc8EYmhB4o
youtube,UC-1pFpK4eooFt5W9TTbfemQ,KYuBUV5EUco
youtube,UC-1phkYpvYPVF0cQRc6bNJA,u85SnAfzcYA
youtube,UC-1PMGZoBhCOEdElf6tHEsw,xRK2VziNUgc
youtube,UC-1pS0V2H9iVhiW7-kBxG-Q,JOcYFp9PYD0
youtube,UC-1qxG-Z7kIf9XBmBbZO8SQ,AgtwfHNEqhs
youtube,UC-1Qy3Afcwdi8lyqrUmW6Tg,1Am-BvAv9dc
youtube,UC-1Qy3Afcwdi8lyqrUmW6Tg,99WNa4MV5o8
youtube,UC-1Qy3Afcwdi8lyqrUmW6Tg,i2OvRKVO0-s
youtube,UC-1R_WaET-SDdAzDmUDyjFg,nPTcmB4Pgo8
youtube,UC-1r_YH46weQk6vkPWJdvtw,5eueeEHRMfA
youtube,UC-1RrOzwhsUJAbjSKNOE22w,ylRYQKeTfnI
youtube,UC-1s1peWvUQcdl5imqbP0Og,9TK_HU4li_k
youtube,UC-1sCnCAbP096K-xjAJBAUg,VamugD0wSrc
youtube,UC-1SelxLu7t4vwKuThbeTug,-KD4xcSfhZ0
youtube,UC-1SGnIKEZX8PYCRb2ZQ9aA,Ds8rB8vLMBU
youtube,UC-1SlRT4fRoLeBHCgrMi5xQ,09LSf6gh1YM
youtube,UC-1T7eXO0R9VAu1T-58BDNA,1KXUzMqP42k
youtube,UC-1T7eXO0R9VAu1T-58BDNA,2y5VvtdRbx4
youtube,UC-1T7eXO0R9VAu1T-58BDNA,2YeTgHeIiUA
youtube,UC-1T7eXO0R9VAu1T-58BDNA,2YhFUeZZrbs
youtube,UC-1T7eXO0R9VAu1T-58BDNA,3i4xoUmwuRY
youtube,UC-1T7eXO0R9VAu1T-58BDNA,4QXgqO__Ds4
youtube,UC-1T7eXO0R9VAu1T-58BDNA,4VurWTJkiBU
youtube,UC-1T7eXO0R9VAu1T-58BDNA,5eueeEHRMfA
youtube,UC-1T7eXO0R9VAu1T-58BDNA,6fqfm3aIwmM
youtube,UC-1T7eXO0R9VAu1T-58BDNA,6NI8YjHit8Y
youtube,UC-1T7eXO0R9VAu1T-58BDNA,7xPAqPbhDaY
youtube,UC-1T7eXO0R9VAu1T-58BDNA,_kyCTB7Ae60
youtube,UC-1T7eXO0R9VAu1T-58BDNA,aq9OXGxxwo4
youtube,UC-1T7eXO0R9VAu1T-58BDNA,ba9HnipUOGA
youtube,UC-1T7eXO0R9VAu1T-58BDNA,bnOQuORy8zQ
youtube,UC-1T7eXO0R9VAu1T-58BDNA,BTFA4CgM40Y
youtube,UC-1T7eXO0R9VAu1T-58BDNA,BwdcG9va6ek
youtube,UC-1T7eXO0R9VAu1T-58BDNA,c5mNtnGDotU
youtube,UC-1T7eXO0R9VAu1T-58BDNA,CDIIlwEOdIk
youtube,UC-1T7eXO0R9VAu1T-58BDNA,cHYLL1W3RZw
youtube,UC-1T7eXO0R9VAu1T-58BDNA,Cp0WJP3TcS8
youtube,UC-1T7eXO0R9VAu1T-58BDNA,dZcX0Zu-QhU
youtube,UC-1T7eXO0R9VAu1T-58BDNA,F48qzctOzCk
youtube,UC-1T7eXO0R9VAu1T-58BDNA,F8tEUwzHwTM
youtube,UC-1T7eXO0R9VAu1T-58BDNA,fF61LvMi8YI
youtube,UC-1T7eXO0R9VAu1T-58BDNA,FnNn942jSuc
youtube,UC-1T7eXO0R9VAu1T-58BDNA,gvjCZT57evc
youtube,UC-1T7eXO0R9VAu1T-58BDNA,HCskFJyQchk
youtube,UC-1T7eXO0R9VAu1T-58BDNA,IHBom84ZWxk
youtube,UC-1T7eXO0R9VAu1T-58BDNA,Iwasi7S0zwk
youtube,UC-1T7eXO0R9VAu1T-58BDNA,JqFx1oNUP5E
youtube,UC-1T7eXO0R9VAu1T-58BDNA,KaoTcH5tWRo
youtube,UC-1T7eXO0R9VAu1T-58BDNA,l7k2ih1wRhE
youtube,UC-1T7eXO0R9VAu1T-58BDNA,l9HHOGfqlb4
youtube,UC-1T7eXO0R9VAu1T-58BDNA,LfT70mK1MrA
youtube,UC-1T7eXO0R9VAu1T-58BDNA,LW3YmQA8M4I
youtube,UC-1T7eXO0R9VAu1T-58BDNA,mfaComDoKLE
youtube,UC-1T7eXO0R9VAu1T-58BDNA,MtMlwRIflq0
youtube,UC-1T7eXO0R9VAu1T-58BDNA,mw5lQKO3s8I
youtube,UC-1T7eXO0R9VAu1T-58BDNA,n7nEH7Gx2hE
youtube,UC-1T7eXO0R9VAu1T-58BDNA,P-nDXcStqk4
youtube,UC-1T7eXO0R9VAu1T-58BDNA,qeXBriViYLo
youtube,UC-1T7eXO0R9VAu1T-58BDNA,QlB8dIqubGA
youtube,UC-1T7eXO0R9VAu1T-58BDNA,QxYwG9QRrvo
youtube,UC-1T7eXO0R9VAu1T-58BDNA,RTUlawFFKJ8
youtube,UC-1T7eXO0R9VAu1T-58BDNA,rXiSHPlJ5kI
youtube,UC-1T7eXO0R9VAu1T-58BDNA,s5JwuDhEKDk
youtube,UC-1T7eXO0R9VAu1T-58BDNA,t09htpZ7ffM
youtube,UC-1T7eXO0R9VAu1T-58BDNA,tCGKsIPM1C4
youtube,UC-1T7eXO0R9VAu1T-58BDNA,UGiPOXWWiD4
youtube,UC-1T7eXO0R9VAu1T-58BDNA,V1BvrUPZFXA
youtube,UC-1T7eXO0R9VAu1T-58BDNA,VaHeq8T479c
youtube,UC-1T7eXO0R9VAu1T-58BDNA,ViRNbZy6aag
youtube,UC-1T7eXO0R9VAu1T-58BDNA,vZC9OKh1nag
youtube,UC-1T7eXO0R9VAu1T-58BDNA,WICtMa6ukI4
youtube,UC-1T7eXO0R9VAu1T-58BDNA,yt_AJ2YUDw4
youtube,UC-1T7eXO0R9VAu1T-58BDNA,yxwSqDhXjiA
youtube,UC-1tmki4_Y4_5oV3a0_IDLA,Jl0LoZRrImo
youtube,UC-1U8zLusGmRUzwrZyRVf8w,IxfN6ugPjoM
youtube,UC-1UaP2NXJzc69hyYrA7XYg,v57m1nRYkD4
youtube,UC-1UP3O8YS_JK4kQI1nE9Qw,0E8xqn5EPew
youtube,UC-1UP3O8YS_JK4kQI1nE9Qw,d18RfAMAY1M
youtube,UC-1UP3O8YS_JK4kQI1nE9Qw,R-GubRU_b50
youtube,UC-1urlec_3oQndf9IjCaeww,kc0zUo7Z0wg
youtube,UC-1uXBkNblh4FpvMwacysxA,whSGN61XiQs
youtube,UC-1vcSRKRNXyzHDOswANCBw,9PWSH5FsxxM
youtube,UC-1vF_olMdySVPBIs7RU2jQ,A2iS6SovBrw
youtube,UC-1wTt8IjmOpwTmfE2_d6Vg,-R1E9TdUCYQ
youtube,UC-1Xj0Qbc2_cIEvCdtBiKUw,x_D4U1dusEc
youtube,UC-1xLQ2F2GrCTiIGaBJkQ9w,nLCLsTLXkkI
youtube,UC-1xZAbT2u-qfZowJZrxLSQ,c_dfKIqKGI0
youtube,UC-1xZAbT2u-qfZowJZrxLSQ,DP64WCJZhMw
youtube,UC-1xZAbT2u-qfZowJZrxLSQ,KbTOjQ34LTM
youtube,UC-1yq04Bdu1vCaYduUQ_8oQ,BFzM2A_zYdk
youtube,UC-1ywcllspuNzZbOeBzmRTQ,Ep7TiflmJGo
youtube,UC-1Z5rmv1YzqBIm_0odL0kg,7y4kMmxXSgU
youtube,UC-1ZOTOJGJIXsbMT-BjRxHQ,9rbxtbNgBz4
youtube,UC-1ZOTOJGJIXsbMT-BjRxHQ,IAv5r9oCSFM
youtube,UC-1ZOTOJGJIXsbMT-BjRxHQ,rBj0xQmhcBg
youtube,UC-1ZOTOJGJIXsbMT-BjRxHQ,rByKjrgVKkI
youtube,UC-1ZOTOJGJIXsbMT-BjRxHQ,zKVkixLh9fk
youtube,UC-2-Bs2DdCcfgDY215MwrZQ,ktc8EYmhB4o
youtube,UC-2-HyZ_CPJeO0XUb0pdCZA,VkxPW0P2g4k
youtube,UC-20vSUwYsAUs_bPgvUuyug,V-dN9pfQGy8
youtube,UC-21aCaOI1xGCjlHzS7mxLA,9rsJgiF41cA
youtube,UC-21CGK4E5Bv71X-r2AbOsA,JOcYFp9PYD0
youtube,UC-21CGK4E5Bv71X-r2AbOsA,kP7m_aH_Dv0
youtube,UC-21CGK4E5Bv71X-r2AbOsA,smb4mFZRvFQ
youtube,UC-21CGK4E5Bv71X-r2AbOsA,x_D4U1dusEc
youtube,UC-23FB6B5wClDQofLX8jTrw,-WzZ9zqBuQs
youtube,UC-23FB6B5wClDQofLX8jTrw,09LSf6gh1YM
youtube,UC-23FB6B5wClDQofLX8jTrw,2J-j3YdZ1sE
youtube,UC-23FB6B5wClDQofLX8jTrw,3tTXJ2wszT8
youtube,UC-23FB6B5wClDQofLX8jTrw,4KSA70LTpz0
youtube,UC-23FB6B5wClDQofLX8jTrw,bBsrwrbD9VM
youtube,UC-23FB6B5wClDQofLX8jTrw,DE_xyRE7qCc
youtube,UC-23FB6B5wClDQofLX8jTrw,i2OvRKVO0-s
youtube,UC-23FB6B5wClDQofLX8jTrw,Isk9xKivBUo
youtube,UC-23FB6B5wClDQofLX8jTrw,J25PlJy3U9k
youtube,UC-23FB6B5wClDQofLX8jTrw,JuYnKYfbGdQ
youtube,UC-23FB6B5wClDQofLX8jTrw,LAvBfuuWjZk
youtube,UC-23FB6B5wClDQofLX8jTrw,Lg4eU0d3wIo
youtube,UC-23FB6B5wClDQofLX8jTrw,m42-090ZtSU
youtube,UC-23FB6B5wClDQofLX8jTrw,mr-dPTVvvuM
youtube,UC-23FB6B5wClDQofLX8jTrw,O-yO7eoogtg
youtube,UC-23FB6B5wClDQofLX8jTrw,pq5asMnTKPQ
youtube,UC-23FB6B5wClDQofLX8jTrw,PQn-6GCD5F4
youtube,UC-23FB6B5wClDQofLX8jTrw,PuyNC3jAQ2M
youtube,UC-23FB6B5wClDQofLX8jTrw,qPs42X0JWAY
youtube,UC-23FB6B5wClDQofLX8jTrw,rcRyLWvvsg0
youtube,UC-23FB6B5wClDQofLX8jTrw,RMq3dlM1FZ0
youtube,UC-23FB6B5wClDQofLX8jTrw,T3wKv2HLzHs
youtube,UC-23FB6B5wClDQofLX8jTrw,tp_EA0NfTCk
youtube,UC-23FB6B5wClDQofLX8jTrw,UJtXaAY0-Go
youtube,UC-23FB6B5wClDQofLX8jTrw,v_zxLFH17YA
youtube,UC-23OzC9-6gY5V-IFmyTb0w,AHOaegd8hcE
youtube,UC-24a_k4ltKHNJKEAbM9B7A,bTMogXZRVsQ
youtube,UC-24kIzFyxDf04Nw29xYm_w,e39V2Osx6wk
youtube,UC-25cEnPFDAEnfkXsS6plwg,zIYWbxBfe7s
youtube,UC-263BAcIY-fLvq8DwX9n_g,JOcYFp9PYD0
youtube,UC-263BAcIY-fLvq8DwX9n_g,Vg1yZRIc4M8
youtube,UC-2691_XNkOaz-w7GmRBb8Q,b3ZGuWVn4hI
youtube,UC-2691_XNkOaz-w7GmRBb8Q,X7kuJWH-xek
youtube,UC-26TEGmaKRV-qiEyaa4ziA,3i4xoUmwuRY
youtube,UC-26uANtHgQVX2enq_e5Hqw,pZrJtGcmXrk
youtube,UC-27DEzEAZ4--9gmjL58mSA,zARgkIIpx5s
youtube,UC-27jyMdmBY2y5MFJaGfjlA,Ep7TiflmJGo
youtube,UC-27jyMdmBY2y5MFJaGfjlA,gdM-lMmEbBE
youtube,UC-27jyMdmBY2y5MFJaGfjlA,INyiVagJXvg
youtube,UC-27jyMdmBY2y5MFJaGfjlA,oKCKbWhrrEo
youtube,UC-27vhyCEfu6L0dvJm01kVQ,s1eIbMgZ-LU
youtube,UC-280CdODgWSv8Zy693qxaQ,1gMhX894MZA
youtube,UC-280CdODgWSv8Zy693qxaQ,4FNmoax0qXE
youtube,UC-280CdODgWSv8Zy693qxaQ,AuP0Y9Slvyk
youtube,UC-280CdODgWSv8Zy693qxaQ,D-8iBh6b4BA
youtube,UC-280CdODgWSv8Zy693qxaQ,EF1_hBmF8EQ
youtube,UC-280CdODgWSv8Zy693qxaQ,gbvG1MjLRQ0
youtube,UC-280CdODgWSv8Zy693qxaQ,hyUEZTA-YJQ
youtube,UC-280CdODgWSv8Zy693qxaQ,Iwasi7S0zwk
youtube,UC-280CdODgWSv8Zy693qxaQ,jaCGUwD9CGg
youtube,UC-288ckYe9_l-cpuU0a9BjQ,6DkVxFEyAss
youtube,UC-288ckYe9_l-cpuU0a9BjQ,hOKtVoVClPM
youtube,UC-28hylkO54ABh-A6G4B-9Q,7xPAqPbhDaY
youtube,UC-2awz4maP0cN-OWiCmf_EA,Q4YWZHfKSXI
youtube,UC-2awz4maP0cN-OWiCmf_EA,zbbswBr8ZmQ
youtube,UC-2B7kSyHgOOlwgsAqxj7qg,R9VrhWS7m_E
youtube,UC-2BDrOdgr0F-uiJOinuqTg,Br2vp4Yp5HY
youtube,UC-2bnFipQesvPqQzy9_iSFQ,QX1nVDTcUcg
youtube,UC-2cc30lObAVmdACzC3U-sw,hYO5u2ERpGY
youtube,UC-2D3xmBUpjTf2EYsACbmEQ,Cp0WJP3TcS8
youtube,UC-2D3xmBUpjTf2EYsACbmEQ,xLsQ1A8W0Vw
youtube,UC-2D_rMI6sM2prg9fHZd9aA,bTMogXZRVsQ
youtube,UC-2D_rMI6sM2prg9fHZd9aA,Iml90Kb1s94
youtube,UC-2D_rMI6sM2prg9fHZd9aA,lxuX1tUM1z4
youtube,UC-2D_rMI6sM2prg9fHZd9aA,Q-fFJzKNIKw
youtube,UC-2D_rMI6sM2prg9fHZd9aA,UA_eSh4Ag-U
youtube,UC-2EcphjGzC63QriOUmejZQ,2y5VvtdRbx4
youtube,UC-2effFD5GNFxUSLVLADoLg,3i4xoUmwuRY
youtube,UC-2effFD5GNFxUSLVLADoLg,g-PopTqpdHc
youtube,UC-2effFD5GNFxUSLVLADoLg,Iwasi7S0zwk
youtube,UC-2effFD5GNFxUSLVLADoLg,tV7ca_WEloM
youtube,UC-2EibckCtCqSuN0sBRdTIw,09LSf6gh1YM
youtube,UC-2ej32CPW09KUiZG3HHEpQ,0nZmLMa1hDo
youtube,UC-2eRmmOosjBILdt3fe2Vzw,sN7zPeGs4R8
youtube,UC-2ErOg2dx28ahVYIYyoJEQ,wiMm6sn0tjY
youtube,UC-2f5wCkpg5TLNV7Cc6-eWA,4yWtJ7h7U7U
youtube,UC-2f5wCkpg5TLNV7Cc6-eWA,7E7sgB3P2i8
youtube,UC-2f5wCkpg5TLNV7Cc6-eWA,DcKxNxZ7668
youtube,UC-2f5wCkpg5TLNV7Cc6-eWA,kcWQCgRFY10
youtube,UC-2f5wCkpg5TLNV7Cc6-eWA,M1dwmUoxrvw
youtube,UC-2f5wCkpg5TLNV7Cc6-eWA,olWWg95CGV8
youtube,UC-2f5wCkpg5TLNV7Cc6-eWA,oPrn8sqmhdM
youtube,UC-2f5wCkpg5TLNV7Cc6-eWA,oqLru2UIrAk
youtube,UC-2f5wCkpg5TLNV7Cc6-eWA,PuyNC3jAQ2M
youtube,UC-2f5wCkpg5TLNV7Cc6-eWA,TskGnMnKfYc
youtube,UC-2f5wCkpg5TLNV7Cc6-eWA,Tw2BrAGJaCQ
youtube,UC-2f5wCkpg5TLNV7Cc6-eWA,wsZWY-qa9Ew
youtube,UC-2f5wCkpg5TLNV7Cc6-eWA,Xc82pXqoHK0
youtube,UC-2fbLdYFYc1itu9LGqwqyg,bTMogXZRVsQ
youtube,UC-2fD1adwk64tR50Neb-mQA,R87oR3silk0
youtube,UC-2FdTTiEhM2RbP9Hq7Ez5Q,SvDGhSX6mHs
youtube,UC-2FFe0NxRsrIV_DCiFyz2g,qjqGZipGe0A
youtube,UC-2FIw7xd9GIoa0KaSh4VLQ,NlI5QuPGoqA
youtube,UC-2fNuZY_G9hqIswhqgMt7g,OENbgAhnVWM
youtube,UC-2fNuZY_G9hqIswhqgMt7g,UqJkWjEGCzI
youtube,UC-2G8W6LuGrh1uW96WBjBGQ,1JEj-jGtpzY
youtube,UC-2G8W6LuGrh1uW96WBjBGQ,APn0PorinPM
youtube,UC-2G8W6LuGrh1uW96WBjBGQ,NmVqxcBqo0Q
youtube,UC-2GAI0Sg5cvQbuhnGUm5oQ,SLq9-R4jQxo
youtube,UC-2GAI0Sg5cvQbuhnGUm5oQ,wiMm6sn0tjY
youtube,UC-2gDMyWer4VDWno0AT0bmA,J12B-NoRFHc
youtube,UC-2gF0BX0cpMpfTa0yllHbQ,2XImbS_BRLs
youtube,UC-2gF0BX0cpMpfTa0yllHbQ,FQj0vjECBaE
youtube,UC-2gF0BX0cpMpfTa0yllHbQ,iQKc_paVejM
youtube,UC-2gF0BX0cpMpfTa0yllHbQ,mRklDd5H0fo
youtube,UC-2gF0BX0cpMpfTa0yllHbQ,pgkxHKxj6_g
youtube,UC-2gF0BX0cpMpfTa0yllHbQ,qX9SCAF6dhA
youtube,UC-2gF0BX0cpMpfTa0yllHbQ,rHd6qo6CpMI
youtube,UC-2gF0BX0cpMpfTa0yllHbQ,yi-Oh4rLvVU
youtube,UC-2gF0BX0cpMpfTa0yllHbQ,ylF_aCYui3c
youtube,UC-2gjhtPl-Z-IN0K5AJLxwA,VaKIDyU2O4A
youtube,UC-2GJkhLjyj72ItozRbrnuA,58k4QOq06qc
youtube,UC-2GJkhLjyj72ItozRbrnuA,npsZ7FBbPHg
youtube,UC-2gSe49-dwgIzMJJ3xviXw,atcXJXJf5Mw
youtube,UC-2hIiEykRnXUGohPOpeSRQ,tuKIVtFNqsw
youtube,UC-2HncsuFGYSU4btpwUlJaQ,2IuDzzoeh4Q
youtube,UC-2hsRJFv6vGCEli0T9y4lQ,SoaNAQHkZyE
youtube,UC-2hXM76cSLx4amu4Kj4OoA,eMIaTOasjyo
youtube,UC-2hXM76cSLx4amu4Kj4OoA,ksCml2LMHsg
youtube,UC-2hXM76cSLx4amu4Kj4OoA,m18bEydz_Mc
youtube,UC-2I8fmKKPUwG_NjulEjfHg,tj71FvSNJps
youtube,UC-2IePJ6Nb7CcPS6RnW2slA,9jFZiMZM2NA
youtube,UC-2IrUds185SkX5-PGCaxsg,1XgMMjsKlkE
youtube,UC-2IrUds185SkX5-PGCaxsg,8fMr0D3PJhM
youtube,UC-2IrUds185SkX5-PGCaxsg,DTvXoF-ZTMM
youtube,UC-2IrUds185SkX5-PGCaxsg,hBaHrIwvWD8
youtube,UC-2IrUds185SkX5-PGCaxsg,TeqtdhvyLkg
youtube,UC-2IWgrN2Xcu7Dk7yAfqx1Q,xj02S2waGOw
youtube,UC-2IZSCRFljdqO5ISs4j91w,9EHxEXnYw3Y
youtube,UC-2IZSCRFljdqO5ISs4j91w,DDHozKJOSaA
youtube,UC-2IZSCRFljdqO5ISs4j91w,FKMEpxgRSMw
youtube,UC-2IZSCRFljdqO5ISs4j91w,j47rbfhgGd8
youtube,UC-2IZSCRFljdqO5ISs4j91w,MOM0-tkHZjk
youtube,UC-2IZSCRFljdqO5ISs4j91w,MsPVGi2_llw
youtube,UC-2IZSCRFljdqO5ISs4j91w,v57m1nRYkD4
youtube,UC-2kI8Q1XKJhZvpVOIgqC3A,3jwe9FgB06U
youtube,UC-2kI8Q1XKJhZvpVOIgqC3A,4oW1Y9tu3Oc
youtube,UC-2kI8Q1XKJhZvpVOIgqC3A,fYjbO6X5WOs
youtube,UC-2kI8Q1XKJhZvpVOIgqC3A,hyUEZTA-YJQ
youtube,UC-2kI8Q1XKJhZvpVOIgqC3A,kcAqrCAZnBg
youtube,UC-2kI8Q1XKJhZvpVOIgqC3A,LjxXnldlfwQ
youtube,UC-2kI8Q1XKJhZvpVOIgqC3A,mdmybK6AsAc
youtube,UC-2kI8Q1XKJhZvpVOIgqC3A,oKCKbWhrrEo
youtube,UC-2kI8Q1XKJhZvpVOIgqC3A,Tw2BrAGJaCQ
youtube,UC-2kI8Q1XKJhZvpVOIgqC3A,yE4HoFMOaOc
youtube,UC-2kiJOnRH9TB-xq2PYfGPA,xj02S2waGOw
youtube,UC-2kJv6nHyDEB1XP8yEgBKQ,svknmFMNK6s
youtube,UC-2kvJ54uNivOh28qHFyWPg,mN5XtwzyKj0
youtube,UC-2L6zwqa1OUQsSCLf8WrDg,79ACo4016wA
youtube,UC-2lN7XHFOswd_CU76xs-Ww,b82t-k_HLt8
youtube,UC-2lN7XHFOswd_CU76xs-Ww,JL8qE2-Duww
youtube,UC-2MlMjnhXWavrjjWRKIkdg,D_cYYeieL1A
youtube,UC-2Mv7fUPKS8uZIniTJkicA,9-Ciw9V6VN8
youtube,UC-2Mv7fUPKS8uZIniTJkicA,T5KaYwfuM3Q
youtube,UC-2NbQ3bwUNQGFmazh_md6w,jS4A-goEQM0
youtube,UC-2ng_MVt6K25aE7ig2AzRQ,saqvNOH_w2s
youtube,UC-2ng_MVt6K25aE7ig2AzRQ,SpzWZFG2X8E
youtube,UC-2nHgvrXMNpp-bU3rR7wfA,tj71FvSNJps
youtube,UC-2nmI2ZUIQAPNdtjJ15uKw,9jFZiMZM2NA
youtube,UC-2nmI2ZUIQAPNdtjJ15uKw,AgtwfHNEqhs
youtube,UC-2nmI2ZUIQAPNdtjJ15uKw,B1q2AFJFFi0
youtube,UC-2nmI2ZUIQAPNdtjJ15uKw,GAaEDSfgh94
youtube,UC-2nmI2ZUIQAPNdtjJ15uKw,LXqrxI89-Ls
youtube,UC-2nmI2ZUIQAPNdtjJ15uKw,MlCb3biwXn4
youtube,UC-2nmI2ZUIQAPNdtjJ15uKw,o3-PGMHGpRc
youtube,UC-2nmI2ZUIQAPNdtjJ15uKw,S7fiawg8J_4
youtube,UC-2nmI2ZUIQAPNdtjJ15uKw,uH6j5Fv9GpU
youtube,UC-2nmI2ZUIQAPNdtjJ15uKw,WXEts6iRdKQ
youtube,UC-2nmI2ZUIQAPNdtjJ15uKw,yeleMVHbs-s
youtube,UC-2nmI2ZUIQAPNdtjJ15uKw,yITf8QMbioE
youtube,UC-2nyMRN6kXVLlAWOEDP3xQ,GCVNBUeFKJM
youtube,UC-2nyMRN6kXVLlAWOEDP3xQ,KYuBUV5EUco
youtube,UC-2NYYGwN_Z9vsii1JlkgdA,xj02S2waGOw
youtube,UC-2o1zaoMmL0BUueC6qCsww,-KD4xcSfhZ0
youtube,UC-2oQGMuOAZTMWG1eoKkxWQ,EgNRI_a8VSQ
youtube,UC-2orbAG38P_-E0FvzxbjDw,yZPDUGkosXY
youtube,UC-2PaNszo16QbOTGxukm2kg,Xya5X5hln_8
youtube,UC-2q77jrqo9suk5ij4ssKfg,RrWk0qFwGqo
youtube,UC-2QA03ijag0p1AFutATQHA,zOjc8foVTF0
youtube,UC-2qELJ1Z8HA_mvqnPYw1NQ,JQimTHI33Sg
youtube,UC-2qELJ1Z8HA_mvqnPYw1NQ,rBeu_TJjD9A
youtube,UC-2qkL0CJ6jEuOApExEqeJA,acL-TpTtiv8
youtube,UC-2QsbxkmIWtRktzTjAecWw,cWFEzckhTio
youtube,UC-2r8WVEWoGvHHZVBDW72cw,uFnm7plzitU
youtube,UC-2rJtFHxlXmcYMWF0pe6-A,6N2AXLXU7xE
youtube,UC-2Rq2ZB3nQP3HpUhU-Qv8g,-GS-fVtHbww
youtube,UC-2Rq2ZB3nQP3HpUhU-Qv8g,09LSf6gh1YM
youtube,UC-2Rq2ZB3nQP3HpUhU-Qv8g,1MM1cWV27BE
youtube,UC-2Rq2ZB3nQP3HpUhU-Qv8g,6298x2ksfdw
youtube,UC-2Rq2ZB3nQP3HpUhU-Qv8g,7BW19fhyhgA
youtube,UC-2Rq2ZB3nQP3HpUhU-Qv8g,7htcDIEpdwY
youtube,UC-2Rq2ZB3nQP3HpUhU-Qv8g,8DEGBLF_ZDA
youtube,UC-2Rq2ZB3nQP3HpUhU-Qv8g,_DbdLTmrZAo
youtube,UC-2Rq2ZB3nQP3HpUhU-Qv8g,CwWbCK11CME
youtube,UC-2Rq2ZB3nQP3HpUhU-Qv8g,EtGbfG3UoD4
youtube,UC-2Rq2ZB3nQP3HpUhU-Qv8g,I1hA6yy8i-A
youtube,UC-2Rq2ZB3nQP3HpUhU-Qv8g,iyKxyAWuUPw
youtube,UC-2Rq2ZB3nQP3HpUhU-Qv8g,JuYnKYfbGdQ
youtube,UC-2Rq2ZB3nQP3HpUhU-Qv8g,Kl85UG0otxk
youtube,UC-2Rq2ZB3nQP3HpUhU-Qv8g,knYMzaOFIn0
youtube,UC-2Rq2ZB3nQP3HpUhU-Qv8g,lASWXQ5x3vc
youtube,UC-2Rq2ZB3nQP3HpUhU-Qv8g,lr0YyT-bVxw
youtube,UC-2Rq2ZB3nQP3HpUhU-Qv8g,O-UhLpKM2Tg
youtube,UC-2Rq2ZB3nQP3HpUhU-Qv8g,ODvuVboXgKE
youtube,UC-2Rq2ZB3nQP3HpUhU-Qv8g,R-GubRU_b50
youtube,UC-2Rq2ZB3nQP3HpUhU-Qv8g,Rbgh1A6HqkQ
youtube,UC-2Rq2ZB3nQP3HpUhU-Qv8g,uH_hy3fAIbI
youtube,UC-2Rq2ZB3nQP3HpUhU-Qv8g,who0UKZ5mnM
youtube,UC-2Rq2ZB3nQP3HpUhU-Qv8g,y7viz1IRN58
youtube,UC-2Rq2ZB3nQP3HpUhU-Qv8g,yh97K1ccxx8
youtube,UC-2Rq2ZB3nQP3HpUhU-Qv8g,ZZLSSlZn2hQ
youtube,UC-2RtUf4fBmhWBPFuk5VVmQ,_j0bk5GawQ0
youtube,UC-2RtUf4fBmhWBPFuk5VVmQ,CbD38jetjt0
youtube,UC-2RtUf4fBmhWBPFuk5VVmQ,SpzWZFG2X8E
youtube,UC-2sn4TxYyy2nIKiBxxZjyw,B_gGSgITEyU
youtube,UC-2sn4TxYyy2nIKiBxxZjyw,GFIjb7Jg2Oo
youtube,UC-2SRfCKioOaTTB9cQ4YUqg,5VX5ZI_rAyM
youtube,UC-2SRfCKioOaTTB9cQ4YUqg,hCLIquQv774
youtube,UC-2SRfCKioOaTTB9cQ4YUqg,wiMm6sn0tjY
youtube,UC-2SRfCKioOaTTB9cQ4YUqg,yOX4ciBsUV8
youtube,UC-2SzChXUyMQ3dE3c0cpyeg,juEjXCjrYf8
youtube,UC-2SzChXUyMQ3dE3c0cpyeg,YqFITJw8nc0
youtube,UC-2t3n23oGeCvMCSOgMgYXg,cvyz8fuz3o8
youtube,UC-2t3n23oGeCvMCSOgMgYXg,hD2B3ZHFq5s
youtube,UC-2t3n23oGeCvMCSOgMgYXg,QI4YkmQy6BU
youtube,UC-2t7nOEVb_p2t0SoxC9heA,hjabuq0joBs
youtube,UC-2t7nOEVb_p2t0SoxC9heA,QSAiPyxJd7A
youtube,UC-2t7nOEVb_p2t0SoxC9heA,YbYXyuHDjSU
youtube,UC-2TfkGhNmJ2st5KZ3xALdA,ee2zmSQ4il0
youtube,UC-2tvPcd8XglChlD-R7SnUg,nLCLsTLXkkI
youtube,UC-2ugh2dfrtOGucVTaDzMqg,npsZ7FBbPHg
youtube,UC-2unnHK9DaOHKVAffrpepQ,NYnM0aGq4W4
youtube,UC-2uQCYsmqYvvjYx5xOrZVA,ly4hZ70hJ28
youtube,UC-2v-FxU0iPvXJZY3O8HAuw,BfDyXj4B9Fg
youtube,UC-2V0bnqhCZgJJyFp4ypHXw,09LSf6gh1YM
youtube,UC-2V0bnqhCZgJJyFp4ypHXw,ISLO3ytIBcE
youtube,UC-2V0bnqhCZgJJyFp4ypHXw,t6rjvTm-E0Q
youtube,UC-2Va3EZholMIL6Cua3j31Q,hRuJlmERsN8
youtube,UC-2Va3EZholMIL6Cua3j31Q,kckt-indRoQ
youtube,UC-2vMamaCmlEUYZKlKayKfA,QEEJSjdCqDw
youtube,UC-2vpQHb_3yduVKQwuzFCKQ,kvbF8rIR694
youtube,UC-2WBY2lraqIC-j9mFmZr1w,p-kwqpg3-nI
youtube,UC-2WCeRnkSpDgFkVdRPHpTg,_WMv67OKdlE
youtube,UC-2WCeRnkSpDgFkVdRPHpTg,uwhY64-ktxg
youtube,UC-2WrR4jsSJ8i7U37mKpm1A,A1jgTsG-Wdk
youtube,UC-2Wts3ChZHgKJP-0vx_NVg,NFZJcWSi4Yw
youtube,UC-2WWekITlv8yC-RS3f47sw,hRuJlmERsN8
youtube,UC-2WWekITlv8yC-RS3f47sw,U65DAI4DCuA
youtube,UC-2xa9pFmQw428k_T9UFqLA,WgxAVUbyqek
youtube,UC-2Xgdx3BNGcw5Vf-3b4ufQ,QvUImi2dU6Y
youtube,UC-2xP1g60mqI4H3VOlV99xw,AgtwfHNEqhs
youtube,UC-2XQ818Sgy9fNOa-Ma8meA,wiMm6sn0tjY
youtube,UC-2xVVMCfZRkERUHOiPq3mw,dMo5ORwFEBU
youtube,UC-2xVVMCfZRkERUHOiPq3mw,R9VrhWS7m_E
youtube,UC-2yGKQsEOmfuDMtJqsdU2A,-UZnOfw5XcM
youtube,UC-2YJQUIbhoG7cA_IlsRtrQ,xj02S2waGOw
youtube,UC-2YK17vIMpMBzWAM45qFxw,XLue45tFj3Q
youtube,UC-2YK17vIMpMBzWAM45qFxw,Zg1BDrCmK8M
youtube,UC-2YlzOzP9C_-j-h8NK6Phw,xj02S2waGOw
youtube,UC-2Zpnn7bWL0Npr57uzqYYQ,A1LzxFbtuNM
youtube,UC-2Zpnn7bWL0Npr57uzqYYQ,DBRWXXqt8eg
youtube,UC-2Zpnn7bWL0Npr57uzqYYQ,dD4v9YBx9WA
youtube,UC-2Zpnn7bWL0Npr57uzqYYQ,JEkseWFQsvA
youtube,UC-3-1oqruI41-I8ReSwk_yg,Vx8lb8CFs48
youtube,UC-3-CGLwboYor-5mGpjA2WQ,0-PV7kNMsK4
youtube,UC-3-CGLwboYor-5mGpjA2WQ,2evuYOhfiXA
youtube,UC-3-CGLwboYor-5mGpjA2WQ,brPvPQCDueU
youtube,UC-3-CGLwboYor-5mGpjA2WQ,F4IUpZvbWV8
youtube,UC-3-CGLwboYor-5mGpjA2WQ,FsCfhYEMGUg
youtube,UC-3-CGLwboYor-5mGpjA2WQ,gVn-ne6saq4
youtube,UC-3-CGLwboYor-5mGpjA2WQ,H5SGMu99HLs
youtube,UC-3-CGLwboYor-5mGpjA2WQ,IQUF5wDS9iI
youtube,UC-3-CGLwboYor-5mGpjA2WQ,ix-vl3A6VRw
youtube,UC-3-CGLwboYor-5mGpjA2WQ,kCEUC1EEjbQ
youtube,UC-3-CGLwboYor-5mGpjA2WQ,KLMUi3ZFXRc
youtube,UC-3-CGLwboYor-5mGpjA2WQ,ktAklK5KlHU
youtube,UC-3-CGLwboYor-5mGpjA2WQ,PU4TV4z-dUg
youtube,UC-3-CGLwboYor-5mGpjA2WQ,sMeVvUMu0oE
youtube,UC-3-CGLwboYor-5mGpjA2WQ,wczWa1TRHFU
youtube,UC-3-CGLwboYor-5mGpjA2WQ,YjdWainQ9MM
youtube,UC-3-CGLwboYor-5mGpjA2WQ,zD-RCOVll7o
youtube,UC-3-CGLwboYor-5mGpjA2WQ,zFWHDTL8KQE
youtube,UC-3-CGLwboYor-5mGpjA2WQ,ZLqzKczMYU4
youtube,UC-3-KvWC1zvwMRT4C3hO1lg,QI4YkmQy6BU
youtube,UC-303hgDZwNN7827KrwAP2w,Ds8rB8vLMBU
youtube,UC-303hgDZwNN7827KrwAP2w,ij8vr3-DuG0
youtube,UC-31Dv391eSmExQtsfR6ynw,GIr981_k4sI
youtube,UC-31j-b6q8UBcsRx3WHvM9w,lTRY_n2Fm9A
youtube,UC-31j-b6q8UBcsRx3WHvM9w,PoixJ-bJ0VQ
youtube,UC-31Wj1d9EHQ-9dc675tZ6g,KaoTcH5tWRo
youtube,UC-325deIvjY9Jvv8Wi3uvuw,hYO5u2ERpGY
youtube,UC-325deIvjY9Jvv8Wi3uvuw,npsZ7FBbPHg
youtube,UC-32bSwM6s-K85SHmZ4v9zg,zYhv5xBeDkE
youtube,UC-32oRvsXZthpKcKxZeameQ,aq9OXGxxwo4
youtube,UC-32oRvsXZthpKcKxZeameQ,KaoTcH5tWRo
youtube,UC-32oRvsXZthpKcKxZeameQ,yt_AJ2YUDw4
youtube,UC-32Zl5lqBk7UjJ-hMsYlag,6Ojm0kobtUM
youtube,UC-32ZSh1XVbZLKVZkbq5KUQ,4PzRyyVPq7Y
youtube,UC-32ZSh1XVbZLKVZkbq5KUQ,Br2vp4Yp5HY
youtube,UC-32ZSh1XVbZLKVZkbq5KUQ,EvQ8b_Qbp6Y
youtube,UC-32ZSh1XVbZLKVZkbq5KUQ,jdYAKmek_NA
youtube,UC-32ZSh1XVbZLKVZkbq5KUQ,RkLJ0k0kSek
youtube,UC-32ZSh1XVbZLKVZkbq5KUQ,V8qA4ktrfro
youtube,UC-33gk8mHqrf3PBQThzN2cg,JMzBzeRzOoo
youtube,UC-33gk8mHqrf3PBQThzN2cg,KukmLScsE3g
youtube,UC-33gk8mHqrf3PBQThzN2cg,WoyawrR6T90
youtube,UC-33gk8mHqrf3PBQThzN2cg,wt7bdsj6xkE
youtube,UC-33gk8mHqrf3PBQThzN2cg,wZT1ih430cw
youtube,UC-33hniETvO_zcSkDeGW0HA,lHT61exqSUw
youtube,UC-33hniETvO_zcSkDeGW0HA,oIw6FWDQ18Y
youtube,UC-33m3aVIDQgb71ZL9D-bKg,3g9cMjUhxHo
youtube,UC-33M4ojkwYmDCBacmLjNZA,aOSoNvpYH7w
youtube,UC-33M4ojkwYmDCBacmLjNZA,ApOIDhX3f98
youtube,UC-33M4ojkwYmDCBacmLjNZA,KUzp9t3gI7Y
youtube,UC-33M4ojkwYmDCBacmLjNZA,Mo9R5zWWjVI
youtube,UC-33M4ojkwYmDCBacmLjNZA,Nz_7aZ4FygM
youtube,UC-33M4ojkwYmDCBacmLjNZA,ocq8DGej8SA
youtube,UC-33M4ojkwYmDCBacmLjNZA,pMReqn7ykO0
youtube,UC-33M4ojkwYmDCBacmLjNZA,zPnc-T8tTdI
youtube,UC-33xcWcVSLv58Hp3fl_oTQ,AgtwfHNEqhs
youtube,UC-33xcWcVSLv58Hp3fl_oTQ,f-3oHXnki8o
youtube,UC-35A1inCReQjg5sDdGXPdg,X0c88mdy8eQ
youtube,UC-36aKtG9b72GaFkFpzhaVQ,T04TR_OiOVA
youtube,UC-36D23SEfiJxqU2XjZ6Meg,AgtwfHNEqhs
youtube,UC-36rAxIbO-Q96x6jAwcuDQ,R-GubRU_b50
youtube,UC-37nKWo6vva8nBw1lDv5lQ,3RWIKFESQiw
youtube,UC-37nKWo6vva8nBw1lDv5lQ,8v7a3KKxGQg
youtube,UC-37nKWo6vva8nBw1lDv5lQ,buaHrPF5Dic
youtube,UC-37nKWo6vva8nBw1lDv5lQ,DBCs5LjG3tc
youtube,UC-37nKWo6vva8nBw1lDv5lQ,eXFWAMaYbVQ
youtube,UC-37nKWo6vva8nBw1lDv5lQ,JnWDY9EaGg8
youtube,UC-37nKWo6vva8nBw1lDv5lQ,kg5gkhgjRjA
youtube,UC-37nKWo6vva8nBw1lDv5lQ,nfJkd-sYiw4
youtube,UC-37nKWo6vva8nBw1lDv5lQ,uFnm7plzitU
youtube,UC-37nKWo6vva8nBw1lDv5lQ,VHEmHpb2eYQ
youtube,UC-37nKWo6vva8nBw1lDv5lQ,vpqDjYvubZA
youtube,UC-37voqm7b7pqgbew3bI6bQ,XtApSRvEntI
youtube,UC-38tv2UKkZb3NYYAIHogBQ,7o9x1r9vxhs
youtube,UC-38tv2UKkZb3NYYAIHogBQ,B_lfet8d-wE
youtube,UC-38tv2UKkZb3NYYAIHogBQ,Ey2UZBfFRJI
youtube,UC-38tv2UKkZb3NYYAIHogBQ,LbYThEp_zWk
youtube,UC-38tv2UKkZb3NYYAIHogBQ,oaaT9NPBoHQ
youtube,UC-38tv2UKkZb3NYYAIHogBQ,pr61-dQzP2o
youtube,UC-38tv2UKkZb3NYYAIHogBQ,ZPfVRmyY218
youtube,UC-39Mg2vKuvnaGiXN_iJEhw,4nCiZe4M0sw
youtube,UC-39Mg2vKuvnaGiXN_iJEhw,sdU58XlkySI
youtube,UC-39Mg2vKuvnaGiXN_iJEhw,y3isK1bg7gQ
youtube,UC-3_flA8zLMjwJWzTDFm8RA,PUH_m2gB56A
youtube,UC-3_mVYwTdpqTLWiZS9_raQ,x64xay-UTMA
youtube,UC-3AKwBr4QQpWk4Thpl9t0A,11Pq977xWNU
youtube,UC-3am8beIDXevaBkadisITw,2s3rXM2U8YU
youtube,UC-3aMeqnh1_ONpEabI-xIwg,nPTcmB4Pgo8
youtube,UC-3aPx9WEc61joVoNvoFGyg,B0steF7CRZM
youtube,UC-3BbYqvlOP669-oqqeQ5Kg,BFzM2A_zYdk
youtube,UC-3BbYqvlOP669-oqqeQ5Kg,HMByjbtmT88
youtube,UC-3bjlUqR-B7t55oLiUFM3Q,AgtwfHNEqhs
youtube,UC-3bjlUqR-B7t55oLiUFM3Q,yz2soGmycqg
youtube,UC-3bMENZzua8xESjudMdVrg,np8Kl-uy4uo
youtube,UC-3BxM7_IP818m30CUUZtUg,E3dvrE5JtTM
youtube,UC-3CGO4UrzN-G3rnklo2mIg,MVQBDtqMgvU
youtube,UC-3d9YvRJW_cssNjCJUTaKA,n114PC70-Io
youtube,UC-3dQRlHIQRnjlUT54Qzxxg,FnNn942jSuc
youtube,UC-3dTGI8btXvPu6jLLgFWQA,uFnm7plzitU
youtube,UC-3dToOkRzzaKF_5EXFv_NA,3U1wembSphg
youtube,UC-3E0RxJdotoKNLE5Iq8JUw,SzU7dHGyO_I
youtube,UC-3E0RxJdotoKNLE5Iq8JUw,tuKIVtFNqsw
youtube,UC-3eeJv8pI2GmUMEGgUsYsw,Qjj8v6LAVRI
youtube,UC-3erL6MlGFehxXefwJmCHQ,AgtwfHNEqhs
youtube,UC-3esxmvx9VtwhFKZFgUw9g,pgkxHKxj6_g
youtube,UC-3F1qU4aHIuCDffl8sNH7Q,2kEUi6sdc9Y
youtube,UC-3F1qU4aHIuCDffl8sNH7Q,FsCfhYEMGUg
youtube,UC-3F1qU4aHIuCDffl8sNH7Q,j47rbfhgGd8
youtube,UC-3FdeBUa2c2wxg2D6gWA9w,B2OHkoLYpEk
youtube,UC-3FdeBUa2c2wxg2D6gWA9w,L6KP2BbehTU
youtube,UC-3FonX5Uo7IpVnc7czgNuw,l1i2rfB6u5E
youtube,UC-3FonX5Uo7IpVnc7czgNuw,lcC7vpiq8lo
youtube,UC-3FTtRRKS1Qr2K4CPGB2YA,7pBtDSxlkeQ
youtube,UC-3FxBapWP66uXhfZFJdIfg,COBW7ycc3nk
youtube,UC-3FxBapWP66uXhfZFJdIfg,jKU-Aqx0c6o
youtube,UC-3GlegIgT4vYJD4uvDT8hA,cWFEzckhTio
youtube,UC-3GLX1ZV4wRoABhC6Wt64g,3i4xoUmwuRY
youtube,UC-3gMho3GZL148-B_17z2PA,-KD4xcSfhZ0
youtube,UC-3gMho3GZL148-B_17z2PA,NFZJcWSi4Yw
youtube,UC-3gMho3GZL148-B_17z2PA,ZQUHJLlD0o4
youtube,UC-3gR2ZG-qqb0xk0Tio0W3Q,9Sjqtqdwnms
youtube,UC-3gR2ZG-qqb0xk0Tio0W3Q,hYO5u2ERpGY
youtube,UC-3gR2ZG-qqb0xk0Tio0W3Q,nEUWNJNOf1Y
youtube,UC-3gR2ZG-qqb0xk0Tio0W3Q,tOEpO_G0IDo
youtube,UC-3HwGr4sep5pJ7i-cqo9lg,LAvBfuuWjZk
youtube,UC-3InNRRk7U-RnEXXHxhcjQ,H01qUPXE9Rs
youtube,UC-3It2lLo65urJ8lcawO_2Q,GIr981_k4sI
youtube,UC-3It2lLo65urJ8lcawO_2Q,Rt655LBiqdg
youtube,UC-3j-wcZeU1D4ktfVUXP1jg,ARwTqxxlvAo
youtube,UC-3jgxQl773fUqxeVlS7qYA,JuYnKYfbGdQ
youtube,UC-3jgxQl773fUqxeVlS7qYA,LoQbc2m5b4w
youtube,UC-3jNQgUjFhutlQTPtKnhxw,zARgkIIpx5s
youtube,UC-3jo906OXL5W3DMA79pp4g,WBq-8QChtdo
youtube,UC-3JpzTZvO39ybPjZlJ3Yqg,0nZmLMa1hDo
youtube,UC-3k-Rmc56fD0jKL91FR9MA,87MwqzemlRQ
youtube,UC-3K4Econxy9OaefsmdBrrQ,ZNG-LWwajSE
youtube,UC-3KmwTMiJu_MXlAXTm8F-A,GYRgFt9UMiw
youtube,UC-3kTMNlgCu8_v9ES9n2W2Q,G_CJrcRF_wk
youtube,UC-3kTMNlgCu8_v9ES9n2W2Q,kpsXPwN5pvU
youtube,UC-3L4TFcowTgvQ6abLPhdjw,FbICjMyy_Tk
youtube,UC-3L4TFcowTgvQ6abLPhdjw,VhB1RKDvc-8
youtube,UC-3la_tmMel2MIpLcX2lc4A,MSGNBY3ob_o
youtube,UC-3la_tmMel2MIpLcX2lc4A,uuEGkHZecdo
youtube,UC-3LADiYCxUccawPya1lpPw,VamugD0wSrc
youtube,UC-3LIY9FrF4mQ4Q5oMSjTpA,WqvnKvf_ho0
youtube,UC-3lWU5g0EPx4WoOT3s1xUg,Ttsb5vF7-Ac
youtube,UC-3M-EOCVnylEyLSMFFi-_w,F70RH537AiE
youtube,UC-3M-EOCVnylEyLSMFFi-_w,PYVl0YSZwRw
youtube,UC-3m4lfx9Iya-POBYYRSOwg,B0rtfmZyQCo
youtube,UC-3m4lfx9Iya-POBYYRSOwg,NLov0xSFRoI
youtube,UC-3mdeP-H-8I10fr721GKfw,G5hMsp8YPUE
youtube,UC-3MfJmswtbOcPVwpSChNag,f-3oHXnki8o
youtube,UC-3MfJmswtbOcPVwpSChNag,Uklhu9LEZSc
youtube,UC-3mJDNtfMffNSaGUZNbXmQ,lKZsV_EMKng
youtube,UC-3MVJSU9l3VthEGRSwZheg,09LSf6gh1YM
youtube,UC-3oDQMLnmqmbyGb-v8jN_Q,uWTO6556G3A
youtube,UC-3oFUwE1BKudvVpKrvD1CA,qPs42X0JWAY
youtube,UC-3OJRxYb-i8N3ayleNeGsg,6Ojm0kobtUM
youtube,UC-3OJRxYb-i8N3ayleNeGsg,9KWVKG6DuWc
youtube,UC-3OJRxYb-i8N3ayleNeGsg,CckMkGKboz4
youtube,UC-3OJRxYb-i8N3ayleNeGsg,hf2wGD1O4Q4
youtube,UC-3oKerSJ-Ar5TpCNbPyrig,cWFEzckhTio
youtube,UC-3oKerSJ-Ar5TpCNbPyrig,JuYnKYfbGdQ
youtube,UC-3oKerSJ-Ar5TpCNbPyrig,MOM0-tkHZjk
youtube,UC-3owlgQvl9RQHS1p9Xeidw,KYuBUV5EUco
youtube,UC-3p9CRcD_aLrZnF__sHxJg,6RO-MCixn0I
youtube,UC-3p9CRcD_aLrZnF__sHxJg,gYgs1iPCb-Q
youtube,UC-3p9CRcD_aLrZnF__sHxJg,HeZ1tleb9bM
youtube,UC-3p9CRcD_aLrZnF__sHxJg,iKRZpFWf8Zk
youtube,UC-3p9CRcD_aLrZnF__sHxJg,k6fBIFeoHAM
youtube,UC-3p9CRcD_aLrZnF__sHxJg,mg6sanuPR_Q
youtube,UC-3p9CRcD_aLrZnF__sHxJg,NlI5QuPGoqA
youtube,UC-3p9CRcD_aLrZnF__sHxJg,pr61-dQzP2o
youtube,UC-3p9CRcD_aLrZnF__sHxJg,tOEpO_G0IDo
youtube,UC-3p9CRcD_aLrZnF__sHxJg,U5YhPdKpCPM
youtube,UC-3p9CRcD_aLrZnF__sHxJg,xq2hvbS7W8M
youtube,UC-3PbyLoIMWaEd0QQ0U7VsQ,iQKc_paVejM
youtube,UC-3phkIz9iFpwC8lziGI46Q,isUYGAgcP60
youtube,UC-3PnjDV22oZfjfF6xCkLEQ,vcnNBBvzQTk
youtube,UC-3PQEaZAAc0cxB9rW7i88A,xj02S2waGOw
youtube,UC-3QavToZ7ZBSVCv6ZrVcDA,483rzoBUmXE
youtube,UC-3QavToZ7ZBSVCv6ZrVcDA,qynIR9eOjfg
youtube,UC-3QavToZ7ZBSVCv6ZrVcDA,zARgkIIpx5s
youtube,UC-3qHcmP7cIQtemkJRyw7bg,akv_pFuMHTA
youtube,UC-3RSbuaccungfrLW6eAyHA,Iwasi7S0zwk
youtube,UC-3RSbuaccungfrLW6eAyHA,tzHEuiA141Y
youtube,UC-3rSYDEckrfazOPkUr4puQ,Q2qrRgCemxA
youtube,UC-3rSYDEckrfazOPkUr4puQ,TskGnMnKfYc
youtube,UC-3RWalErAYbF4GkxSM9mfA,4gevjNFy_1s
youtube,UC-3rxyLyQ0e9VtuRI5l8law,cWFEzckhTio
youtube,UC-3rxyLyQ0e9VtuRI5l8law,FKMEpxgRSMw
youtube,UC-3rxyLyQ0e9VtuRI5l8law,lDGjTPHHt6g
youtube,UC-3s_-pJN4h66ATJpLNPC9A,LrB3PpHTWlY
youtube,UC-3SFMMgGoQOC6Doi5obeYw,oEfKB_Id4hM
youtube,UC-3sMQMlGSPxorBSa3ApmGA,w0k1t1QqksI
youtube,UC-3sMwcnefIFPe99f1V-NJw,zYhv5xBeDkE
youtube,UC-3sWodijwhFlLN3u-2rB6A,Og2QUVXRtaI
youtube,UC-3sWodijwhFlLN3u-2rB6A,PWTg0GXQIRk
youtube,UC-3Tb6eOUimdJPcOcRcZLfw,kBrvkgIkP9U
youtube,UC-3TbKi4qXaCs5BvQmu7WFw,a75oZL-mRqE
youtube,UC-3TbKi4qXaCs5BvQmu7WFw,FhEOmkqoCo4
youtube,UC-3ti9Gm2gF_rzsFqQR8LYw,9dGyHtXpOhc
youtube,UC-3ti9Gm2gF_rzsFqQR8LYw,aJK2LwKzXdA
youtube,UC-3ti9Gm2gF_rzsFqQR8LYw,NlI5QuPGoqA
youtube,UC-3ti9Gm2gF_rzsFqQR8LYw,NYnM0aGq4W4
youtube,UC-3ti9Gm2gF_rzsFqQR8LYw,PTUzwCWRPkE
youtube,UC-3ti9Gm2gF_rzsFqQR8LYw,qxiO8D0BhBU
youtube,UC-3uBQGpbABMGj9qOUCReBg,0NIvVtAXuJU
youtube,UC-3uBQGpbABMGj9qOUCReBg,8eOLhIDRZ3k
youtube,UC-3uBQGpbABMGj9qOUCReBg,Mb_FqFV2NMo
youtube,UC-3ULUI0od524qkqkTThrgA,fUQm1nhXH70
youtube,UC-3UPqJB6cAmXCnkNJWEC7A,xj02S2waGOw
youtube,UC-3UXRIQWwO_QmnmTpMbAUw,_kyCTB7Ae60
youtube,UC-3UXRIQWwO_QmnmTpMbAUw,QvUImi2dU6Y
youtube,UC-3UXRIQWwO_QmnmTpMbAUw,SpkEcpPwnhQ
youtube,UC-3UXRIQWwO_QmnmTpMbAUw,WoyawrR6T90
youtube,UC-3v-rmU-yfboYBONdV4-og,lNCszsia-CE
youtube,UC-3vhQ5RO6bBsDc-eK7m4BQ,aA4cSoNFIU8
youtube,UC-3vhQ5RO6bBsDc-eK7m4BQ,XPs0G352LQQ
youtube,UC-3vsZIGSHFheadZ9VABf_g,i0wAAsKkgUM
youtube,UC-3wy2MLQ9qc8yWOGuGhiGA,EeDgvBu23hw
youtube,UC-3x-cDVOtRqnxS0jDPAKbQ,hYO5u2ERpGY
youtube,UC-3xasC5kNV1wtYIkLVX8Ug,hh3EopjrQNE
youtube,UC-3Xc4XJUBA-d23XpioY16A,15WN1UnrObs
youtube,UC-3Xc4XJUBA-d23XpioY16A,kP7m_aH_Dv0
youtube,UC-3XfKL2mhZESRHrQKCloCA,_IN3BeKBKpo
youtube,UC-3XtZzmLoeZdKMV3YJQyTA,xj02S2waGOw
youtube,UC-3Xuvsdb6hT2a8RSKvR0Yg,TPwPQpSQVpY
youtube,UC-3yBTnKCJ3PuNzQAZmVjYw,mnkfqs0YG7I
youtube,UC-3yBTnKCJ3PuNzQAZmVjYw,rf8LwZhtp-A
youtube,UC-3YcRaMFZEM4J7P6EbY0AQ,gdM-lMmEbBE
youtube,UC-3YDQ4H_9WGGE3rdPV9UDg,v1hhyyPopwc
youtube,UC-3YDQ4H_9WGGE3rdPV9UDg,ZhSn7tdJGkc
youtube,UC-3yM0TnuHuRyycruRSEDEw,PoCjzZwuHm8
youtube,UC-3yVC_cCxnNl49Hemq0rBQ,dG0jcHQaBKY
youtube,UC-3yVC_cCxnNl49Hemq0rBQ,SQDd7FPB1QU
youtube,UC-3yVC_cCxnNl49Hemq0rBQ,yl8P3gpUqNI
youtube,UC-3yZmYHj7lXmYq2LUfxLdQ,H6oU4JgQEJM
youtube,UC-3ZOfa0lPEI_uMD6OsWFZQ,6wzUA77ozuE
youtube,UC-3zyuZTLMXKmaETPZ7ZSkQ,-3b_XwQF0bM
youtube,UC-3zyuZTLMXKmaETPZ7ZSkQ,1LbYTHWSvkQ
youtube,UC-3zyuZTLMXKmaETPZ7ZSkQ,2RhM_bA2Uqo
youtube,UC-3zyuZTLMXKmaETPZ7ZSkQ,3lGVaCmjC8c
youtube,UC-3zyuZTLMXKmaETPZ7ZSkQ,9k7d_WgdbqI
youtube,UC-3zyuZTLMXKmaETPZ7ZSkQ,_PdiRRP6i0w
youtube,UC-3zyuZTLMXKmaETPZ7ZSkQ,as0W3dtVy8Y
youtube,UC-3zyuZTLMXKmaETPZ7ZSkQ,B7zW6CGxjyE
youtube,UC-3zyuZTLMXKmaETPZ7ZSkQ,crtBMQsQTKo
youtube,UC-3zyuZTLMXKmaETPZ7ZSkQ,d5ieY9R20Oc
youtube,UC-3zyuZTLMXKmaETPZ7ZSkQ,dMYaf9MjHKk
youtube,UC-3zyuZTLMXKmaETPZ7ZSkQ,e36vceMyjGI
youtube,UC-3zyuZTLMXKmaETPZ7ZSkQ,EgNRI_a8VSQ
youtube,UC-3zyuZTLMXKmaETPZ7ZSkQ,FlexhPcAa4M
youtube,UC-3zyuZTLMXKmaETPZ7ZSkQ,HMmu5CjslQk
youtube,UC-3zyuZTLMXKmaETPZ7ZSkQ,J4Rx-l-ipTk
youtube,UC-3zyuZTLMXKmaETPZ7ZSkQ,l2_8Rekow9w
youtube,UC-3zyuZTLMXKmaETPZ7ZSkQ,lf2orPP5Ikc
youtube,UC-3zyuZTLMXKmaETPZ7ZSkQ,mjNCh75JXnk
youtube,UC-3zyuZTLMXKmaETPZ7ZSkQ,MnpDAEqrbGw
youtube,UC-3zyuZTLMXKmaETPZ7ZSkQ,MPZKcteAuB0
youtube,UC-3zyuZTLMXKmaETPZ7ZSkQ,N54mGwCsTWA
youtube,UC-3zyuZTLMXKmaETPZ7ZSkQ,oKR7PL22Mk4
youtube,UC-3zyuZTLMXKmaETPZ7ZSkQ,omU8ntQJ1os
youtube,UC-3zyuZTLMXKmaETPZ7ZSkQ,TExQMuWFtIg
youtube,UC-3zyuZTLMXKmaETPZ7ZSkQ,ty3nUN_T5Ck
youtube,UC-3zyuZTLMXKmaETPZ7ZSkQ,UgGLaQuyHlc
youtube,UC-3zyuZTLMXKmaETPZ7ZSkQ,uZfGMtfUGgo
youtube,UC-3zyuZTLMXKmaETPZ7ZSkQ,VjgZGRqTh34
youtube,UC-3zyuZTLMXKmaETPZ7ZSkQ,vPmSgQ4-O0A
youtube,UC-3zyuZTLMXKmaETPZ7ZSkQ,VsX1znfFaiE
youtube,UC-3zyuZTLMXKmaETPZ7ZSkQ,Vxe94f8L2Ck
youtube,UC-3zyuZTLMXKmaETPZ7ZSkQ,wZhypbg41gA
youtube,UC-3zyuZTLMXKmaETPZ7ZSkQ,z4-SQFDXYzE
youtube,UC-3zyuZTLMXKmaETPZ7ZSkQ,ZdDYLlN4UI0
youtube,UC-3zyuZTLMXKmaETPZ7ZSkQ,zrRjusGnXVw
youtube,UC-4-bWzr9lih7PflzHZeerw,i2OvRKVO0-s
youtube,UC-4-TMNuQmzKVcJabPsGwUA,P5je5bMGeIg
youtube,UC-4-TMNuQmzKVcJabPsGwUA,PuyNC3jAQ2M
youtube,UC-4-TMNuQmzKVcJabPsGwUA,YIm-JWnllXc
youtube,UC-40nSoEhkNr_i7B1D20k6g,a38A-VDeyFU
youtube,UC-40Xd-NoMQIdg-zIIrreNg,E8B22aJr5UA
youtube,UC-40Xd-NoMQIdg-zIIrreNg,wR_ZJ8cI7Mc
youtube,UC-42BhVXH5hjXazG0eQtRwQ,3p7Thv-QotM
youtube,UC-430UH7cdQXN_pDIHRR9vg,Iwasi7S0zwk
youtube,UC-430UH7cdQXN_pDIHRR9vg,l08Uog-u7iI
youtube,UC-430UH7cdQXN_pDIHRR9vg,oeLzEN-RLcI
youtube,UC-430UH7cdQXN_pDIHRR9vg,YULLGAzO4wo
youtube,UC-43Av2EnpT_VCknbVeQxdg,6RO-MCixn0I
youtube,UC-43Av2EnpT_VCknbVeQxdg,BftbT4IiGdM
youtube,UC-43Av2EnpT_VCknbVeQxdg,mct1YDqB-C0
youtube,UC-43zZlbYRiz2JMq3bgwxBA,hQZ5xtsg8ks
youtube,UC-44AAZ3wRFJvmakBfD7b6w,X7kuJWH-xek
youtube,UC-44GErAqh29Gwzz7BjaOfQ,u-Kplp24wTw
youtube,UC-44hEVHaFVM9nTnFJSdzUA,mfaComDoKLE
youtube,UC-465RUdkw_c507G8IHZIqw,PNwnbAHlzQQ
youtube,UC-465RUdkw_c507G8IHZIqw,uqvuKNlC95A
youtube,UC-46aBmw0UwhwkTrKOGO1vg,AgtwfHNEqhs
youtube,UC-481qmDjt4fm47t0-griJw,R9VrhWS7m_E
youtube,UC-49Ggf72lAx3_JvMpdmZag,8DbziW2P2rk
youtube,UC-49hR_NwarT_SVVdhSce4g,lpSY6z5l-s0
youtube,UC-49hR_NwarT_SVVdhSce4g,RrWk0qFwGqo
youtube,UC-4_4ZCSK58G0wqvqx8MSWA,Zm5CPEE0gjA
youtube,UC-4_AkpYX9ez9K5D073g6CA,kCEUC1EEjbQ
youtube,UC-4_AkpYX9ez9K5D073g6CA,tp_EA0NfTCk
youtube,UC-4_AkpYX9ez9K5D073g6CA,XUfAB_YyXbk
youtube,UC-4_n3rm2Ui0HbitRQQMsHA,8b-aRT1AVkg
youtube,UC-4_n3rm2Ui0HbitRQQMsHA,FwTe96irgdo
youtube,UC-4_n3rm2Ui0HbitRQQMsHA,GYRgFt9UMiw
youtube,UC-4_n3rm2Ui0HbitRQQMsHA,R9VrhWS7m_E
youtube,UC-4_sFauGk6335pVSAGr_vg,WZ9THIN-ff0
youtube,UC-4_TtpfzJWFQLiS7dWNzFQ,P7HZ7E9n8IA
youtube,UC-4_TtpfzJWFQLiS7dWNzFQ,tYE3JaeaCOg
youtube,UC-4aq0chYU5l5GJHJSaCO5Q,0wqIvvGDxxs
youtube,UC-4b4xhtS_aFpaXeFFN9tFA,0uigcfHqYG0
youtube,UC-4b4xhtS_aFpaXeFFN9tFA,BFzM2A_zYdk
youtube,UC-4b4xhtS_aFpaXeFFN9tFA,hCLIquQv774
youtube,UC-4B6VRB07_ODgJYfZxWVug,AgtwfHNEqhs
youtube,UC-4bc2DSb-EEPwVtTHCFuhg,r8iy-rvdqRQ
youtube,UC-4BIx9zNabcAVPRRnFXwLw,0N8Gw6SAmEc
youtube,UC-4BIx9zNabcAVPRRnFXwLw,2YhFUeZZrbs
youtube,UC-4BIx9zNabcAVPRRnFXwLw,DrkhsTIlNgE
youtube,UC-4BIx9zNabcAVPRRnFXwLw,mRbe979JFVo
youtube,UC-4BIx9zNabcAVPRRnFXwLw,yf7nb1_Aas4
youtube,UC-4cCQedfQ6_EE6bgXpXSlw,5aW3FGKr4g4
youtube,UC-4CeJs0MmvIuXyvZxEU8kQ,1v4zq5eICEc
youtube,UC-4CeJs0MmvIuXyvZxEU8kQ,5J9dFqqj81A
youtube,UC-4CeJs0MmvIuXyvZxEU8kQ,8VWhuhqsnZ0
youtube,UC-4CeJs0MmvIuXyvZxEU8kQ,_eepu6M-V7k
youtube,UC-4CeJs0MmvIuXyvZxEU8kQ,BTFA4CgM40Y
youtube,UC-4CeJs0MmvIuXyvZxEU8kQ,dXca_oioQ0s
youtube,UC-4CeJs0MmvIuXyvZxEU8kQ,SzU7dHGyO_I
youtube,UC-4CeJs0MmvIuXyvZxEU8kQ,u85SnAfzcYA
youtube,UC-4CIBVRKmN0Z53D_x3s_zA,_kyCTB7Ae60
youtube,UC-4CIBVRKmN0Z53D_x3s_zA,CPpgwBI1ydA
youtube,UC-4CIBVRKmN0Z53D_x3s_zA,cwQUCWFaBjA
youtube,UC-4CIBVRKmN0Z53D_x3s_zA,GDgG9YKFq2E
youtube,UC-4CIBVRKmN0Z53D_x3s_zA,hyUEZTA-YJQ
youtube,UC-4CIBVRKmN0Z53D_x3s_zA,Lhrt0s_ImSY
youtube,UC-4CIBVRKmN0Z53D_x3s_zA,Nwn4lWP7xsE
youtube,UC-4CIBVRKmN0Z53D_x3s_zA,QMEMg0GhOuQ
youtube,UC-4CIBVRKmN0Z53D_x3s_zA,SpkEcpPwnhQ
youtube,UC-4CIBVRKmN0Z53D_x3s_zA,STQfPKBtk6A
youtube,UC-4CIBVRKmN0Z53D_x3s_zA,wKxwAaEJVG4
youtube,UC-4CUnYnNtT6Qqt-Wq-_HFQ,0Dqu0faOHF4
youtube,UC-4CUnYnNtT6Qqt-Wq-_HFQ,mg6sanuPR_Q
youtube,UC-4CUnYnNtT6Qqt-Wq-_HFQ,t0uFATdutBc
youtube,UC-4dM0HIgOsFYOFcH6_TptQ,9rsJgiF41cA
youtube,UC-4dR8C5fTPyLrxNX-yglHg,eMIaTOasjyo
youtube,UC-4E3DrgXWvbKT7Sq-4J4Zw,6wzUA77ozuE
youtube,UC-4E3KMIJj7oeXnFiqpCVmg,09LSf6gh1YM
youtube,UC-4E3KMIJj7oeXnFiqpCVmg,n5wcf-SKdsc
youtube,UC-4Eo6a3EH0pq1oGePJZPZg,5aW3FGKr4g4
youtube,UC-4f6rqGQZ-wfFjQOdjD1tw,xq2hvbS7W8M
youtube,UC-4fBbeve8e5Bpya9KRGIww,DVOkp1Pob0I
youtube,UC-4fU7A5XZaXz2zruMUqxzw,7XDtgNQ7Ewo
youtube,UC-4fxW1TGL0KhJYtoo6pBvw,yE4HoFMOaOc
youtube,UC-4ggKgz29Uxetccl5mx0Hw,AgtwfHNEqhs
youtube,UC-4GOvkj3nD2jNLpxaKe1mg,76S2DWFHCQw
youtube,UC-4GOvkj3nD2jNLpxaKe1mg,k9NWM0dPxU8
youtube,UC-4GOvkj3nD2jNLpxaKe1mg,OlvyXs6VfhU
youtube,UC-4GOvkj3nD2jNLpxaKe1mg,pWmghlv-DVk
youtube,UC-4GOvkj3nD2jNLpxaKe1mg,QSAiPyxJd7A
youtube,UC-4iDQVP-rG9Wo3OCOmyuBQ,lpSY6z5l-s0
youtube,UC-4idRRzBsEtIS70m89l_3w,19bLBNqvo-k
youtube,UC-4iEmCtdQOf5VsONvxwshA,9zjZqAM3HhE
youtube,UC-4iEmCtdQOf5VsONvxwshA,QR6IRZPfqCI
youtube,UC-4iEmCtdQOf5VsONvxwshA,wVfFddAg5Po
youtube,UC-4IJ5yI7DobuWqdZtMD1YQ,t8457oMQkso
youtube,UC-4imxcl0Yq-lBMhg8xJnsQ,3i4xoUmwuRY
youtube,UC-4IOVBKIhnA9FszBg_se8g,HErKyAt8BC8
youtube,UC-4IOVBKIhnA9FszBg_se8g,SubI9RWhZRs
youtube,UC-4jFRsYtUYNfLgwrGjDaKQ,GYRgFt9UMiw
youtube,UC-4JKINWA3GkhrP8leeSgHQ,Isk9xKivBUo
youtube,UC-4JlVp6ihRTNOk67ImQV1g,tj71FvSNJps
youtube,UC-4JnvR3CAfpUNYL5mKVNNg,Xh658F2ofhY
youtube,UC-4JvCOZxIUsLm-boVKOCPg,_3LU9lLgrfA
youtube,UC-4JvEE8V7DXjwLYO6na9rQ,TskGnMnKfYc
youtube,UC-4JYAx7nuMf0829QxHxyoA,_WMv67OKdlE
youtube,UC-4JydXYkIIr7vk3eqgz7gg,7xPAqPbhDaY
youtube,UC-4kKIg_vwx1wBCg5H_aOVw,-47q9QYbd1U
youtube,UC-4kKIg_vwx1wBCg5H_aOVw,1AemxivRQRE
youtube,UC-4kKIg_vwx1wBCg5H_aOVw,2u_l6ylcxUI
youtube,UC-4kKIg_vwx1wBCg5H_aOVw,7o9x1r9vxhs
youtube,UC-4kKIg_vwx1wBCg5H_aOVw,A1jgTsG-Wdk
youtube,UC-4kKIg_vwx1wBCg5H_aOVw,gPYJDUh870A
youtube,UC-4kKIg_vwx1wBCg5H_aOVw,JDi8wTDfY0o
youtube,UC-4KzdTpPF176u87F5yAOZg,AgtwfHNEqhs
youtube,UC-4L1oNDxj92F6Ymi-DSnbQ,isUYGAgcP60
youtube,UC-4L1oNDxj92F6Ymi-DSnbQ,Q2qrRgCemxA
youtube,UC-4LTXkbSoCVV85tYPQZrJQ,2YeTgHeIiUA
youtube,UC-4luNAmNKKpguiNKHliFIw,-hhpVhHx9yg
youtube,UC-4luNAmNKKpguiNKHliFIw,0O1tIBR1INQ
youtube,UC-4luNAmNKKpguiNKHliFIw,19bLBNqvo-k
youtube,UC-4luNAmNKKpguiNKHliFIw,1wKrvDUc4H0
youtube,UC-4luNAmNKKpguiNKHliFIw,2-2Svg-o1-Q
youtube,UC-4luNAmNKKpguiNKHliFIw,5H5rbvTl8Jo
youtube,UC-4luNAmNKKpguiNKHliFIw,6JiQgdY5z6k
youtube,UC-4luNAmNKKpguiNKHliFIw,9QQ8fSTCz20
youtube,UC-4luNAmNKKpguiNKHliFIw,_PdiRRP6i0w
youtube,UC-4luNAmNKKpguiNKHliFIw,IMTq0RZb_Q8
youtube,UC-4luNAmNKKpguiNKHliFIw,J4Rx-l-ipTk
youtube,UC-4luNAmNKKpguiNKHliFIw,Lb8Zu9jpMo4
youtube,UC-4luNAmNKKpguiNKHliFIw,lGDE6TGRZ24
youtube,UC-4luNAmNKKpguiNKHliFIw,LINYkRDPPoM
youtube,UC-4luNAmNKKpguiNKHliFIw,MidOTwW66A0
youtube,UC-4luNAmNKKpguiNKHliFIw,MUB-_hV510s
youtube,UC-4luNAmNKKpguiNKHliFIw,o8PAbjVUrDw
youtube,UC-4luNAmNKKpguiNKHliFIw,pquhKOssrBo
youtube,UC-4luNAmNKKpguiNKHliFIw,QTULpMh9S0Q
youtube,UC-4luNAmNKKpguiNKHliFIw,rcRyLWvvsg0
youtube,UC-4luNAmNKKpguiNKHliFIw,slIAIbiRncU
youtube,UC-4luNAmNKKpguiNKHliFIw,VamugD0wSrc
youtube,UC-4lUrM1goLadaopQdQgKXw,7xPAqPbhDaY
youtube,UC-4LVuAI1aJc-5J4_yluOLA,46AsAw20btI
youtube,UC-4LVuAI1aJc-5J4_yluOLA,BDVO6hoHebM
youtube,UC-4LVuAI1aJc-5J4_yluOLA,ec-ZNc3Hf9M
youtube,UC-4LVuAI1aJc-5J4_yluOLA,gPYJDUh870A
youtube,UC-4LVuAI1aJc-5J4_yluOLA,MT-QurTqqmU
youtube,UC-4LVuAI1aJc-5J4_yluOLA,QoJbslDNQFA
youtube,UC-4MmGm-s80QKYA1cdQUkKA,oaaT9NPBoHQ
youtube,UC-4MNZyERYr_dkj-Lae6uFw,uFnm7plzitU
youtube,UC-4MQTZ44cbKzW_ZebK51Bg,zgxidoI1KXM
youtube,UC-4Mrz7GMx25ZYeBUwO4amg,MOM0-tkHZjk
youtube,UC-4MuIbMlNkXE0zIEUCsKlg,Q2qrRgCemxA
youtube,UC-4MV9vTatHbkt_isbTS4Vg,0cqXEkWHPmM
youtube,UC-4MV9vTatHbkt_isbTS4Vg,7fQeCOogsa4
youtube,UC-4MV9vTatHbkt_isbTS4Vg,aq9OXGxxwo4
youtube,UC-4MV9vTatHbkt_isbTS4Vg,C7C-Q5uqIZI
youtube,UC-4MV9vTatHbkt_isbTS4Vg,DNmXkRkhp24
youtube,UC-4MV9vTatHbkt_isbTS4Vg,et_CBP7S0Dg
youtube,UC-4MV9vTatHbkt_isbTS4Vg,F70RH537AiE
youtube,UC-4MV9vTatHbkt_isbTS4Vg,fF61LvMi8YI
youtube,UC-4MV9vTatHbkt_isbTS4Vg,GgMyCcwOaVI
youtube,UC-4MV9vTatHbkt_isbTS4Vg,gvjCZT57evc
youtube,UC-4MV9vTatHbkt_isbTS4Vg,Iwasi7S0zwk
youtube,UC-4MV9vTatHbkt_isbTS4Vg,jqF9nmUanBo
youtube,UC-4MV9vTatHbkt_isbTS4Vg,kn5Ge77ILwI
youtube,UC-4MV9vTatHbkt_isbTS4Vg,lJjOZ4HwK-s
youtube,UC-4MV9vTatHbkt_isbTS4Vg,OtRlwUyr11M
youtube,UC-4MV9vTatHbkt_isbTS4Vg,PGUeEIdQlck
youtube,UC-4MV9vTatHbkt_isbTS4Vg,QlB8dIqubGA
youtube,UC-4MV9vTatHbkt_isbTS4Vg,rXiSHPlJ5kI
youtube,UC-4MV9vTatHbkt_isbTS4Vg,syGfQZJO82E
youtube,UC-4MV9vTatHbkt_isbTS4Vg,TrKdgUVdYYw
youtube,UC-4MV9vTatHbkt_isbTS4Vg,UGiPOXWWiD4
youtube,UC-4MV9vTatHbkt_isbTS4Vg,usqaFopklC4
youtube,UC-4MV9vTatHbkt_isbTS4Vg,vqkHksT29x4
youtube,UC-4MV9vTatHbkt_isbTS4Vg,vQyNjlqeWKo
youtube,UC-4MV9vTatHbkt_isbTS4Vg,WJQUbsmmjgE
youtube,UC-4MV9vTatHbkt_isbTS4Vg,yFah9BlyQzI
youtube,UC-4MV9vTatHbkt_isbTS4Vg,yxwSqDhXjiA
youtube,UC-4MV9vTatHbkt_isbTS4Vg,z2iKJRJY2pg
youtube,UC-4n-EB1w8vwPfu8HAhi_ug,0goTV_Q6QcE
youtube,UC-4NBW70SzbSyAWaI_MfA4Q,-uIsWYbWzCg
youtube,UC-4NBW70SzbSyAWaI_MfA4Q,-yXKFUEFN_8
youtube,UC-4NBW70SzbSyAWaI_MfA4Q,2NtBRdkF9dQ
youtube,UC-4NBW70SzbSyAWaI_MfA4Q,51LjEz9qAtY
youtube,UC-4NBW70SzbSyAWaI_MfA4Q,5K2zOgMllac
youtube,UC-4NBW70SzbSyAWaI_MfA4Q,5xncs-QC-Bg
youtube,UC-4NBW70SzbSyAWaI_MfA4Q,_Fa9qLrM610
youtube,UC-4NBW70SzbSyAWaI_MfA4Q,Br2vp4Yp5HY
youtube,UC-4NBW70SzbSyAWaI_MfA4Q,cyF3kAxKdrQ
youtube,UC-4NBW70SzbSyAWaI_MfA4Q,E3dvrE5JtTM
youtube,UC-4NBW70SzbSyAWaI_MfA4Q,e7f6pWF1Akw
youtube,UC-4NBW70SzbSyAWaI_MfA4Q,igQQxvDay2A
youtube,UC-4NBW70SzbSyAWaI_MfA4Q,ilFQSd9kaUw
youtube,UC-4NBW70SzbSyAWaI_MfA4Q,JiootRyJqcI
youtube,UC-4NBW70SzbSyAWaI_MfA4Q,knYMzaOFIn0
youtube,UC-4NBW70SzbSyAWaI_MfA4Q,lNCszsia-CE
youtube,UC-4NBW70SzbSyAWaI_MfA4Q,orBv5GcYnLw
youtube,UC-4NBW70SzbSyAWaI_MfA4Q,pMReqn7ykO0
youtube,UC-4NBW70SzbSyAWaI_MfA4Q,RoDl1ZnkQBQ
youtube,UC-4NBW70SzbSyAWaI_MfA4Q,u85SnAfzcYA
youtube,UC-4NBW70SzbSyAWaI_MfA4Q,VIXO-zbnJIA
youtube,UC-4NBW70SzbSyAWaI_MfA4Q,yXUiDvxkkSQ
youtube,UC-4O4PYfoPGPjRCFjCJYVNQ,2ssv1mmEBPI
youtube,UC-4O_iOiOZ19xGtR_JTsSwg,R4u1V8c6k00
youtube,UC-4OccHsfHYfzPEAze9CGuw,eRig2mRjoAM
youtube,UC-4OZsLWPiPCBhXbxNuTaLA,w8nnsV9Si1U
youtube,UC-4p-nhWBbtgu1CTSPU6lqw,m76Y_rEo3EU
youtube,UC-4pTiBiq_11npmQiQOc_zA,vcnNBBvzQTk
youtube,UC-4pujxvw8y2busPWf5PYiw,SUeFxvFT0Zw
youtube,UC-4Qbo8BMwTTqRUgdp2T2ng,26jSLXfaMLk
youtube,UC-4QlKTn8D-CMCif3hz0z9g,ADtC9edfNYE
youtube,UC-4QlKTn8D-CMCif3hz0z9g,HMByjbtmT88
youtube,UC-4qm15hQtV5QPNYzrMm26Q,S-_7K3vBL2c
youtube,UC-4QT8Da3EgOVUr8Ewi__4g,STQfPKBtk6A
youtube,UC-4SeKGbXgFvYjFJbavmw_w,pzXhiZde96M
youtube,UC-4SMKIeLkk0RiO6eqTdOgA,FwTe96irgdo
youtube,UC-4SMKIeLkk0RiO6eqTdOgA,kRomfwLc3lQ
youtube,UC-4sOhfDsy351fqUR3wISOA,B7zW6CGxjyE
youtube,UC-4T6UrR8HKpCxQ9BZoADfQ,hsnvXgzEepc
youtube,UC-4T6UrR8HKpCxQ9BZoADfQ,Mq8K_kKf94A
youtube,UC-4T6UrR8HKpCxQ9BZoADfQ,whSGN61XiQs
youtube,UC-4Tasx-lgLJU5HS6DeBn9A,tJbekRhES3U
youtube,UC-4tuREVK_yrjELzxcAKzLA,52zTpCfdbg0
youtube,UC-4tuREVK_yrjELzxcAKzLA,aVDyb8MQiNA
youtube,UC-4umkD3Ak-wt6GBierTHzA,e_J-QDiJ8wQ
youtube,UC-4UQufdu0DmlG9rtKqINPA,bEVFdPXD_V8
youtube,UC-4UVyckQdrx0RYTLhk8zAA,HZ5ANXymR8M
youtube,UC-4VfA3eqHZxHY5KfrXLYRQ,5SbngScf4uM
youtube,UC-4VfA3eqHZxHY5KfrXLYRQ,nPTcmB4Pgo8
youtube,UC-4vRYKFXj91GMAKaBDzfPA,10swOh-fsyE
youtube,UC-4wBUNqL2KHoRbYq1OTPpQ,w1UeqtMMQ5U
youtube,UC-4xgVqzKW04uHnX61IE5-Q,H01qUPXE9Rs
youtube,UC-4xQ9Oc1w91kTWDIhkEE4w,H6oU4JgQEJM
youtube,UC-4y5dYvICyjCbTiXOvy2AQ,5ecbRf8hLJA
youtube,UC-4Y9wntK5TC2MG-1Pv1feA,09LSf6gh1YM
youtube,UC-4Y9wntK5TC2MG-1Pv1feA,fFoFUE1pEVQ
youtube,UC-4Y9wntK5TC2MG-1Pv1feA,iqa90w-y81s
youtube,UC-4Y9wntK5TC2MG-1Pv1feA,qODcQDGHhFI
youtube,UC-4ymw2yKKJfpWobhgVcn9A,ckbQGk-onM8
youtube,UC-4ymw2yKKJfpWobhgVcn9A,SpkEcpPwnhQ
youtube,UC-4ymw2yKKJfpWobhgVcn9A,U8IDPZ_TB24
youtube,UC-4ymw2yKKJfpWobhgVcn9A,xe6haOawEjo
youtube,UC-4YpVvZBk5EMO02yMdvCWg,AgtwfHNEqhs
youtube,UC-4z0ZII-2n31ebXXGlCKdg,3E6a3sK0k5Y
youtube,UC-4z0ZII-2n31ebXXGlCKdg,5zgBGuyhU84
youtube,UC-4Zr5uegM3AApzolINy_9A,KYuBUV5EUco
youtube,UC-4ZU9a6lrY2tW6dEdf_Tzw,HawoZwsGvoc
youtube,UC-5-6etyCOX_AW21NsImNrw,5J9dFqqj81A
youtube,UC-5-d38pOulVvjk8q3OycdQ,4KSA70LTpz0
youtube,UC-5-d38pOulVvjk8q3OycdQ,SewbLO9Etr8
youtube,UC-5-Dso-p6wyVxaK0tRp1RQ,tj71FvSNJps
youtube,UC-51NOZphJ7F15i1jbY0Ptw,Hc_ZRf0cbsQ
youtube,UC-51NOZphJ7F15i1jbY0Ptw,mLrUC7yWrVM
youtube,UC-51RDwdTfMDh7lcBky5N3A,LoDm37YjlLI
youtube,UC-51RDwdTfMDh7lcBky5N3A,MtNuq5Za1tk
youtube,UC-51RDwdTfMDh7lcBky5N3A,NSopt4lSQRw
youtube,UC-51RDwdTfMDh7lcBky5N3A,vZZUM5k4YYM
youtube,UC-522AOpj9YeKoOhJz0UtWg,sAGV0WRW4O4
youtube,UC-52WkFAS2ylEFSxd-UKf2w,FTcopuRKpXk
youtube,UC-53-4IOW79oFHCpts4zirQ,yfMcGuAzrOU
youtube,UC-53DnR12yqf2tg87poxKGw,8YaZIqnxi9k
youtube,UC-53DnR12yqf2tg87poxKGw,HGpYQZTze8Y
youtube,UC-53DnR12yqf2tg87poxKGw,MuhdY6LEFos
youtube,UC-53DnR12yqf2tg87poxKGw,o8XnUq9npY8
youtube,UC-53DnR12yqf2tg87poxKGw,veVrYJ8PVAs
youtube,UC-53PEtrf2K1ZAPIuIynlSQ,RrWk0qFwGqo
youtube,UC-53TcnVFviSIWM-Gf7fbhA,2yf_nWIYHDU
youtube,UC-53TcnVFviSIWM-Gf7fbhA,89KeG7uP1Ds
youtube,UC-53TcnVFviSIWM-Gf7fbhA,_KMGRJWeFuY
youtube,UC-53TcnVFviSIWM-Gf7fbhA,LoQbc2m5b4w
youtube,UC-53TcnVFviSIWM-Gf7fbhA,me0NBnlfiKY
youtube,UC-53TcnVFviSIWM-Gf7fbhA,mS6MvoRhbBc
youtube,UC-53TcnVFviSIWM-Gf7fbhA,P5je5bMGeIg
youtube,UC-53TcnVFviSIWM-Gf7fbhA,RC-BskFArZQ
youtube,UC-53TcnVFviSIWM-Gf7fbhA,rxLLDShvQv8
youtube,UC-53TcnVFviSIWM-Gf7fbhA,t91yUuvpvkc
youtube,UC-53TcnVFviSIWM-Gf7fbhA,Xh658F2ofhY
youtube,UC-53TcnVFviSIWM-Gf7fbhA,ZVx3P-lnVCU
youtube,UC-54u1tLguiFB6jZPJCC5ZA,faTv-dAdZSw
youtube,UC-54wkTHGYkTnMOysCpQvLA,5fvv0iz0ahg
youtube,UC-54wkTHGYkTnMOysCpQvLA,et_CBP7S0Dg
youtube,UC-54wkTHGYkTnMOysCpQvLA,LTDVd8ko6Uw
youtube,UC-5533_4MaYpB1Ydudd6OOg,ADtC9edfNYE
youtube,UC-5533_4MaYpB1Ydudd6OOg,hl7uMQ74Ll0
youtube,UC-56zE2LY89ipN6wwxBN21A,0IuO84Hehfc
youtube,UC-56zE2LY89ipN6wwxBN21A,QMl2NMQRAtM
youtube,UC-56zOGykkLwCiAOHC3OpAw,p-TBUW0cClw
youtube,UC-57CmOBYhhqHePBBpKO-PA,AufSG5H394E
youtube,UC-57CmOBYhhqHePBBpKO-PA,Ep7TiflmJGo
youtube,UC-57CmOBYhhqHePBBpKO-PA,l08Uog-u7iI
youtube,UC-57h5PKfrUFAE2juVPJ0Dw,eyhjkManjcI
youtube,UC-57IMCNyBTq_9RktZWnfVA,sM8dzaLwgEg
youtube,UC-5_z4KcWolrYc9QzR_shJg,0hJK2TQ2nuQ
youtube,UC-5_z4KcWolrYc9QzR_shJg,9iHSBEZiyY4
youtube,UC-5_z4KcWolrYc9QzR_shJg,BwdcG9va6ek
youtube,UC-5_z4KcWolrYc9QzR_shJg,Ch-Smb6tWvg
youtube,UC-5_z4KcWolrYc9QzR_shJg,DOF9jzMJW-8
youtube,UC-5_z4KcWolrYc9QzR_shJg,GMtq5om-zag
youtube,UC-5_z4KcWolrYc9QzR_shJg,gxKvcdT3rZQ
youtube,UC-5_z4KcWolrYc9QzR_shJg,h9q9FJelrtc
youtube,UC-5_z4KcWolrYc9QzR_shJg,hgG8kq5Hop4
youtube,UC-5_z4KcWolrYc9QzR_shJg,HZSDIDkTeyk
youtube,UC-5_z4KcWolrYc9QzR_shJg,K8t-qJM0DSY
youtube,UC-5_z4KcWolrYc9QzR_shJg,l7k2ih1wRhE
youtube,UC-5_z4KcWolrYc9QzR_shJg,Mq8K_kKf94A
youtube,UC-5_z4KcWolrYc9QzR_shJg,NSopt4lSQRw
youtube,UC-5_z4KcWolrYc9QzR_shJg,oXr2uNVGmCo
youtube,UC-5_z4KcWolrYc9QzR_shJg,P6DSb5sv5nY
youtube,UC-5_z4KcWolrYc9QzR_shJg,s54N7CwjW9c
youtube,UC-5_z4KcWolrYc9QzR_shJg,U-qt0b5VmTI
youtube,UC-5_z4KcWolrYc9QzR_shJg,u85SnAfzcYA
youtube,UC-5_z4KcWolrYc9QzR_shJg,uBwmpBHNCsU
youtube,UC-5_z4KcWolrYc9QzR_shJg,VGJj8M4oxbA
youtube,UC-5_z4KcWolrYc9QzR_shJg,vJc5pampiEI
youtube,UC-5_z4KcWolrYc9QzR_shJg,vZC9OKh1nag
youtube,UC-5_z4KcWolrYc9QzR_shJg,x_D4U1dusEc
youtube,UC-5a1ps_K9qioGlUSqVyxTw,1QXwAw-UwO8
youtube,UC-5a1ps_K9qioGlUSqVyxTw,xLsQ1A8W0Vw
youtube,UC-5a1ps_K9qioGlUSqVyxTw,zl6toHqSBwQ
youtube,UC-5azBit_78yL2GpAmf5Grg,-PzgPT9z0Ds
youtube,UC-5azBit_78yL2GpAmf5Grg,3JO4PoV3FVE
youtube,UC-5azBit_78yL2GpAmf5Grg,79ACo4016wA
youtube,UC-5azBit_78yL2GpAmf5Grg,8LPZplGQP-c
youtube,UC-5azBit_78yL2GpAmf5Grg,_IN3BeKBKpo
youtube,UC-5azBit_78yL2GpAmf5Grg,aOSoNvpYH7w
youtube,UC-5azBit_78yL2GpAmf5Grg,ee2zmSQ4il0
youtube,UC-5azBit_78yL2GpAmf5Grg,EH_kRSLoZg8
youtube,UC-5azBit_78yL2GpAmf5Grg,GIr981_k4sI
youtube,UC-5azBit_78yL2GpAmf5Grg,NmVqxcBqo0Q
youtube,UC-5azBit_78yL2GpAmf5Grg,npsZ7FBbPHg
youtube,UC-5B0RoxI8FBXgRIvF-eNqA,tYE3JaeaCOg
youtube,UC-5BD0YyQanaK_hPTBmO9hw,4Y3MVWm28G4
youtube,UC-5BtjgCFvq9SS5r_EhvIXA,bACJdmDfXVI
youtube,UC-5bZ_1VdAWC8oh13_6c_VQ,WBq-8QChtdo
youtube,UC-5c2C-zeEQ4tTe-8C7ocrA,LAvBfuuWjZk
youtube,UC-5CooXWod1FLSL2sGKiB-g,eyhjkManjcI
youtube,UC-5CooXWod1FLSL2sGKiB-g,hjabuq0joBs
youtube,UC-5cvtxW-mgAWr4B1qKjMPA,D7VW0-nNYvE
youtube,UC-5cvtxW-mgAWr4B1qKjMPA,Ds8rB8vLMBU
youtube,UC-5cvtxW-mgAWr4B1qKjMPA,hCLIquQv774
youtube,UC-5cvtxW-mgAWr4B1qKjMPA,UbThfbEWT38
youtube,UC-5D-rlrRMEkgnIssvwJoRw,Fpsso1Ufgkk
youtube,UC-5d2afD_U25LppL_AMJWkw,Vmz91LiQ2ow
youtube,UC-5de2vUrInuMqrmch4AH-g,cHYLL1W3RZw
youtube,UC-5dIL84BP125hVnlicKiCw,B0steF7CRZM
youtube,UC-5E3bsSHm1zv_I2rbMe4ng,FIdjzMBanbE
youtube,UC-5E3bsSHm1zv_I2rbMe4ng,IpyjTGz0wsA
youtube,UC-5E3bsSHm1zv_I2rbMe4ng,JPqEMMTzjMI
youtube,UC-5E3bsSHm1zv_I2rbMe4ng,kJxgKY17PlY
youtube,UC-5E3bsSHm1zv_I2rbMe4ng,l08Uog-u7iI
youtube,UC-5E3bsSHm1zv_I2rbMe4ng,mVR9gSKmy8o
youtube,UC-5E3bsSHm1zv_I2rbMe4ng,QvUImi2dU6Y
youtube,UC-5E3bsSHm1zv_I2rbMe4ng,zKd4FNfUQvY
youtube,UC-5ehU15rbeGS_6mGfWcSww,-RORGMiE2ZQ
youtube,UC-5ehU15rbeGS_6mGfWcSww,ayRqbk_jyXo
youtube,UC-5ehU15rbeGS_6mGfWcSww,KbTOjQ34LTM
youtube,UC-5ehU15rbeGS_6mGfWcSww,R87oR3silk0
youtube,UC-5f95vpy1s30C7aO7FV9eg,rshrZivzJX8
youtube,UC-5f9crzl6ko5hNh3zKOljQ,_BgoI2Jx08w
youtube,UC-5f9crzl6ko5hNh3zKOljQ,bACJdmDfXVI
youtube,UC-5f9crzl6ko5hNh3zKOljQ,hyUEZTA-YJQ
youtube,UC-5f9crzl6ko5hNh3zKOljQ,who0UKZ5mnM
youtube,UC-5fdqvgOIhOP-qUoz-wNUQ,DlRTjK4UrB0
youtube,UC-5fU7ysLLIJ2kG_xL1Deyw,4QXgqO__Ds4
youtube,UC-5G72LhJKRP8Zh4qXaxDmw,79ACo4016wA
youtube,UC-5GBzzktQQR_DKj9Tm5leQ,7oAP4yaat58
youtube,UC-5GBzzktQQR_DKj9Tm5leQ,t4s_RSDgE98
youtube,UC-5gOhRi2MuaPCU26fSJiww,sW4Og8HXyOg
youtube,UC-5gOhRi2MuaPCU26fSJiww,uibYkU3UWuA
youtube,UC-5gsaADU0z1_tLcaxYyN-w,-47q9QYbd1U
youtube,UC-5gsaADU0z1_tLcaxYyN-w,0O1tIBR1INQ
youtube,UC-5gsaADU0z1_tLcaxYyN-w,1QXwAw-UwO8
youtube,UC-5gsaADU0z1_tLcaxYyN-w,4C1Ohkor0yI
youtube,UC-5gsaADU0z1_tLcaxYyN-w,6NI8YjHit8Y
youtube,UC-5gsaADU0z1_tLcaxYyN-w,7xPAqPbhDaY
youtube,UC-5gsaADU0z1_tLcaxYyN-w,A1jgTsG-Wdk
youtube,UC-5gsaADU0z1_tLcaxYyN-w,CdihgG0vMhs
youtube,UC-5gsaADU0z1_tLcaxYyN-w,dITN2PGJTPE
youtube,UC-5gsaADU0z1_tLcaxYyN-w,e7sqYzNegIw
youtube,UC-5gsaADU0z1_tLcaxYyN-w,ikFmuvh4Hvk
youtube,UC-5gsaADU0z1_tLcaxYyN-w,IpyjTGz0wsA
youtube,UC-5gsaADU0z1_tLcaxYyN-w,Iwasi7S0zwk
youtube,UC-5gsaADU0z1_tLcaxYyN-w,mCy6m7u8xL8
youtube,UC-5gsaADU0z1_tLcaxYyN-w,mfaComDoKLE
youtube,UC-5gsaADU0z1_tLcaxYyN-w,rZeiQvM9qkw
youtube,UC-5gsaADU0z1_tLcaxYyN-w,s5JwuDhEKDk
youtube,UC-5gsaADU0z1_tLcaxYyN-w,tlTiUvKVfP8
youtube,UC-5gsaADU0z1_tLcaxYyN-w,vnPyS9vvjgQ
youtube,UC-5gsaADU0z1_tLcaxYyN-w,W9HO3c4rUmY
youtube,UC-5gsaADU0z1_tLcaxYyN-w,wKxwAaEJVG4
youtube,UC-5gsaADU0z1_tLcaxYyN-w,wZT1ih430cw
youtube,UC-5gsaADU0z1_tLcaxYyN-w,ycOh7Lv3z0o
youtube,UC-5gsaADU0z1_tLcaxYyN-w,yt_AJ2YUDw4
youtube,UC-5gsaADU0z1_tLcaxYyN-w,ZlTwK_K50vM
youtube,UC-5gsaADU0z1_tLcaxYyN-w,ZsGloK89AVs
youtube,UC-5h5pJvV_Vcoy6oZMAn1cQ,zARgkIIpx5s
youtube,UC-5HiYCIYAIJmY9ARGYhoYw,5xncs-QC-Bg
youtube,UC-5hkwj2njhivadaCrP-C9g,SpzWZFG2X8E
youtube,UC-5i_j9fl6absay5lAWscIQ,wT0hG1f79Q4
youtube,UC-5iJwwO_h9XKO2epvRRqGA,ghAdeT60_HQ
youtube,UC-5iJwwO_h9XKO2epvRRqGA,xj02S2waGOw
youtube,UC-5JhzHM80ytXkvaE3tvkYA,-SRbC5dj1Og
youtube,UC-5JhzHM80ytXkvaE3tvkYA,1AemxivRQRE
youtube,UC-5JhzHM80ytXkvaE3tvkYA,6O4XZJV_zdI
youtube,UC-5JhzHM80ytXkvaE3tvkYA,7o9x1r9vxhs
youtube,UC-5JhzHM80ytXkvaE3tvkYA,9Glrq39hIT4
youtube,UC-5JhzHM80ytXkvaE3tvkYA,B_lfet8d-wE
youtube,UC-5JhzHM80ytXkvaE3tvkYA,buaHrPF5Dic
youtube,UC-5JhzHM80ytXkvaE3tvkYA,DJc4MpMkdnI
youtube,UC-5JhzHM80ytXkvaE3tvkYA,FIdjzMBanbE
youtube,UC-5JhzHM80ytXkvaE3tvkYA,gPYJDUh870A
youtube,UC-5JhzHM80ytXkvaE3tvkYA,gvDGa3Fw2Jc
youtube,UC-5JhzHM80ytXkvaE3tvkYA,LbYThEp_zWk
youtube,UC-5JhzHM80ytXkvaE3tvkYA,mg6sanuPR_Q
youtube,UC-5JhzHM80ytXkvaE3tvkYA,NfnwnjSXSE8
youtube,UC-5JhzHM80ytXkvaE3tvkYA,oaaT9NPBoHQ
youtube,UC-5JhzHM80ytXkvaE3tvkYA,p7YAhdhbuYg
youtube,UC-5JhzHM80ytXkvaE3tvkYA,pr61-dQzP2o
youtube,UC-5JhzHM80ytXkvaE3tvkYA,QoAWZGEnxEg
youtube,UC-5JhzHM80ytXkvaE3tvkYA,QX1nVDTcUcg
youtube,UC-5JhzHM80ytXkvaE3tvkYA,ULx3k05IZBM
youtube,UC-5JhzHM80ytXkvaE3tvkYA,uWTO6556G3A
youtube,UC-5jOUOIR5gTxRgovrO1mVA,igQQxvDay2A
youtube,UC-5k7G48l-LD02TX5VwwC_w,aNeFY5q7Fyg
youtube,UC-5KoNt8FmA9avP6eBZSzTw,wT0hG1f79Q4
youtube,UC-5KqaUrVzsaxrornlCiD8g,ai0gN8q2MTQ
youtube,UC-5KqaUrVzsaxrornlCiD8g,Ds8rB8vLMBU
youtube,UC-5KqaUrVzsaxrornlCiD8g,kkW7WwrPAKw
youtube,UC-5KqaUrVzsaxrornlCiD8g,R9VrhWS7m_E
youtube,UC-5KqaUrVzsaxrornlCiD8g,tzHEuiA141Y
youtube,UC-5kTIHiKm8gb2H9tlq_ivg,2-2Svg-o1-Q
youtube,UC-5kTIHiKm8gb2H9tlq_ivg,B_RE0DKdgrs
youtube,UC-5kTIHiKm8gb2H9tlq_ivg,Ds8rB8vLMBU
youtube,UC-5kTIHiKm8gb2H9tlq_ivg,HMByjbtmT88
youtube,UC-5lB0LyQiMR-QBJRqzTIIQ,GurYhZNduBE
youtube,UC-5lHGSHKy8FmiYYOSZLo_g,-LyOfxRpftQ
youtube,UC-5lHGSHKy8FmiYYOSZLo_g,0V4Z7GrKomQ
youtube,UC-5lHGSHKy8FmiYYOSZLo_g,0xpubUKWoLA
youtube,UC-5lHGSHKy8FmiYYOSZLo_g,2RU8sHlsEKo
youtube,UC-5lHGSHKy8FmiYYOSZLo_g,5K2zOgMllac
youtube,UC-5lHGSHKy8FmiYYOSZLo_g,8kpAsc5opRw
youtube,UC-5lHGSHKy8FmiYYOSZLo_g,_HBEOWpEIu8
youtube,UC-5lHGSHKy8FmiYYOSZLo_g,AeeARlgtgIA
youtube,UC-5lHGSHKy8FmiYYOSZLo_g,bElj1bQzHT0
youtube,UC-5lHGSHKy8FmiYYOSZLo_g,BhcC-Izzelk
youtube,UC-5lHGSHKy8FmiYYOSZLo_g,bQd2ojBOf6c
youtube,UC-5lHGSHKy8FmiYYOSZLo_g,CXXo9QDBl84
youtube,UC-5lHGSHKy8FmiYYOSZLo_g,FIhxgInNzWE
youtube,UC-5lHGSHKy8FmiYYOSZLo_g,GYwfzbUbHsM
youtube,UC-5lHGSHKy8FmiYYOSZLo_g,GZ9SI3zu4cE
youtube,UC-5lHGSHKy8FmiYYOSZLo_g,H7mCARWoz_A
youtube,UC-5lHGSHKy8FmiYYOSZLo_g,hVb7-TNg1jE
youtube,UC-5lHGSHKy8FmiYYOSZLo_g,jaF5kGzHt2I
youtube,UC-5lHGSHKy8FmiYYOSZLo_g,JKAsT-I2d_8
youtube,UC-5lHGSHKy8FmiYYOSZLo_g,JtlAVRtb6XE
youtube,UC-5lHGSHKy8FmiYYOSZLo_g,KrDitZa1qf0
youtube,UC-5lHGSHKy8FmiYYOSZLo_g,M120sVpK3N0
youtube,UC-5lHGSHKy8FmiYYOSZLo_g,nSu96WnlcA4
youtube,UC-5lHGSHKy8FmiYYOSZLo_g,OL-VcgRv1HE
youtube,UC-5lHGSHKy8FmiYYOSZLo_g,OzyEzqwIiaA
youtube,UC-5lHGSHKy8FmiYYOSZLo_g,p2JM1JxLNFA
youtube,UC-5lHGSHKy8FmiYYOSZLo_g,Po4Ko1X2qcQ
youtube,UC-5lHGSHKy8FmiYYOSZLo_g,PoixJ-bJ0VQ
youtube,UC-5lHGSHKy8FmiYYOSZLo_g,pUSDspWV5-M
youtube,UC-5lHGSHKy8FmiYYOSZLo_g,Qqn2VhQhp-8
youtube,UC-5lHGSHKy8FmiYYOSZLo_g,qs49BAz7MbE
youtube,UC-5lHGSHKy8FmiYYOSZLo_g,SewZbJXMF9I
youtube,UC-5lHGSHKy8FmiYYOSZLo_g,T-A04uptQ8I
youtube,UC-5lHGSHKy8FmiYYOSZLo_g,t6rjvTm-E0Q
youtube,UC-5lHGSHKy8FmiYYOSZLo_g,TSbDjaFdwso
youtube,UC-5lHGSHKy8FmiYYOSZLo_g,v3AH_vjWkvg
youtube,UC-5lHGSHKy8FmiYYOSZLo_g,vkSQWLrWOm8
youtube,UC-5lHGSHKy8FmiYYOSZLo_g,vueh5cZubaw
youtube,UC-5lHGSHKy8FmiYYOSZLo_g,wfWBW9zun-g
youtube,UC-5lHGSHKy8FmiYYOSZLo_g,X46gN8DSfQg
youtube,UC-5lHGSHKy8FmiYYOSZLo_g,xNP7DHeP9zY
youtube,UC-5lHGSHKy8FmiYYOSZLo_g,yXUiDvxkkSQ
youtube,UC-5lHGSHKy8FmiYYOSZLo_g,ZU3IT5cHCyk
youtube,UC-5LWuBYyKRy6ucHOo26hZA,yKTwDrxnAPc
youtube,UC-5m4yCaOrWlO8SbS-kqbVQ,xnigYdAlvaQ
youtube,UC-5M6ieVUcPmu91Fy84DIgA,_WMv67OKdlE
youtube,UC-5M6ieVUcPmu91Fy84DIgA,xe6haOawEjo
youtube,UC-5MaybLGJW7Xn4Ij1xW9hg,sM8dzaLwgEg
youtube,UC-5mcRiae0AODWsco9wBpLA,ghp98qjhK-0
youtube,UC-5MdGdFAINF6c0qEjeXMKQ,XAvO7GtBTJU
youtube,UC-5MYLQsUNbr93f9xRMN7WA,5xncs-QC-Bg
youtube,UC-5nFLgmc4GPgLMXS6OQVKQ,0goTV_Q6QcE
youtube,UC-5nx_mtgk9HRCFJK-Ba2bA,Ds8rB8vLMBU
youtube,UC-5nx_mtgk9HRCFJK-Ba2bA,GYRgFt9UMiw
youtube,UC-5nx_mtgk9HRCFJK-Ba2bA,HMByjbtmT88
youtube,UC-5nx_mtgk9HRCFJK-Ba2bA,ZJS2o4a3Ex4
youtube,UC-5oBH9VydO9HDtLilcTnig,HMByjbtmT88
youtube,UC-5oBH9VydO9HDtLilcTnig,yOX4ciBsUV8
youtube,UC-5oK12_mjxS_IXQV9ke7PQ,8k3NankSOXQ
youtube,UC-5oK12_mjxS_IXQV9ke7PQ,9jFZiMZM2NA
youtube,UC-5oK12_mjxS_IXQV9ke7PQ,abOIBoj0XY4
youtube,UC-5oK12_mjxS_IXQV9ke7PQ,D0obaLOw80c
youtube,UC-5oK12_mjxS_IXQV9ke7PQ,gLNRr80Nuw4
youtube,UC-5oK12_mjxS_IXQV9ke7PQ,QoNQXjp8RrU
youtube,UC-5oK12_mjxS_IXQV9ke7PQ,v56vGvBscSs
youtube,UC-5oK12_mjxS_IXQV9ke7PQ,V7MmFgY0gbM
youtube,UC-5oK12_mjxS_IXQV9ke7PQ,xyQHpYy7ImM
youtube,UC-5oK12_mjxS_IXQV9ke7PQ,Z4jbNCTeyWY
youtube,UC-5Om0aqKu8A7vBylytI-Ag,cu-81boDJ3E
youtube,UC-5Om0aqKu8A7vBylytI-Ag,FCwoM5eVG0s
youtube,UC-5Om0aqKu8A7vBylytI-Ag,plAWXW6vLm0
youtube,UC-5Om0aqKu8A7vBylytI-Ag,xW_UJLp7us8
youtube,UC-5Om0aqKu8A7vBylytI-Ag,ylF_aCYui3c
youtube,UC-5oOSC7GYSjlFoSwoB8zAg,A5b7tPsB7FM
youtube,UC-5oOSC7GYSjlFoSwoB8zAg,C54xc73_uJQ
youtube,UC-5oOSC7GYSjlFoSwoB8zAg,H01qUPXE9Rs
youtube,UC-5oOSC7GYSjlFoSwoB8zAg,lzBDX96PV34
youtube,UC-5oOSC7GYSjlFoSwoB8zAg,mr-dPTVvvuM
youtube,UC-5oOSC7GYSjlFoSwoB8zAg,NSmXCuLJgRE
youtube,UC-5oOSC7GYSjlFoSwoB8zAg,oKr9kf_09Dw
youtube,UC-5oOSC7GYSjlFoSwoB8zAg,R3TdOVGdYew
youtube,UC-5OVHXAISnpSV_pG_UKMHA,6FLjMdxACbM
youtube,UC-5q6F2j_OxBxDc4j4oactQ,_hVdL_3A12I
youtube,UC-5QjcAf-6F4hl_V2MPjZsA,cWFEzckhTio
youtube,UC-5qKP0MFtI9JA46hHBZoGw,ly4hZ70hJ28
youtube,UC-5QQxH_YncYIJyIIYhGqhw,09LSf6gh1YM
youtube,UC-5QQxH_YncYIJyIIYhGqhw,LVERTeiy6WE
youtube,UC-5qXwXhuqyqA7Kzqhfu3nA,wT0hG1f79Q4
youtube,UC-5raJ1xueDJMonC2fpjPBQ,1vu7aQGdShs
youtube,UC-5sb9Q2xS7Cn9xV3_qmRUQ,TG0o41ssCzw
youtube,UC-5SIWCMXhMxSb3ObreVZtw,cu-81boDJ3E
youtube,UC-5SK2Y9y9fmzgZnaXm-7dA,_qm1-JKNKa8
youtube,UC-5SlyYPy7kovqtZRUzQ3wQ,33SHuyfLDbU
youtube,UC-5SlyYPy7kovqtZRUzQ3wQ,Dxn04-7S_60
youtube,UC-5SlyYPy7kovqtZRUzQ3wQ,NKL_1U3xc6o
youtube,UC-5SQKjKYQOlT1woeYixtVA,4BYA34zaQDY
youtube,UC-5Tp8GDbhmq7nLRx3LVKWg,4xjrGP90oyU
youtube,UC-5Tp8GDbhmq7nLRx3LVKWg,aOSoNvpYH7w
youtube,UC-5Tp8GDbhmq7nLRx3LVKWg,X63Q6v2Br-Q
youtube,UC-5Tp8GDbhmq7nLRx3LVKWg,yDvn-A03kfg
youtube,UC-5U2OLQw6P1aLZ5mE49VvQ,mrs65qQojro
youtube,UC-5u9DbfoN0N3C7fb_jF2Lg,NKL_1U3xc6o
youtube,UC-5uAdJ1M56YkMUHa-7GR1A,hkoMXRwAmVc
youtube,UC-5uAdJ1M56YkMUHa-7GR1A,mUWUbnDHnDU
youtube,UC-5uAdJ1M56YkMUHa-7GR1A,Q0AjT6aiyNs
youtube,UC-5uAdJ1M56YkMUHa-7GR1A,s1eIbMgZ-LU
youtube,UC-5uAdJ1M56YkMUHa-7GR1A,ztxzga187Lk
youtube,UC-5uBXgoCrtEbKdWLQb-nMg,lbFzdv2Zlx8
youtube,UC-5ULEy5aPY0Z-0bZpBkhig,VmbCVOzPf44
youtube,UC-5ULEy5aPY0Z-0bZpBkhig,yE4HoFMOaOc
youtube,UC-5uuqbtndGB5DDs5AvdGCQ,iFt5Pbcq-5Q
youtube,UC-5v8zqfHo5wLxKF8tJO6Lg,465P7HEd5YM
youtube,UC-5VZWzLDzUvfhDH4HeY0Nw,8b-aRT1AVkg
youtube,UC-5VZWzLDzUvfhDH4HeY0Nw,ai0gN8q2MTQ
youtube,UC-5VZWzLDzUvfhDH4HeY0Nw,BFzM2A_zYdk
youtube,UC-5VZWzLDzUvfhDH4HeY0Nw,F2Uco6yTs-Q
youtube,UC-5VZWzLDzUvfhDH4HeY0Nw,hl7uMQ74Ll0
youtube,UC-5VZWzLDzUvfhDH4HeY0Nw,iADENG6Ldsk
youtube,UC-5VZWzLDzUvfhDH4HeY0Nw,ZJS2o4a3Ex4
youtube,UC-5w6ov7BAOn9K5EKWN5osA,-KD4xcSfhZ0
youtube,UC-5Wm3V-b0nXnipNanV--EQ,1v4zq5eICEc
youtube,UC-5Wm3V-b0nXnipNanV--EQ,9MxhF0lGonw
youtube,UC-5Wm3V-b0nXnipNanV--EQ,lASWXQ5x3vc
youtube,UC-5Wm3V-b0nXnipNanV--EQ,QBo3WnyD-mc
youtube,UC-5XfnZWqshQhZV_k0vLV_Q,aCvNBhRm2yI
youtube,UC-5y7BSM9KnFT69ov0s764w,4QXgqO__Ds4
youtube,UC-5y7BSM9KnFT69ov0s764w,Cp0WJP3TcS8
youtube,UC-5y7BSM9KnFT69ov0s764w,xLsQ1A8W0Vw
youtube,UC-5yDaTYeLqlBxMHYB3vA0Q,2IuDzzoeh4Q
youtube,UC-5yh2yIvpEw4ONsxIYyVPw,cHYLL1W3RZw
youtube,UC-5yh2yIvpEw4ONsxIYyVPw,hcZg-IjH-TA
youtube,UC-5yh2yIvpEw4ONsxIYyVPw,Iwasi7S0zwk
youtube,UC-5yh2yIvpEw4ONsxIYyVPw,rp53CT69nDM
youtube,UC-5yh2yIvpEw4ONsxIYyVPw,who0UKZ5mnM
youtube,UC-5yJfN6jJt2rC-EcfbpXVQ,s54N7CwjW9c
youtube,UC-5yJfN6jJt2rC-EcfbpXVQ,wUPXIPDd_vI
youtube,UC-5Yr0FXeH9XcgTL2BEmJWA,pgkxHKxj6_g
youtube,UC-5YrYcLBed6tWXi0U5_Tng,Ds8rB8vLMBU
youtube,UC-5yw9Zuhj-5T6vrHQwpkjA,_g8LslMW4w0
youtube,UC-5yw9Zuhj-5T6vrHQwpkjA,B_lfet8d-wE
youtube,UC-5yw9Zuhj-5T6vrHQwpkjA,HZSDIDkTeyk
youtube,UC-5yw9Zuhj-5T6vrHQwpkjA,kpsXPwN5pvU
youtube,UC-5yw9Zuhj-5T6vrHQwpkjA,WafKNs-TcOU
youtube,UC-5YwVVY7VP91oAUg8U_EDA,ee2zmSQ4il0
youtube,UC-5zbMEX8AUNyBnZu-iLuPg,7eRu_lKEKf0
youtube,UC-5zbMEX8AUNyBnZu-iLuPg,NoTIZ0b_m5s
youtube,UC-5zbMEX8AUNyBnZu-iLuPg,QI4YkmQy6BU
youtube,UC-5zbMEX8AUNyBnZu-iLuPg,wL7Og-Vmy58
youtube,UC-5Zm9xnOKQjkKJ8D123-SQ,EtyFdQm5_60
youtube,UC-5ZoASYZAERtGa7czcUAQg,0uigcfHqYG0
youtube,UC-5ZoASYZAERtGa7czcUAQg,HMByjbtmT88
youtube,UC-5ZY-pqbJvgKcPdoRmfpFw,v3AH_vjWkvg
youtube,UC-6-14Jkcff9_XrDCaSjC5g,wT0hG1f79Q4
youtube,UC-6-mqOmRYrH-MHo_y_3DaA,-SRbC5dj1Og
youtube,UC-6-mqOmRYrH-MHo_y_3DaA,7o9x1r9vxhs
youtube,UC-623pR-20m83py5wfRQaTA,LAvBfuuWjZk
youtube,UC-623pR-20m83py5wfRQaTA,y8xJW6-RS5E
youtube,UC-62NcdLPq3xm9jTaOfUsEw,6JxP6X8mRy8
youtube,UC-62OrMnbE12h0hFHvg2i1A,-47q9QYbd1U
youtube,UC-62OrMnbE12h0hFHvg2i1A,7xPAqPbhDaY
youtube,UC-62OrMnbE12h0hFHvg2i1A,9Qfk4Q_ak8U
youtube,UC-62OrMnbE12h0hFHvg2i1A,9xiM-TVUSDw
youtube,UC-62OrMnbE12h0hFHvg2i1A,BteldVrF4Rs
youtube,UC-62OrMnbE12h0hFHvg2i1A,vnPyS9vvjgQ
youtube,UC-6306eLS-70tOICVFX4AwQ,3g9cMjUhxHo
youtube,UC-6459CZ7SFNtaj-rzHfxMw,QEEJSjdCqDw
youtube,UC-64QoScgMR1gBWdjUx6z6A,CbD38jetjt0
youtube,UC-64QoScgMR1gBWdjUx6z6A,YYoNdQgmY_c
youtube,UC-657d30xYSSL99ObE1JE4w,4oW1Y9tu3Oc
youtube,UC-657d30xYSSL99ObE1JE4w,A1jgTsG-Wdk
youtube,UC-657d30xYSSL99ObE1JE4w,k3Vv2Cg_lYI
youtube,UC-657d30xYSSL99ObE1JE4w,NhbINNjEYzg
youtube,UC-657d30xYSSL99ObE1JE4w,nLCLsTLXkkI
youtube,UC-657d30xYSSL99ObE1JE4w,sM8dzaLwgEg
youtube,UC-657d30xYSSL99ObE1JE4w,uYhs_J5ZYw4
youtube,UC-657d30xYSSL99ObE1JE4w,yfGe_srWO74
youtube,UC-66DePyry4XxNIuzk9jdcA,lASWXQ5x3vc
youtube,UC-66DePyry4XxNIuzk9jdcA,rHd6qo6CpMI
youtube,UC-66DePyry4XxNIuzk9jdcA,ypmAQzYqr8Y
youtube,UC-66RDOeQC825bLyEB2Z2jw,GurYhZNduBE
youtube,UC-6733I6e2GHeB23UMV8vzQ,a38A-VDeyFU
youtube,UC-67zSP1I2w49ye43FIztyg,75Cmvv6c88c
youtube,UC-67zSP1I2w49ye43FIztyg,EaPtUXTOCHw
youtube,UC-67zSP1I2w49ye43FIztyg,i2b6vFfBYEQ
youtube,UC-67zSP1I2w49ye43FIztyg,JYanwc4MzbM
youtube,UC-67zSP1I2w49ye43FIztyg,mzSCbkZsFjY
youtube,UC-67zSP1I2w49ye43FIztyg,U9oVGMT4mZk
youtube,UC-68suAn6w6DkOZFsySHsrg,zARgkIIpx5s
youtube,UC-69m7RikWHs07eHS_Izdhg,BSpDLAbj8gs
youtube,UC-6_x7NSDv5ZFRyFdgyAMDg,QWbOg5Z9BZM
youtube,UC-6b1BURRw0ClrSwwBHh9Pw,2JCJMDRxKjU
youtube,UC-6b1BURRw0ClrSwwBHh9Pw,4TUKQvzs9a4
youtube,UC-6b1BURRw0ClrSwwBHh9Pw,9MxhF0lGonw
youtube,UC-6b1BURRw0ClrSwwBHh9Pw,HZSDIDkTeyk
youtube,UC-6b1BURRw0ClrSwwBHh9Pw,PuyNC3jAQ2M
youtube,UC-6b2U-NGqoQYVnoldBDt1A,QX1nVDTcUcg
youtube,UC-6beZqx12BNzkLLsB05TTg,ly4hZ70hJ28
youtube,UC-6cVDmVJcmcIJGkpI_9ceA,EaPtUXTOCHw
youtube,UC-6cVDmVJcmcIJGkpI_9ceA,KNPYM2eQReE
youtube,UC-6cVDmVJcmcIJGkpI_9ceA,luBQwW7Nd8g
youtube,UC-6cVDmVJcmcIJGkpI_9ceA,Tw2BrAGJaCQ
youtube,UC-6cZsJs4r7FH1k1JiM3f7Q,Ds8rB8vLMBU
youtube,UC-6d3TuNVu0jZdSYK_s1MDQ,Q-fFJzKNIKw
youtube,UC-6d6v7qQibsNvouS8OwzgQ,fXXa1KYJsfc
youtube,UC-6d6v7qQibsNvouS8OwzgQ,zgIBHiOygx0
youtube,UC-6D_Ysfigvnwt9Xeo7dMtQ,-Oqmb0Q-i1Y
youtube,UC-6DHvDK5VuWy6LoL1vU0Jg,09LSf6gh1YM
youtube,UC-6dUcJuN7aVT9L9EXZy3PA,aCvNBhRm2yI
youtube,UC-6DVvFkxOWhkzewFAzIxJQ,ZEGyaBZHC_Q
youtube,UC-6dxutwzKJIH2e9duedO9Q,6wHc-n9-TlI
youtube,UC-6EDmqYGw8WwHiyubXybFA,TSNnBRrx4Ss
youtube,UC-6EDmqYGw8WwHiyubXybFA,ViRNbZy6aag
youtube,UC-6egoFazKOelamg7hhxeOw,QTBMQDJNIm0
youtube,UC-6ESiJTHQgvq8-cwrDDiLA,ddxb6cAeyBA
youtube,UC-6F1jT52mxKdYGKp5mk4cg,fJEGKbdKHeA
youtube,UC-6fSntWkUqtOeVF82mjp-g,kDYtqZm1ZPw
youtube,UC-6fSntWkUqtOeVF82mjp-g,OrHKmDvHAuQ
youtube,UC-6fW5glgpqw1hbOO5eqHnw,0uigcfHqYG0
youtube,UC-6G7ebocJo9Mt_9TYGzysQ,J4CS3rOW6cE
youtube,UC-6GerPXfofPg1bluKGJGOw,r02IK-tJ4PU
youtube,UC-6gTESLiCN2WSyzOmKdeGQ,PYhLV2tK57A
youtube,UC-6gWoGxxuX2Y4PlUglnpoA,JM6fbPkynEE
youtube,UC-6hAtI8x-qlXqdM6jIKKEA,0NIvVtAXuJU
youtube,UC-6hAtI8x-qlXqdM6jIKKEA,emYfDbmce8k
youtube,UC-6hAtI8x-qlXqdM6jIKKEA,FOb0i5qk7oM
youtube,UC-6HCLbXD1UkLDTDKTW9uEg,AmBwN1B4ovw
youtube,UC-6HEnKY3aIvWcBiftono0w,4KOcZk2HTcg
youtube,UC-6HEnKY3aIvWcBiftono0w,6SXXcLZiu70
youtube,UC-6HEnKY3aIvWcBiftono0w,8fk2XrmGSrM
youtube,UC-6HEnKY3aIvWcBiftono0w,A1jgTsG-Wdk
youtube,UC-6HEnKY3aIvWcBiftono0w,As0avziR6WQ
youtube,UC-6HEnKY3aIvWcBiftono0w,DOF9jzMJW-8
youtube,UC-6HEnKY3aIvWcBiftono0w,IhoONh-_nDQ
youtube,UC-6HEnKY3aIvWcBiftono0w,jaCGUwD9CGg
youtube,UC-6HEnKY3aIvWcBiftono0w,JGq8FooN2MM
youtube,UC-6HEnKY3aIvWcBiftono0w,l08Uog-u7iI
youtube,UC-6HEnKY3aIvWcBiftono0w,lNCszsia-CE
youtube,UC-6HEnKY3aIvWcBiftono0w,mct1YDqB-C0
youtube,UC-6HEnKY3aIvWcBiftono0w,rp53CT69nDM
youtube,UC-6HEnKY3aIvWcBiftono0w,tzHEuiA141Y
youtube,UC-6HEnKY3aIvWcBiftono0w,xj02S2waGOw
youtube,UC-6HerAaesPddPgN76NIg7g,n2xQ112p4Kg
youtube,UC-6Hk0W68NqPQygAQ_lgDcA,2ssv1mmEBPI
youtube,UC-6Hk0W68NqPQygAQ_lgDcA,_a9wL5xOS5U
youtube,UC-6Hta5tgf4w9aNc1edRtIQ,99WNa4MV5o8
youtube,UC-6IKymeVCviiLIl4tYUs-g,lzgkqbAD8Ds
youtube,UC-6iuMCixot-Bck6uLxlHYQ,uFnm7plzitU
youtube,UC-6ix2YiUXPLd2qo-8alqOA,D7VW0-nNYvE
youtube,UC-6iyL5SuIU7t-SSdeXoeTQ,I6ycWH4uiM8
youtube,UC-6JDXV3yChJk8i8BCGRD-w,wT0hG1f79Q4
youtube,UC-6jeuPMP1hxrWfT0c0S5Cw,1RaxCIEg3gc
youtube,UC-6jeuPMP1hxrWfT0c0S5Cw,bupcF6Cdl50
youtube,UC-6jeuPMP1hxrWfT0c0S5Cw,J2sWno5oMT8
youtube,UC-6jeuPMP1hxrWfT0c0S5Cw,KHIRlAwLJ2U
youtube,UC-6jeuPMP1hxrWfT0c0S5Cw,zARgkIIpx5s
youtube,UC-6JISv0xBEOCsnPtdNRODQ,GAYniio9qAg
youtube,UC-6JISv0xBEOCsnPtdNRODQ,hQZ5xtsg8ks
youtube,UC-6JISv0xBEOCsnPtdNRODQ,i309XhSuyVM
youtube,UC-6JISv0xBEOCsnPtdNRODQ,qbH_ttrXOU8
youtube,UC-6l-Gk12T5zX8BYKWIlMDg,DE_xyRE7qCc
youtube,UC-6LDUJPwka6F6hdkQ7LQDA,aq9OXGxxwo4
youtube,UC-6LDUJPwka6F6hdkQ7LQDA,AULvitN7KtM
youtube,UC-6LDUJPwka6F6hdkQ7LQDA,mo1iwPK4Jf4
youtube,UC-6LDUJPwka6F6hdkQ7LQDA,SQQxZbYFk_o
youtube,UC-6lv-Z0kEriJs36YbRKlnQ,Iww77mtV9lQ
youtube,UC-6n2qlvCM_M1U3dFpZ_amQ,4mhKaESdMpI
youtube,UC-6nAgTtHAuHnsh2jWhuIxA,ANaPfA73ODc
youtube,UC-6nAgTtHAuHnsh2jWhuIxA,Au-Fiy4oGms
youtube,UC-6nAgTtHAuHnsh2jWhuIxA,FyjSzHnD1xg
youtube,UC-6nAgTtHAuHnsh2jWhuIxA,gCGBiChQmTA
youtube,UC-6nAgTtHAuHnsh2jWhuIxA,iBAo343kb3w
youtube,UC-6nAgTtHAuHnsh2jWhuIxA,IrHDjgJqfrQ
youtube,UC-6nAgTtHAuHnsh2jWhuIxA,PapoKZ9YsAg
youtube,UC-6nAgTtHAuHnsh2jWhuIxA,suNJngBwUPE
youtube,UC-6nOi1ZaX7vyWVt5mYzFZw,A_USZ2b-OVw
youtube,UC-6nOi1ZaX7vyWVt5mYzFZw,oOMioMgbVl0
youtube,UC-6nOi1ZaX7vyWVt5mYzFZw,SNwqumPDxes
youtube,UC-6nOi1ZaX7vyWVt5mYzFZw,y3isK1bg7gQ
youtube,UC-6nRxuHI3SVXgE9s3el3wA,2MGXZ-D31Bc
youtube,UC-6nRxuHI3SVXgE9s3el3wA,sN7zPeGs4R8
youtube,UC-6nRxuHI3SVXgE9s3el3wA,u85SnAfzcYA
youtube,UC-6nRxuHI3SVXgE9s3el3wA,WafKNs-TcOU
youtube,UC-6obZEASLnULDW7584fjJA,3E6a3sK0k5Y
youtube,UC-6Oee62kru6KbiStPtzt1w,4oW1Y9tu3Oc
youtube,UC-6Oee62kru6KbiStPtzt1w,5DAj3AzMWC4
youtube,UC-6Oee62kru6KbiStPtzt1w,5TuUdQQ-p-w
youtube,UC-6Oee62kru6KbiStPtzt1w,66psxgu1lKI
youtube,UC-6Oee62kru6KbiStPtzt1w,8QRTDEJbvjU
youtube,UC-6Oee62kru6KbiStPtzt1w,_aQ_A5MmMF0
youtube,UC-6Oee62kru6KbiStPtzt1w,aq9OXGxxwo4
youtube,UC-6Oee62kru6KbiStPtzt1w,As0avziR6WQ
youtube,UC-6Oee62kru6KbiStPtzt1w,AuP0Y9Slvyk
youtube,UC-6Oee62kru6KbiStPtzt1w,baRdC9kr1rk
youtube,UC-6Oee62kru6KbiStPtzt1w,bd4jb_-JixA
youtube,UC-6Oee62kru6KbiStPtzt1w,F70RH537AiE
youtube,UC-6Oee62kru6KbiStPtzt1w,g9Vst9R2xgo
youtube,UC-6Oee62kru6KbiStPtzt1w,hcZg-IjH-TA
youtube,UC-6Oee62kru6KbiStPtzt1w,IeOAf7aZ4xk
youtube,UC-6Oee62kru6KbiStPtzt1w,Iwasi7S0zwk
youtube,UC-6Oee62kru6KbiStPtzt1w,jHYz2xUJfaE
youtube,UC-6Oee62kru6KbiStPtzt1w,JujDr3aA0ec
youtube,UC-6Oee62kru6KbiStPtzt1w,kkUmaMdw0vA
youtube,UC-6Oee62kru6KbiStPtzt1w,Ko9qp_KKJ38
youtube,UC-6Oee62kru6KbiStPtzt1w,KukmLScsE3g
youtube,UC-6Oee62kru6KbiStPtzt1w,l5zWJFrDB_Q
youtube,UC-6Oee62kru6KbiStPtzt1w,LW3YmQA8M4I
youtube,UC-6Oee62kru6KbiStPtzt1w,NeuoBesVBgI
youtube,UC-6Oee62kru6KbiStPtzt1w,NhbINNjEYzg
youtube,UC-6Oee62kru6KbiStPtzt1w,P1ZwwYRziT0
youtube,UC-6Oee62kru6KbiStPtzt1w,pSxHs6HeCws
youtube,UC-6Oee62kru6KbiStPtzt1w,PYVl0YSZwRw
youtube,UC-6Oee62kru6KbiStPtzt1w,q-AB5lpvnzs
youtube,UC-6Oee62kru6KbiStPtzt1w,q20jbOSINW4
youtube,UC-6Oee62kru6KbiStPtzt1w,QvUImi2dU6Y
youtube,UC-6Oee62kru6KbiStPtzt1w,rcF7zG79dac
youtube,UC-6Oee62kru6KbiStPtzt1w,s6lC-7eneiY
youtube,UC-6Oee62kru6KbiStPtzt1w,W93Zv8flGg0
youtube,UC-6Oee62kru6KbiStPtzt1w,YYoNdQgmY_c
youtube,UC-6Oee62kru6KbiStPtzt1w,zyDFK_9pl6M
youtube,UC-6OfejW_ue1bhUl1IDpc3Q,nPTcmB4Pgo8
youtube,UC-6OGSQwPb_61DqAgzFjsvg,ycOh7Lv3z0o
youtube,UC-6omvnZXzruM23Z3Zkk9Ww,kR_rLlYTGsA
youtube,UC-6osbIzSUzi2ADIRhJn1Qg,DbVkk-D84Vk
youtube,UC-6osbIzSUzi2ADIRhJn1Qg,JEIjWLvw6LA
youtube,UC-6paX-k7Fa4kpmo4Sd-kig,V6KaQAh2idA
youtube,UC-6pdWPNd_oFBnJF6gC3fOg,Cr957blZnsg
youtube,UC-6PMXdAS5T1nvjDzmMeclA,CdihgG0vMhs
youtube,UC-6PMXdAS5T1nvjDzmMeclA,ZADi-6yBDqQ
youtube,UC-6q_GpOX75AiQ4XP-96J7A,xj02S2waGOw
youtube,UC-6qACCNHA2Ka2G5LCMt8zw,YxuK4clOWYQ
youtube,UC-6QGxI2mDyg5UdGc7FQaYw,eLn7T1QQ5Xo
youtube,UC-6QGxI2mDyg5UdGc7FQaYw,EuA6OirjhWU
youtube,UC-6QGxI2mDyg5UdGc7FQaYw,NEJUAETMUs0
youtube,UC-6QGxI2mDyg5UdGc7FQaYw,ui1W7jvxRS0
youtube,UC-6QGxI2mDyg5UdGc7FQaYw,wZhypbg41gA
youtube,UC-6QGxI2mDyg5UdGc7FQaYw,XY2rpOyyGy4
youtube,UC-6qoo5-JMs6G1egkwSDqNg,5aW3FGKr4g4
youtube,UC-6qoo5-JMs6G1egkwSDqNg,5eueeEHRMfA
youtube,UC-6QszkPi_3fL-X4trIPjgw,cyF3kAxKdrQ
youtube,UC-6qveAQoPFRDARovUdvI-Q,yAisgClYJFo
youtube,UC-6sbXPx9EdXJD_3_l0j-rw,DIWA7Q95GZw
youtube,UC-6sbXPx9EdXJD_3_l0j-rw,kPkD_UoJSmk
youtube,UC-6SCvaZIsbfLHMEVieFFYA,s5cnwibaBTE
youtube,UC-6sdI6R1QqyabBeyn9dpQA,33SHuyfLDbU
youtube,UC-6sdI6R1QqyabBeyn9dpQA,cWFEzckhTio
youtube,UC-6sdI6R1QqyabBeyn9dpQA,fpRjrvtW5BA
youtube,UC-6sdI6R1QqyabBeyn9dpQA,HZ5P2-aNKS0
youtube,UC-6sdI6R1QqyabBeyn9dpQA,ym6wHr9h074
youtube,UC-6sjoWnBD_zZf0cIr7SbVg,eAyfyo1ssWw
youtube,UC-6sjoWnBD_zZf0cIr7SbVg,HAHy0ZLoHFs
youtube,UC-6sjoWnBD_zZf0cIr7SbVg,P7HZ7E9n8IA
youtube,UC-6sjoWnBD_zZf0cIr7SbVg,uK_jrs6WQ1s
youtube,UC-6SwMuHLtOrPRu9BzoZd-w,0lVCcJrGKX0
youtube,UC-6SwMuHLtOrPRu9BzoZd-w,aRHuqFbpGvY
youtube,UC-6tTs3TXqUM1LelwR-FvTA,MQdz4ZMbSk4
youtube,UC-6tTs3TXqUM1LelwR-FvTA,qpy3a5QCGEY
youtube,UC-6tTs3TXqUM1LelwR-FvTA,YF3flUd3mM8
youtube,UC-6tTs3TXqUM1LelwR-FvTA,YSKFFO-4ezo
youtube,UC-6tTs3TXqUM1LelwR-FvTA,zJt0eo0bezE
youtube,UC-6TVvnhRzpyFPRJtMpzrfA,26BxPGMkZNw
youtube,UC-6TVvnhRzpyFPRJtMpzrfA,a3WbieYeqoA
youtube,UC-6TVvnhRzpyFPRJtMpzrfA,xj02S2waGOw
youtube,UC-6U2jC1LSN81VqL2S9lpWA,3i4xoUmwuRY
youtube,UC-6uKwRkCTRpLsS2EzjM0NA,Ds8rB8vLMBU
youtube,UC-6uKwRkCTRpLsS2EzjM0NA,jaCGUwD9CGg
youtube,UC-6uKwRkCTRpLsS2EzjM0NA,Wp8wwiil16g
youtube,UC-6UNOAxjVr5WGSH9B-DShA,46AsAw20btI
youtube,UC-6uZrANoX-wjpaTf7Q3Apw,qLfyxFm6x4o
youtube,UC-6vG57NYI1xlpjh2sqNcQw,xj02S2waGOw
youtube,UC-6w5gJQ2OgRd0Cq1pRNjdQ,-47q9QYbd1U
youtube,UC-6w5gJQ2OgRd0Cq1pRNjdQ,2dhpa-m564s
youtube,UC-6w5gJQ2OgRd0Cq1pRNjdQ,5eueeEHRMfA
youtube,UC-6w5gJQ2OgRd0Cq1pRNjdQ,5u3UoHJtUNA
youtube,UC-6w5gJQ2OgRd0Cq1pRNjdQ,7nNRzQ76AwM
youtube,UC-6w5gJQ2OgRd0Cq1pRNjdQ,8b-aRT1AVkg
youtube,UC-6w5gJQ2OgRd0Cq1pRNjdQ,A1kCq_mIK7Q
youtube,UC-6w5gJQ2OgRd0Cq1pRNjdQ,BFzM2A_zYdk
youtube,UC-6w5gJQ2OgRd0Cq1pRNjdQ,BwdcG9va6ek
youtube,UC-6w5gJQ2OgRd0Cq1pRNjdQ,Dc0hl8NXztw
youtube,UC-6w5gJQ2OgRd0Cq1pRNjdQ,fhz67WAgFxE
youtube,UC-6w5gJQ2OgRd0Cq1pRNjdQ,FOGezI672Rw
youtube,UC-6w5gJQ2OgRd0Cq1pRNjdQ,fYjbO6X5WOs
youtube,UC-6w5gJQ2OgRd0Cq1pRNjdQ,kYRdbrjpKMk
youtube,UC-6w5gJQ2OgRd0Cq1pRNjdQ,l9Bck0PQAkI
youtube,UC-6w5gJQ2OgRd0Cq1pRNjdQ,moRMSB0Pvew
youtube,UC-6w5gJQ2OgRd0Cq1pRNjdQ,MYb6LLtQXIs
youtube,UC-6w5gJQ2OgRd0Cq1pRNjdQ,OlvyXs6VfhU
youtube,UC-6w5gJQ2OgRd0Cq1pRNjdQ,pddHB6tFgnA
youtube,UC-6w5gJQ2OgRd0Cq1pRNjdQ,q20jbOSINW4
youtube,UC-6w5gJQ2OgRd0Cq1pRNjdQ,QrM0v_3Atzc
youtube,UC-6w5gJQ2OgRd0Cq1pRNjdQ,tzHEuiA141Y
youtube,UC-6w5gJQ2OgRd0Cq1pRNjdQ,vaqMdKd8P78
youtube,UC-6w5gJQ2OgRd0Cq1pRNjdQ,wKxwAaEJVG4
youtube,UC-6w5gJQ2OgRd0Cq1pRNjdQ,xAhpY2o4aEM
youtube,UC-6w5gJQ2OgRd0Cq1pRNjdQ,yt_AJ2YUDw4
youtube,UC-6x3rwGJpTTnVgUIimLWfw,0IuO84Hehfc
youtube,UC-6x3rwGJpTTnVgUIimLWfw,18Ku5OnVQbA
youtube,UC-6x3rwGJpTTnVgUIimLWfw,5AT6WNuBLFo
youtube,UC-6x3rwGJpTTnVgUIimLWfw,65L1lM06TVU
youtube,UC-6x3rwGJpTTnVgUIimLWfw,6JxP6X8mRy8
youtube,UC-6x3rwGJpTTnVgUIimLWfw,6sbKwTO455M
youtube,UC-6x3rwGJpTTnVgUIimLWfw,7ire-WJ3aIQ
youtube,UC-6x3rwGJpTTnVgUIimLWfw,8-njoY1xufI
youtube,UC-6x3rwGJpTTnVgUIimLWfw,8AGGqrcSVX8
youtube,UC-6x3rwGJpTTnVgUIimLWfw,9SGQr6m5toI
youtube,UC-6x3rwGJpTTnVgUIimLWfw,_0H5wyp-Yrc
youtube,UC-6x3rwGJpTTnVgUIimLWfw,Ag5RkEUDkW8
youtube,UC-6x3rwGJpTTnVgUIimLWfw,B_RE0DKdgrs
youtube,UC-6x3rwGJpTTnVgUIimLWfw,BgV0kYLKZD0
youtube,UC-6x3rwGJpTTnVgUIimLWfw,cUKCrtqVqBo
youtube,UC-6x3rwGJpTTnVgUIimLWfw,e_J-QDiJ8wQ
youtube,UC-6x3rwGJpTTnVgUIimLWfw,Kd2oXVx3M1U
youtube,UC-6x3rwGJpTTnVgUIimLWfw,L3A0TCt-1p4
youtube,UC-6x3rwGJpTTnVgUIimLWfw,MKkBcKmYdag
youtube,UC-6x3rwGJpTTnVgUIimLWfw,R6WUY7Zfnfc
youtube,UC-6x3rwGJpTTnVgUIimLWfw,t4s_RSDgE98
youtube,UC-6x3rwGJpTTnVgUIimLWfw,w1eP_YiyEB8
youtube,UC-6x3rwGJpTTnVgUIimLWfw,wG-XCmLY-fw
youtube,UC-6x3rwGJpTTnVgUIimLWfw,Z_WD2GOn3rI
youtube,UC-6xcVaIHE37wC2AQCuGgRg,8prNLdte254
youtube,UC-6xcVaIHE37wC2AQCuGgRg,9Eg8VjTO4ko
youtube,UC-6xcVaIHE37wC2AQCuGgRg,D-8iBh6b4BA
youtube,UC-6xcVaIHE37wC2AQCuGgRg,eRig2mRjoAM
youtube,UC-6xcVaIHE37wC2AQCuGgRg,l9DpcW2XLYI
youtube,UC-6XIurRRRXMlEC6b7SwZmg,eLn7T1QQ5Xo
youtube,UC-6YA_M81KCCjg4irSqdTHw,vIg3qB9GVIg
youtube,UC-6yq8qpxAMpxjjkqagbIzA,-cnYky1Su00
youtube,UC-6yq8qpxAMpxjjkqagbIzA,-KD4xcSfhZ0
youtube,UC-6yq8qpxAMpxjjkqagbIzA,4KSA70LTpz0
youtube,UC-6yq8qpxAMpxjjkqagbIzA,5Qgb10TiI5g
youtube,UC-6yq8qpxAMpxjjkqagbIzA,8VWhuhqsnZ0
youtube,UC-6yq8qpxAMpxjjkqagbIzA,9MxhF0lGonw
youtube,UC-6yq8qpxAMpxjjkqagbIzA,j_kygqVfOYY
youtube,UC-6yq8qpxAMpxjjkqagbIzA,lKZsV_EMKng
youtube,UC-6yq8qpxAMpxjjkqagbIzA,nEy73yVETCQ
youtube,UC-6yq8qpxAMpxjjkqagbIzA,Q7LDa8sWgz8
youtube,UC-6yq8qpxAMpxjjkqagbIzA,VxqFEr3FE1o
youtube,UC-6ztoRlKjr4xglJIovfuPA,hD2B3ZHFq5s
youtube,UC-6ZUAYKjU0RJw2sPaSBmGQ,4nzyljkHWPg
youtube,UC-6ZUAYKjU0RJw2sPaSBmGQ,cVms4ZuLXCo
youtube,UC-6ZUAYKjU0RJw2sPaSBmGQ,fUqA-vt4xNk
youtube,UC-6ZUAYKjU0RJw2sPaSBmGQ,jRJSL55Xsc0
youtube,UC-6ZUAYKjU0RJw2sPaSBmGQ,k-o7XQfB-hA
youtube,UC-6ZUAYKjU0RJw2sPaSBmGQ,p7RuXFBVqVc
youtube,UC-6ZUAYKjU0RJw2sPaSBmGQ,PGvEDkzEmo8
youtube,UC-6ZUAYKjU0RJw2sPaSBmGQ,SMzARlRGSes
youtube,UC-6ZUAYKjU0RJw2sPaSBmGQ,t3Ps2V7CAjo
youtube,UC-6ZUAYKjU0RJw2sPaSBmGQ,tvdVv2jbGgs
youtube,UC-6ZUAYKjU0RJw2sPaSBmGQ,Y7B3yqtBxG4
youtube,UC-6ZUAYKjU0RJw2sPaSBmGQ,yk9RjnoE5lw
youtube,UC-6ZUAYKjU0RJw2sPaSBmGQ,z8Iui1buS30
youtube,UC-6ZV6GD7LuV9BPXvMxFA5A,uK2PBmQCJrs
youtube,UC-6zWFATl9ZdxIrfGXkGz9Q,3i4xoUmwuRY
youtube,UC-7-guxW_Ij1bSNJlXkrjJg,abOIBoj0XY4
youtube,UC-7-guxW_Ij1bSNJlXkrjJg,Pn6LAeY4-h0
youtube,UC-7-guxW_Ij1bSNJlXkrjJg,zYhv5xBeDkE
youtube,UC-7-zuwCDYEMpFYMSY61MeQ,bd7qBMhQmeo
youtube,UC-70bZxf_FPN252x5vlXvVA,G5w-S7cOcvg
youtube,UC-70bZxf_FPN252x5vlXvVA,Uklhu9LEZSc
youtube,UC-70Y5Xn3M7B8wEs_WwCmig,ly4hZ70hJ28
youtube,UC-711pJuNVP-_BgefoYbPng,08vZ7c8-M3g
youtube,UC-711pJuNVP-_BgefoYbPng,E2VFw7YhDiI
youtube,UC-711pJuNVP-_BgefoYbPng,UhzYqWuz-HI
youtube,UC-71WDgttdXAjBnQyKatplw,pMReqn7ykO0
youtube,UC-72-ceCr29HFhzjThlsf8A,nRBdOdnzJic
youtube,UC-729rFXZ9Zf8id6HdX1eWA,ocq8DGej8SA
youtube,UC-72bNTGh0tTOVwU5YqAjWA,CHT84himPok
youtube,UC-72lHsn0Npa83_933jF6Vg,VY2pmsX0XSM
youtube,UC-72Wr-7cyhUmCv_tQVGahw,yE4HoFMOaOc
youtube,UC-72xRAj661Lxnw5DJPg1rA,m03ZcYO8Yko
youtube,UC-73spVDKXX94fLz_bWx7cg,iOIiIZ36_7s
youtube,UC-74Nlk9uqrrHgwj0dS1bnw,bEVFdPXD_V8
youtube,UC-74Nlk9uqrrHgwj0dS1bnw,nPTcmB4Pgo8
youtube,UC-76CzLj6wv6rrQs2TqeS7g,yhwHLAR2PdM
youtube,UC-76dwiPkAvF9F8-XY0ofYQ,Vg1yZRIc4M8
youtube,UC-76dwiPkAvF9F8-XY0ofYQ,xj02S2waGOw
youtube,UC-76P-u66xnWzglmAk6o_rQ,NLov0xSFRoI
youtube,UC-77B4tl1Bs1fwBQhW3m0KQ,SubI9RWhZRs
youtube,UC-77zHpiUpFn_ipifwm5JQQ,b_WQOOBKTJk
youtube,UC-78FAV4JPIzQ6PVEwJpeHg,-3b_XwQF0bM
youtube,UC-78FAV4JPIzQ6PVEwJpeHg,B7zW6CGxjyE
youtube,UC-78FAV4JPIzQ6PVEwJpeHg,ccayomXrWNs
youtube,UC-78FAV4JPIzQ6PVEwJpeHg,GkODhCxYDY4
youtube,UC-78FAV4JPIzQ6PVEwJpeHg,hGZBnC4M8hk
youtube,UC-78FAV4JPIzQ6PVEwJpeHg,L1hYIipF7t0
youtube,UC-78FAV4JPIzQ6PVEwJpeHg,PQHMZSYZyo8
youtube,UC-78FAV4JPIzQ6PVEwJpeHg,qOLvT6M7Nns
youtube,UC-78FAV4JPIzQ6PVEwJpeHg,URlgzF5_NyA
youtube,UC-78WEKaO9Y12zcBsRexdqA,AHAEsKwSIgE
youtube,UC-79bIU5vHYLPi1LDUj6AUA,0uigcfHqYG0
youtube,UC-79bIU5vHYLPi1LDUj6AUA,P5dKEbfX1LI
youtube,UC-79f0EcDCl7t4TKhIafumg,Lhrt0s_ImSY
youtube,UC-79IUgNJnWZpahy7VuVWqw,hVb7-TNg1jE
youtube,UC-79O-FjOhn5ez_25GnAHQg,AgtwfHNEqhs
youtube,UC-79O6cBM3H5Rn8bEC87JJw,DjZEkP6rwpc
youtube,UC-79vcoiZiiwChPcH4m0uqQ,n5wcf-SKdsc
youtube,UC-7_5sxdThxQKrWGV4e5OQg,2LMiWTuMnv8
youtube,UC-7_5sxdThxQKrWGV4e5OQg,B2OHkoLYpEk
youtube,UC-7_x2D6DMq-XuSSVHtDYOw,as0W3dtVy8Y
youtube,UC-7_x2D6DMq-XuSSVHtDYOw,KmNRcjMfBpI
youtube,UC-7_x2D6DMq-XuSSVHtDYOw,Wmj7fVqcjVs
youtube,UC-7acgQ2wBlP-dXJgdQzDLw,WBq-8QChtdo
youtube,UC-7befW4ZNmrRAQDZ7mlKiw,AytOxrwobd4
youtube,UC-7bkHX5DkWmC3dw_kIvNsA,usqaFopklC4
youtube,UC-7BwDC_Nwstr92RlJB9SCA,DDHozKJOSaA
youtube,UC-7bynh7jTM_7j0o7ObjSKg,kfOcXzzN4oI
youtube,UC-7bynh7jTM_7j0o7ObjSKg,VL49Ird_8qw
youtube,UC-7c89Vc-KSfrKY9oxPumBQ,mg6sanuPR_Q
youtube,UC-7CAdKuzzqcMdkX9VFq2ug,hwBmTTEilnI
youtube,UC-7CAdKuzzqcMdkX9VFq2ug,jJLXBpBaBzc
youtube,UC-7chESmpj4t6d8b30aO1Ew,bTMogXZRVsQ
youtube,UC-7chESmpj4t6d8b30aO1Ew,ly4hZ70hJ28
youtube,UC-7csygV5JNXcWhCRRYrFVA,EB2CUh8waZw
youtube,UC-7csygV5JNXcWhCRRYrFVA,pYsCl3jYaHs
youtube,UC-7csygV5JNXcWhCRRYrFVA,t0Fn9ju4UP4
youtube,UC-7csygV5JNXcWhCRRYrFVA,VKPHD4qQ0rQ
youtube,UC-7cvGv9qqWnNSuuuLC275Q,Iwasi7S0zwk
youtube,UC-7dXGh4WrY3U66LY2SfCjg,NwrYwin2Jtg
youtube,UC-7E-agdyXF-nxNRsj96K8Q,7xPAqPbhDaY
youtube,UC-7e8VGJ-zQOeDqJqCAiqag,hh3EopjrQNE
youtube,UC-7eYzVRSbuTKWBWErIJn3g,GurYhZNduBE
youtube,UC-7eYzVRSbuTKWBWErIJn3g,hf2wGD1O4Q4
youtube,UC-7eYzVRSbuTKWBWErIJn3g,NrDWUeaQ_L0
youtube,UC-7eYzVRSbuTKWBWErIJn3g,zARgkIIpx5s
youtube,UC-7Ff2mho_7WJoH1FV-k63w,IAznGGEyYV8
youtube,UC-7FkqrHH82VszZz4UOqmZg,bfhyfUNi5do
youtube,UC-7Fu4DjqkLQVirzI6KF1UQ,AtC8mPHQHT4
youtube,UC-7G3EPT_iwCED-LEHBgKvg,9nhVoklul_c
youtube,UC-7g6kKdN93fnOpSgx7rnCA,9Vf5tFSfMNQ
youtube,UC-7HE6roLcYMe69iN749RUg,2XImbS_BRLs
youtube,UC-7HKMg9XLnGqlFtS5UQdwA,-1hV1YxS6c8
youtube,UC-7Hx288210weBrmuAUumdA,5QWqnUpLU6A
youtube,UC-7i1MLMG9TsxYZkFWk1lzg,Zm6FPKcUCpc
youtube,UC-7i5phTNipOq9pEFP8PaTg,QxYwG9QRrvo
youtube,UC-7I9qxEyKZiT6Z6A6yPUmg,PGvEDkzEmo8
youtube,UC-7I9qxEyKZiT6Z6A6yPUmg,X0NsbP_UGFU
youtube,UC-7I_VJKSPHtOGC66M_Bdkg,FwTe96irgdo
youtube,UC-7I_VJKSPHtOGC66M_Bdkg,OpvuVzaaijY
youtube,UC-7IIUv53vBs2tlyW0zqkDA,f9oee71fw8o
youtube,UC-7JeZoWJFDvOQOWSQPa2og,CNNTqjEfTKE
youtube,UC-7JeZoWJFDvOQOWSQPa2og,swnFxS_NnSM
youtube,UC-7jitSCXtNfQ_cjIRbyvHw,x4u9RQv40HY
youtube,UC-7jVbdbHOmmeKUBbUpZe2g,9X8XDb1Pb_I
youtube,UC-7jVbdbHOmmeKUBbUpZe2g,siExF9CxQYE
youtube,UC-7KJVg6WKnAivLhYew6f6Q,ADtC9edfNYE
youtube,UC-7kPXDCv6SbCeRF-5pcyeA,h6nlKGev-xI
youtube,UC-7Lax6MpBO-TUxvoE5weRQ,D7VW0-nNYvE
youtube,UC-7lHI5hFpJCZ7j1v8T_qwg,DTvXoF-ZTMM
youtube,UC-7LycnmRys7sf3cHrw_p2A,2XGxbUtR41s
youtube,UC-7M3AsFbPIC2DkBDogqhNw,-U0_L8_iWP0
youtube,UC-7M3AsFbPIC2DkBDogqhNw,38LR3txgqrA
youtube,UC-7M3AsFbPIC2DkBDogqhNw,hwBmTTEilnI
youtube,UC-7M3AsFbPIC2DkBDogqhNw,Lb8Zu9jpMo4
youtube,UC-7M3AsFbPIC2DkBDogqhNw,YqFITJw8nc0
youtube,UC-7m85NUmzJ3dseB-fuXS8g,rdCY_WEpsF8
youtube,UC-7mbEXH8Uz9wKTTPhFiWXg,2b8KXoZhEbo
youtube,UC-7mJVYoHI5iMF9VAe0PObw,AufSG5H394E
youtube,UC-7mJVYoHI5iMF9VAe0PObw,dZcX0Zu-QhU
youtube,UC-7mJVYoHI5iMF9VAe0PObw,EaJ8CH_jfJE
youtube,UC-7mJVYoHI5iMF9VAe0PObw,fF61LvMi8YI
youtube,UC-7mJVYoHI5iMF9VAe0PObw,gvjCZT57evc
youtube,UC-7mJVYoHI5iMF9VAe0PObw,mbut21hQ1zo
youtube,UC-7mJVYoHI5iMF9VAe0PObw,QlB8dIqubGA
youtube,UC-7mJVYoHI5iMF9VAe0PObw,RTUlawFFKJ8
youtube,UC-7mJVYoHI5iMF9VAe0PObw,XrE4zNdiJVE
youtube,UC-7mJVYoHI5iMF9VAe0PObw,zpo_6I-vhQo
youtube,UC-7NE2nf5jReKMEbntNyjgQ,BsuN9WVVN6Q
youtube,UC-7NfakKTVGMufX0AwsSuRQ,AXrMPYmbE84
youtube,UC-7nuE9QMNmyVi0c38NJNbQ,who0UKZ5mnM
youtube,UC-7NYxdL4T5XZ9Uca8-raEw,L-gTm0qWC68
youtube,UC-7PKgH8E0jHn3zaeZMxShA,9rsJgiF41cA
youtube,UC-7Q4gNf8hGrRRkK3576AGQ,_SPMABAIixE
youtube,UC-7Q4gNf8hGrRRkK3576AGQ,Q4YWZHfKSXI
youtube,UC-7Q4gNf8hGrRRkK3576AGQ,zIYWbxBfe7s
youtube,UC-7qCfQpmrlbgfp9OJbvzVQ,7xPAqPbhDaY
youtube,UC-7qCfQpmrlbgfp9OJbvzVQ,KaoTcH5tWRo
youtube,UC-7qCfQpmrlbgfp9OJbvzVQ,KawFLGBUTgk
youtube,UC-7Qq0mqzEhkaw6E5bF2vJg,DwcZflLr2ak
youtube,UC-7R3UugU-oTKHcuWqOyu6w,3E6a3sK0k5Y
youtube,UC-7R3UugU-oTKHcuWqOyu6w,lJB8ngYhf9I
youtube,UC-7RCacJ61HgzngIrjj_C3w,yXUiDvxkkSQ
youtube,UC-7Rf4WdOjOOGEjAcC7bMLQ,l-VwKP3rdag
youtube,UC-7Rf4WdOjOOGEjAcC7bMLQ,ULx3k05IZBM
youtube,UC-7Rf4WdOjOOGEjAcC7bMLQ,W7VxXTSfGAI
youtube,UC-7Rf4WdOjOOGEjAcC7bMLQ,yxwSqDhXjiA
youtube,UC-7RqVcyf3j5hTZzGdxVv_g,SrEDIpcKMJs
youtube,UC-7RwiN_jsXen4clG63kkXg,YG4V1YpSED8
youtube,UC-7RxOlZvF8vWXEoCEuztBg,n2xQ112p4Kg
youtube,UC-7S9J4DxXmA3frmnm2KEsg,LAvBfuuWjZk
youtube,UC-7Sj0FShRZWuik_-0Z3tgg,qflwr2WtocU
youtube,UC-7smj5fnKWtZEM8ypbJAsA,K24DvIW6zv4
youtube,UC-7smj5fnKWtZEM8ypbJAsA,QCzV2kbYjKQ
youtube,UC-7T1CjU6b1EKTd3bBY1PxQ,5eueeEHRMfA
youtube,UC-7T1CjU6b1EKTd3bBY1PxQ,5pNFiER2UI4
youtube,UC-7T1CjU6b1EKTd3bBY1PxQ,AgtwfHNEqhs
youtube,UC-7T1CjU6b1EKTd3bBY1PxQ,EngEfdQgVN8
youtube,UC-7T1CjU6b1EKTd3bBY1PxQ,gPYJDUh870A
youtube,UC-7T1CjU6b1EKTd3bBY1PxQ,H5rDzLnWqBA
youtube,UC-7T1CjU6b1EKTd3bBY1PxQ,ILZiD-nSV_0
youtube,UC-7T1CjU6b1EKTd3bBY1PxQ,kg5gkhgjRjA
youtube,UC-7T1CjU6b1EKTd3bBY1PxQ,RKt3IkdBBvA
youtube,UC-7T1CjU6b1EKTd3bBY1PxQ,u6hxpaPSjZ8
youtube,UC-7T1CjU6b1EKTd3bBY1PxQ,xZdmANOq0Iw
youtube,UC-7T1CjU6b1EKTd3bBY1PxQ,zpo_6I-vhQo
youtube,UC-7TAVkAPSJAwcGu4t6V56g,uK2PBmQCJrs
youtube,UC-7TCoKJi8pIetTL2CfsSGA,cWFEzckhTio
youtube,UC-7TWy7bJEAatwb9x4TkPYg,3i4xoUmwuRY
youtube,UC-7u7jBlqColqLtcbl1fsPQ,anEY5eCcumY
youtube,UC-7u7jBlqColqLtcbl1fsPQ,JMzBzeRzOoo
youtube,UC-7u7jBlqColqLtcbl1fsPQ,rfqzEdMzKKU
youtube,UC-7u7jBlqColqLtcbl1fsPQ,ty4x1jYyUy8
youtube,UC-7U_-kh3rznZQofb4PzEjw,90FNrZbBSjg
youtube,UC-7uKPgDsKPQpNh--r4seVQ,J12B-NoRFHc
youtube,UC-7ULzCYntozkHypdP-4o7w,lNCszsia-CE
youtube,UC-7uNDf5Sp4ORrFQFvalS3A,hYO5u2ERpGY
youtube,UC-7UnyxyvNgewUKMhN23O2Q,6wHc-n9-TlI
youtube,UC-7V-v1GtLgGuMwil8sdBJg,LAvBfuuWjZk
youtube,UC-7v4KhYi7XwwK5Ki4U_gLw,pWb53Cg1JNk
youtube,UC-7vG9PLEJZj2s4lPDTmYZg,9tlsPaN45Hs
youtube,UC-7vifKNLB-UZ7SaOgOIjqg,ui1W7jvxRS0
youtube,UC-7vP9K7YfVAydCl7j7LZyg,JKAsT-I2d_8
youtube,UC-7W6lfm6k80ewv0tgTCqDg,-47q9QYbd1U
youtube,UC-7W6lfm6k80ewv0tgTCqDg,0O1tIBR1INQ
youtube,UC-7W6lfm6k80ewv0tgTCqDg,1eIan9Bf9Q4
youtube,UC-7W6lfm6k80ewv0tgTCqDg,3xSkXRc1Q_w
youtube,UC-7W6lfm6k80ewv0tgTCqDg,3ylINlzlf_8
youtube,UC-7W6lfm6k80ewv0tgTCqDg,5eueeEHRMfA
youtube,UC-7W6lfm6k80ewv0tgTCqDg,5t1EQ8mtDyI
youtube,UC-7W6lfm6k80ewv0tgTCqDg,6NI8YjHit8Y
youtube,UC-7W6lfm6k80ewv0tgTCqDg,7xPAqPbhDaY
youtube,UC-7W6lfm6k80ewv0tgTCqDg,_Zf1BNu2NXY
youtube,UC-7W6lfm6k80ewv0tgTCqDg,A1jgTsG-Wdk
youtube,UC-7W6lfm6k80ewv0tgTCqDg,Ag3Xv7EGWpc
youtube,UC-7W6lfm6k80ewv0tgTCqDg,AK8Dcd7dWMc
youtube,UC-7W6lfm6k80ewv0tgTCqDg,AKj5AXpG4so
youtube,UC-7W6lfm6k80ewv0tgTCqDg,APn0PorinPM
youtube,UC-7W6lfm6k80ewv0tgTCqDg,BteldVrF4Rs
youtube,UC-7W6lfm6k80ewv0tgTCqDg,by4Q11Tg2Zo
youtube,UC-7W6lfm6k80ewv0tgTCqDg,DCKPlbx8YnE
youtube,UC-7W6lfm6k80ewv0tgTCqDg,DOnSdswLjQA
youtube,UC-7W6lfm6k80ewv0tgTCqDg,FZBf5biTpGI
youtube,UC-7W6lfm6k80ewv0tgTCqDg,G5rrTUadTD0
youtube,UC-7W6lfm6k80ewv0tgTCqDg,GDgG9YKFq2E
youtube,UC-7W6lfm6k80ewv0tgTCqDg,HCskFJyQchk
youtube,UC-7W6lfm6k80ewv0tgTCqDg,HNDKrp0-bUg
youtube,UC-7W6lfm6k80ewv0tgTCqDg,JMUs6eu7wVY
youtube,UC-7W6lfm6k80ewv0tgTCqDg,K-WkCpahwcE
youtube,UC-7W6lfm6k80ewv0tgTCqDg,k3Vv2Cg_lYI
youtube,UC-7W6lfm6k80ewv0tgTCqDg,kz5DwXgDJFs
youtube,UC-7W6lfm6k80ewv0tgTCqDg,leMbzfOmwHk
youtube,UC-7W6lfm6k80ewv0tgTCqDg,M2Sfj1iKSYk
youtube,UC-7W6lfm6k80ewv0tgTCqDg,MUB-_hV510s
youtube,UC-7W6lfm6k80ewv0tgTCqDg,N1Y5eWWQUcQ
youtube,UC-7W6lfm6k80ewv0tgTCqDg,nCyY6qX4bmk
youtube,UC-7W6lfm6k80ewv0tgTCqDg,NhnPjtv0mOY
youtube,UC-7W6lfm6k80ewv0tgTCqDg,nop5FheGcj8
youtube,UC-7W6lfm6k80ewv0tgTCqDg,nPG52uBgEBU
youtube,UC-7W6lfm6k80ewv0tgTCqDg,pbC1pui4dMs
youtube,UC-7W6lfm6k80ewv0tgTCqDg,pquhKOssrBo
youtube,UC-7W6lfm6k80ewv0tgTCqDg,q20jbOSINW4
youtube,UC-7W6lfm6k80ewv0tgTCqDg,QMEMg0GhOuQ
youtube,UC-7W6lfm6k80ewv0tgTCqDg,QRYxexYxSDA
youtube,UC-7W6lfm6k80ewv0tgTCqDg,R52hbWgJTBo
youtube,UC-7W6lfm6k80ewv0tgTCqDg,rZeiQvM9qkw
youtube,UC-7W6lfm6k80ewv0tgTCqDg,s-PzHVJoz0A
youtube,UC-7W6lfm6k80ewv0tgTCqDg,STdT920QAb0
youtube,UC-7W6lfm6k80ewv0tgTCqDg,uWMre3yZ4Lk
youtube,UC-7W6lfm6k80ewv0tgTCqDg,uYhs_J5ZYw4
youtube,UC-7W6lfm6k80ewv0tgTCqDg,vaqMdKd8P78
youtube,UC-7W6lfm6k80ewv0tgTCqDg,VhTuKj8CrsI
youtube,UC-7W6lfm6k80ewv0tgTCqDg,vIQV1tXIJUQ
youtube,UC-7W6lfm6k80ewv0tgTCqDg,vnPyS9vvjgQ
youtube,UC-7W6lfm6k80ewv0tgTCqDg,wbyZwkbX9T0
youtube,UC-7W6lfm6k80ewv0tgTCqDg,wdj03Lp6S3o
youtube,UC-7W6lfm6k80ewv0tgTCqDg,Y33XWO8Jsps
youtube,UC-7W6lfm6k80ewv0tgTCqDg,ycOh7Lv3z0o
youtube,UC-7W6lfm6k80ewv0tgTCqDg,yE4HoFMOaOc
youtube,UC-7wBuFdNREJaIVxDN9ihLw,BpRgirX5H3c
youtube,UC-7wBuFdNREJaIVxDN9ihLw,xj02S2waGOw
youtube,UC-7wg6Du5TZW_dojScnZQ7w,mfaComDoKLE
youtube,UC-7WPcSE4lwaKHEdCjtrKZA,tuKIVtFNqsw
youtube,UC-7WPcSE4lwaKHEdCjtrKZA,y3isK1bg7gQ
youtube,UC-7XaNJjch0BzU-Rd7PeV3Q,ly4hZ70hJ28
youtube,UC-7xp7EgXf4WyyurWYJNCbw,9Qfk4Q_ak8U
youtube,UC-7xsXo9GD6zClGkxp7WHzw,vcnNBBvzQTk
youtube,UC-7YHspN0g1YLuzzPy1-KTQ,FPRvs6UJHhA
youtube,UC-7YjkNd4-uAyJ0BIXzEsoA,lNCszsia-CE
youtube,UC-7zi2fp-1PCmLIJLKwHDsA,MOM0-tkHZjk
youtube,UC-8-CTvsLvL5-0Cm9AoQi4Q,b3EEmSa5xEk
youtube,UC-8-CTvsLvL5-0Cm9AoQi4Q,Kyvq_gAHZM4
youtube,UC-8-CTvsLvL5-0Cm9AoQi4Q,MVQBDtqMgvU
youtube,UC-8-CTvsLvL5-0Cm9AoQi4Q,sFDruuiaQNQ
youtube,UC-8-CTvsLvL5-0Cm9AoQi4Q,STsFlgArBhw
youtube,UC-8-CTvsLvL5-0Cm9AoQi4Q,tC7QEAFF9qw
youtube,UC-8-CTvsLvL5-0Cm9AoQi4Q,UCaPHoEFEi8
youtube,UC-8-V4FQti5AIIsnEi4b4xA,pzXhiZde96M
youtube,UC-810c35HFK-fpS6BWCclfg,GYRgFt9UMiw
youtube,UC-810c35HFK-fpS6BWCclfg,jJLXBpBaBzc
youtube,UC-810c35HFK-fpS6BWCclfg,qOxUL9KrNZs
youtube,UC-81MK4akXf1MqH31bUavTA,VgVrYN-Mkjk
youtube,UC-84cuZli7bDtSCBubbx5TA,BB159gaH730
youtube,UC-84cuZli7bDtSCBubbx5TA,YW5ZrOsu5mY
youtube,UC-850xOt6aZiL_yxzuqQ1cQ,Iwasi7S0zwk
youtube,UC-85Yp7764D_XGcRNx_d8KQ,3i4xoUmwuRY
youtube,UC-85Yp7764D_XGcRNx_d8KQ,A1jgTsG-Wdk
youtube,UC-85Yp7764D_XGcRNx_d8KQ,dITN2PGJTPE
youtube,UC-85Yp7764D_XGcRNx_d8KQ,FOb0i5qk7oM
youtube,UC-85Yp7764D_XGcRNx_d8KQ,nLCLsTLXkkI
youtube,UC-85Yp7764D_XGcRNx_d8KQ,sM8dzaLwgEg
youtube,UC-8669pqSK2HA64gI_W_LhA,ZsiOvyM3lQk
youtube,UC-86fNiUfgyjIZYoFc0oekg,tDnBd65bTlo
youtube,UC-86q3hhBx8qMoj34mMs18A,sqghlf3JgPs
youtube,UC-88Xa8SU9K-aOQ3V1WHRJw,gK3LDJp4PY4
youtube,UC-88Xa8SU9K-aOQ3V1WHRJw,NHMVbWHrh1U
youtube,UC-893ckwA3ur4q5oMUIm0DQ,9rsJgiF41cA
youtube,UC-8a-pDs8hq6ygN5IdjS-Bw,3i4xoUmwuRY
youtube,UC-8AajbPb6gARyrGJ03r0XQ,04h62dASTIY
youtube,UC-8AajbPb6gARyrGJ03r0XQ,8prNLdte254
youtube,UC-8AajbPb6gARyrGJ03r0XQ,bSVGDvaRzAc
youtube,UC-8AajbPb6gARyrGJ03r0XQ,e7f6pWF1Akw
youtube,UC-8AajbPb6gARyrGJ03r0XQ,PkPXbMsdiuM
youtube,UC-8AajbPb6gARyrGJ03r0XQ,RbHVpu39vPs
youtube,UC-8AajbPb6gARyrGJ03r0XQ,xXcVR5lELxA
youtube,UC-8AajbPb6gARyrGJ03r0XQ,Ygow8V7ruC0
youtube,UC-8aBi56UZp2or5iZSz6SsA,zIYWbxBfe7s
youtube,UC-8aflCkqCwc3QrsH-JBOvw,PhLS8MLqWg0
youtube,UC-8arfX1JFzkQ5_bIZeB0Ng,FbICjMyy_Tk
youtube,UC-8arfX1JFzkQ5_bIZeB0Ng,nsgtZK-WBXI
youtube,UC-8beoVZDet74A1BiW0MenQ,whMEtmgAcvQ
youtube,UC-8bTAz9hDDiL-E56jRSAnQ,6i8JDYQtTks
youtube,UC-8C-M41qSN7COi0rveS_4A,C5Wvpmp5DEQ
youtube,UC-8c5lcenG42eclWpU5zioQ,iByTJzzoJxs
youtube,UC-8D2lrvcymKZSFLFE_q6-w,Iwasi7S0zwk
youtube,UC-8D70kbKfJ86HV9tYxRO4A,mS6MvoRhbBc
youtube,UC-8DAiH37tVA5XdDpYQDWQA,5rTT4oolI3s
youtube,UC-8DAiH37tVA5XdDpYQDWQA,Q-roAiNcgGA
youtube,UC-8DAiH37tVA5XdDpYQDWQA,RdwX_8_ocd0
youtube,UC-8DeDeam9QUMFR-0jXMxAQ,CdihgG0vMhs
youtube,UC-8dxFQ6vYpnrIlpR1a4zvA,-kfMbzvAhGc
youtube,UC-8dxFQ6vYpnrIlpR1a4zvA,1TU04u4A-58
youtube,UC-8dxFQ6vYpnrIlpR1a4zvA,cHYLL1W3RZw
youtube,UC-8dxFQ6vYpnrIlpR1a4zvA,scUYKRYFSjk
youtube,UC-8dxFQ6vYpnrIlpR1a4zvA,XY99i2_WyUM
youtube,UC-8f620AaV6B8qP6q28t-cA,cnuMDW6ds5U
youtube,UC-8f620AaV6B8qP6q28t-cA,hLv69vQGB0o
youtube,UC-8f620AaV6B8qP6q28t-cA,rOul0ZvaVpU
youtube,UC-8G_lTBQJSa7n871scNdKg,tnDFye_uXOU
youtube,UC-8G_lTBQJSa7n871scNdKg,ul5AQiwCo3g
youtube,UC-8HalwIbUj5JqcF7SwCy4A,emxjV6s8U_M
youtube,UC-8hDZbXmGWC1z5Q4M08_8w,55X-ed857pw
youtube,UC-8hnkc2HZCjuGBuiFrtMvQ,3i4xoUmwuRY
youtube,UC-8hnkc2HZCjuGBuiFrtMvQ,AgtwfHNEqhs
youtube,UC-8hnkc2HZCjuGBuiFrtMvQ,lNCszsia-CE
youtube,UC-8i2Ne3y4aaSGeew2qHO_g,Zm1MfRuFSAk
youtube,UC-8iBFeJ2DZd_PFLV_cSddQ,7y4kMmxXSgU
youtube,UC-8ihHTF-f555L2656RlRXQ,IC6gtTvVEBE
youtube,UC-8IMYW8UJOmnOA1oB6FV6Q,hCLIquQv774
youtube,UC-8iOgtvDtNeAcpFiq0NwSQ,Ao4T2EKD3Ck
youtube,UC-8IqCnZ8vOdOXwGJ8bABQA,AgtwfHNEqhs
youtube,UC-8IqCnZ8vOdOXwGJ8bABQA,cu-81boDJ3E
youtube,UC-8j-K1yrUWY-CjcdW5J-3g,ou_qj_s_sX0
youtube,UC-8JL5LeNfFn3sFWOR4Ue-Q,KYuBUV5EUco
youtube,UC-8kJmnmRhcN3MbZl4NjOLA,AgtwfHNEqhs
youtube,UC-8kJmnmRhcN3MbZl4NjOLA,Iwasi7S0zwk
youtube,UC-8L5LXCgymPM98VY8WhXow,AgtwfHNEqhs
youtube,UC-8L6aKEFc7uf6E0jykju-A,5UJR2jXBjQo
youtube,UC-8L6HQn2P0De7JtoDopdhA,OcKQV2U8CQQ
youtube,UC-8L6HQn2P0De7JtoDopdhA,qmEuMgohNYI
youtube,UC-8LCUlgJLGsFwZqau3SV8w,yy-SjZfePs8
youtube,UC-8lNl3CetFmRhZYSgSKvtg,AQxbUfCjnbk
youtube,UC-8lOVw-VcxRE_ymw_Pzriw,-YWecrl6DnE
youtube,UC-8lOVw-VcxRE_ymw_Pzriw,j0ElX2QABzM
youtube,UC-8lOVw-VcxRE_ymw_Pzriw,j9UEDV-p8Z0
youtube,UC-8lOVw-VcxRE_ymw_Pzriw,plAWXW6vLm0
youtube,UC-8LPVbGBGTm1ULasqyGEtg,SXaOz9T69Xs
youtube,UC-8MfdiID8maXV0i_3x8z9Q,a38A-VDeyFU
youtube,UC-8NSbeyZvdXRh_Ub_27ihg,hoyK-ZqHDIs
youtube,UC-8nTZyaYhumsRzT0PPQQIg,BTX8yVisKMM
youtube,UC-8nTZyaYhumsRzT0PPQQIg,dpUEbxNG7t4
youtube,UC-8nZMMT-S3t9fEeGvPPgdg,9rsJgiF41cA
youtube,UC-8o0VemUc9aEUi9CvpTI2A,TBtWLH1k8FM
youtube,UC-8OjiRgg8OcTglKiJje46w,CnsrSwWgJ2o
youtube,UC-8ow4g2-dapd_xbOf-_D5w,BOW2VUn-grE
youtube,UC-8PA73oXjrijiSA9rfi_2Q,OQs3YEq7y0I
youtube,UC-8pgoZ8LziKqYNA96rQNRg,c4N0lR_nrRQ
youtube,UC-8PKVkdC2CjjdxxVJksJRg,6JxP6X8mRy8
youtube,UC-8PKVkdC2CjjdxxVJksJRg,9tlsPaN45Hs
youtube,UC-8PKVkdC2CjjdxxVJksJRg,ixuVsE-NMHc
youtube,UC-8PKVkdC2CjjdxxVJksJRg,lSmmBChlAMo
youtube,UC-8PKVkdC2CjjdxxVJksJRg,Oi92--_MAz4
youtube,UC-8PKVkdC2CjjdxxVJksJRg,q5zxB91ozKk
youtube,UC-8PKVkdC2CjjdxxVJksJRg,s2YKxIj1gU8
youtube,UC-8PKVkdC2CjjdxxVJksJRg,SewbLO9Etr8
youtube,UC-8PKVkdC2CjjdxxVJksJRg,xgi7GqtEZFQ
youtube,UC-8pmXOpOiKF4WIPqH2JJ2w,9X4QiFoWDP0
youtube,UC-8pmXOpOiKF4WIPqH2JJ2w,Br2vp4Yp5HY
youtube,UC-8pmXOpOiKF4WIPqH2JJ2w,C54xc73_uJQ
youtube,UC-8pmXOpOiKF4WIPqH2JJ2w,M1dwmUoxrvw
youtube,UC-8pmXOpOiKF4WIPqH2JJ2w,rcRyLWvvsg0
youtube,UC-8pmXOpOiKF4WIPqH2JJ2w,Tw2BrAGJaCQ
youtube,UC-8qGeY_QYnR_MLzyLFPlNA,26jSLXfaMLk
youtube,UC-8qGeY_QYnR_MLzyLFPlNA,6sbKwTO455M
youtube,UC-8qGeY_QYnR_MLzyLFPlNA,eMwbtPv2CTg
youtube,UC-8qHvVHRHdjn4Dhl1zDSUg,15WN1UnrObs
youtube,UC-8qHvVHRHdjn4Dhl1zDSUg,QEEJSjdCqDw
youtube,UC-8qMcRcCRS3Yot0s2gDB0Q,mztlUZWNvqA
youtube,UC-8qQDyDLeWfjyZ7o_hUC-g,GI60RpiTJ9U
youtube,UC-8qQDyDLeWfjyZ7o_hUC-g,Isk9xKivBUo
youtube,UC-8qQDyDLeWfjyZ7o_hUC-g,nKSnAzKDWz8
youtube,UC-8rnFgmid_U_MB2Pbf428Q,99WNa4MV5o8
youtube,UC-8S4YwON9eu7U_mv-3Ea6A,FTcopuRKpXk
youtube,UC-8sc2T1Zfu76QQH88vKNew,-PzgPT9z0Ds
youtube,UC-8smcI46Dh7PVq4adjExWA,4KSA70LTpz0
youtube,UC-8smcI46Dh7PVq4adjExWA,7htcDIEpdwY
youtube,UC-8smcI46Dh7PVq4adjExWA,s54N7CwjW9c
youtube,UC-8sTBXQ6GvII4D7OvBtgiw,OrRoC5pX_Fk
youtube,UC-8TC8JPK-akFKztQH_l-Mw,aOSoNvpYH7w
youtube,UC-8TC8JPK-akFKztQH_l-Mw,t0Fn9ju4UP4
youtube,UC-8tJ4P-fNbbs5nr1IvD4Qg,AgtwfHNEqhs
youtube,UC-8tPzO4hwSLPKkbIJTypag,0jrQHOkH-r4
youtube,UC-8tPzO4hwSLPKkbIJTypag,18p7CaZdhbU
youtube,UC-8tPzO4hwSLPKkbIJTypag,2XGxbUtR41s
youtube,UC-8tPzO4hwSLPKkbIJTypag,3E6a3sK0k5Y
youtube,UC-8tPzO4hwSLPKkbIJTypag,3ODXlTOLtbE
youtube,UC-8tPzO4hwSLPKkbIJTypag,4Z2ev105nN4
youtube,UC-8tPzO4hwSLPKkbIJTypag,5eueeEHRMfA
youtube,UC-8tPzO4hwSLPKkbIJTypag,5ZPY0stoKUk
youtube,UC-8tPzO4hwSLPKkbIJTypag,b3HvvXK9Chc
youtube,UC-8tPzO4hwSLPKkbIJTypag,BB159gaH730
youtube,UC-8tPzO4hwSLPKkbIJTypag,bbCVLlxqNmU
youtube,UC-8tPzO4hwSLPKkbIJTypag,BTFA4CgM40Y
youtube,UC-8tPzO4hwSLPKkbIJTypag,DF0xC1RNMYw
youtube,UC-8tPzO4hwSLPKkbIJTypag,dpHuq7PmXb8
youtube,UC-8tPzO4hwSLPKkbIJTypag,dtk4LSCIt8M
youtube,UC-8tPzO4hwSLPKkbIJTypag,dXca_oioQ0s
youtube,UC-8tPzO4hwSLPKkbIJTypag,FrGxRMA3dQ0
youtube,UC-8tPzO4hwSLPKkbIJTypag,Iwasi7S0zwk
youtube,UC-8tPzO4hwSLPKkbIJTypag,j2H8xdSe3P4
youtube,UC-8tPzO4hwSLPKkbIJTypag,jY4WmEQmIH0
youtube,UC-8tPzO4hwSLPKkbIJTypag,KmXfyPTGXXA
youtube,UC-8tPzO4hwSLPKkbIJTypag,ktc8EYmhB4o
youtube,UC-8tPzO4hwSLPKkbIJTypag,KukmLScsE3g
youtube,UC-8tPzO4hwSLPKkbIJTypag,kupKKRoR8ag
youtube,UC-8tPzO4hwSLPKkbIJTypag,MKS32E17FpE
youtube,UC-8tPzO4hwSLPKkbIJTypag,MktiossCV3g
youtube,UC-8tPzO4hwSLPKkbIJTypag,mtEr6Ji7UJo
youtube,UC-8tPzO4hwSLPKkbIJTypag,n2WhYEZ9AFY
youtube,UC-8tPzO4hwSLPKkbIJTypag,NmuqZM7mG6g
youtube,UC-8tPzO4hwSLPKkbIJTypag,Nwn4lWP7xsE
youtube,UC-8tPzO4hwSLPKkbIJTypag,o1ICCWbMVqc
youtube,UC-8tPzO4hwSLPKkbIJTypag,pddHB6tFgnA
youtube,UC-8tPzO4hwSLPKkbIJTypag,PSbBomv6dlM
youtube,UC-8tPzO4hwSLPKkbIJTypag,qOxUL9KrNZs
youtube,UC-8tPzO4hwSLPKkbIJTypag,RgkknhBBYgg
youtube,UC-8tPzO4hwSLPKkbIJTypag,RIRmBW759l4
youtube,UC-8tPzO4hwSLPKkbIJTypag,RmohV4p2qwI
youtube,UC-8tPzO4hwSLPKkbIJTypag,s5JwuDhEKDk
youtube,UC-8tPzO4hwSLPKkbIJTypag,U89JXI3Gp9k
youtube,UC-8tPzO4hwSLPKkbIJTypag,UiYNxaRKL7I
youtube,UC-8tPzO4hwSLPKkbIJTypag,uWMre3yZ4Lk
youtube,UC-8tPzO4hwSLPKkbIJTypag,v_7fCwwRe5Q
youtube,UC-8tPzO4hwSLPKkbIJTypag,VPySV2--O00
youtube,UC-8tPzO4hwSLPKkbIJTypag,WOztrEvWTf8
youtube,UC-8tPzO4hwSLPKkbIJTypag,WZ9THIN-ff0
youtube,UC-8tPzO4hwSLPKkbIJTypag,yfGe_srWO74
youtube,UC-8tPzO4hwSLPKkbIJTypag,ZpC62RYOZyE
youtube,UC-8tr0GsRWvwjeeyWlQnmTA,XtT1ZqbQehY
youtube,UC-8vGxVPP_WTPY9a_5fBHjw,Ec16l9b_7oA
youtube,UC-8vjFKQFvCvhBIKa88pMAA,Pn6LAeY4-h0
youtube,UC-8wGHNAGp__iXG0rz9hBvg,3CFdL_eDuxk
youtube,UC-8wGHNAGp__iXG0rz9hBvg,A8hVS5r8XHI
youtube,UC-8XBXR6rGf97-A-WsQ1oIg,OxmR6NydXTk
youtube,UC-8xEKNljZr5t3DWbHTFVHQ,62B7qeqF6iQ
youtube,UC-8xEKNljZr5t3DWbHTFVHQ,CdihgG0vMhs
youtube,UC-8xEKNljZr5t3DWbHTFVHQ,hhH_mNL7IjE
youtube,UC-8xEKNljZr5t3DWbHTFVHQ,Iwasi7S0zwk
youtube,UC-8xEKNljZr5t3DWbHTFVHQ,JM6fbPkynEE
youtube,UC-8xEKNljZr5t3DWbHTFVHQ,KysJkbse6RM
youtube,UC-8xEKNljZr5t3DWbHTFVHQ,VsupZ4pkhnE
youtube,UC-8xOa0fRlVKiUcGvjVGvUw,hl7uMQ74Ll0
youtube,UC-8xOa0fRlVKiUcGvjVGvUw,HMByjbtmT88
youtube,UC-8xOa0fRlVKiUcGvjVGvUw,Xlg3sStXlts
youtube,UC-8XOertrQ_rnO0Kh5y25jA,oPLEZeQCLDA
youtube,UC-8Y1OgNQIjzs1IulRf6pbw,1Sa0wIexVCM
youtube,UC-8yggSCuLJWE-ntVoMowqg,dz3AHPZ6LSY
youtube,UC-8YoqjSvF87K4gr5THkQ1Q,3i4xoUmwuRY
youtube,UC-8ZAPheGWdqLCJD42HDOTw,z9c66Lp2bL8
youtube,UC-8ZtGfPFRjI7Y-fla25wZw,jJLXBpBaBzc
youtube,UC-8ZtGfPFRjI7Y-fla25wZw,PF-lAkF8dLg
youtube,UC-9-bQ6491DGFIXj2XvGTeQ,wiMm6sn0tjY
youtube,UC-9-mgoq5QYyV-GhcKUsHyA,6lFiKODuvR0
youtube,UC-9-P-erIeWINNCWXy4B_cg,4kMpA6e_PPw
youtube,UC-9-P-erIeWINNCWXy4B_cg,aJK2LwKzXdA
youtube,UC-9-P-erIeWINNCWXy4B_cg,jJLXBpBaBzc
youtube,UC-9-P-erIeWINNCWXy4B_cg,kc0zUo7Z0wg
youtube,UC-9-P-erIeWINNCWXy4B_cg,zyE-TGQs-GI
youtube,UC-90W_C3vQzERuFKBiyAXlg,uvyy86dwjhI
youtube,UC-90Zcb1zeck6KavhpHmIyw,xj02S2waGOw
youtube,UC-92Ed-JRETSVkeWSVircsw,WafKNs-TcOU
youtube,UC-92vd3Evv6X0a-1vf4qnSQ,5eueeEHRMfA
youtube,UC-92vd3Evv6X0a-1vf4qnSQ,bItb3j85AS8
youtube,UC-92vd3Evv6X0a-1vf4qnSQ,cHYLL1W3RZw
youtube,UC-92vd3Evv6X0a-1vf4qnSQ,cOtER8do4dk
youtube,UC-92vd3Evv6X0a-1vf4qnSQ,FWeibHtLNnc
youtube,UC-92vd3Evv6X0a-1vf4qnSQ,h9q9FJelrtc
youtube,UC-92vd3Evv6X0a-1vf4qnSQ,JEkseWFQsvA
youtube,UC-92vd3Evv6X0a-1vf4qnSQ,joxM3Nt0tCg
youtube,UC-92vd3Evv6X0a-1vf4qnSQ,kziHaUZ9ZDI
youtube,UC-92vd3Evv6X0a-1vf4qnSQ,LROLNXZX2-s
youtube,UC-92vd3Evv6X0a-1vf4qnSQ,MUB-_hV510s
youtube,UC-92vd3Evv6X0a-1vf4qnSQ,VaHeq8T479c
youtube,UC-92vd3Evv6X0a-1vf4qnSQ,WC81hsIg5jo
youtube,UC-92vd3Evv6X0a-1vf4qnSQ,Zm5CPEE0gjA
youtube,UC-934nTGGfdUyygipBb_1Hg,0K3OgMrUqv8
youtube,UC-934nTGGfdUyygipBb_1Hg,5_Fcvqcdss4
youtube,UC-934nTGGfdUyygipBb_1Hg,6Uxwpl1tkXA
youtube,UC-934nTGGfdUyygipBb_1Hg,9_vJiK6W624
youtube,UC-934nTGGfdUyygipBb_1Hg,A1jgTsG-Wdk
youtube,UC-934nTGGfdUyygipBb_1Hg,bCrlpuUf1n8
youtube,UC-934nTGGfdUyygipBb_1Hg,e7sqYzNegIw
youtube,UC-934nTGGfdUyygipBb_1Hg,FOb0i5qk7oM
youtube,UC-934nTGGfdUyygipBb_1Hg,GlfoPD9G0TU
youtube,UC-934nTGGfdUyygipBb_1Hg,hyUEZTA-YJQ
youtube,UC-934nTGGfdUyygipBb_1Hg,jCdHur6ts2g
youtube,UC-934nTGGfdUyygipBb_1Hg,kkUmaMdw0vA
youtube,UC-934nTGGfdUyygipBb_1Hg,NxtUdgevhP0
youtube,UC-934nTGGfdUyygipBb_1Hg,RJV6COIU0Jo
youtube,UC-934nTGGfdUyygipBb_1Hg,RXSr-nfanmo
youtube,UC-934nTGGfdUyygipBb_1Hg,uWMre3yZ4Lk
youtube,UC-934nTGGfdUyygipBb_1Hg,w8nnsV9Si1U
youtube,UC-934nTGGfdUyygipBb_1Hg,wEccvrXrWB8
youtube,UC-934nTGGfdUyygipBb_1Hg,wfWBW9zun-g
youtube,UC-934nTGGfdUyygipBb_1Hg,x97ZIAgdnKk
youtube,UC-934nTGGfdUyygipBb_1Hg,yg-0_xr0vcw
youtube,UC-934nTGGfdUyygipBb_1Hg,yHvL7qDpF-w
youtube,UC-934nTGGfdUyygipBb_1Hg,ywd-ljdTD38
youtube,UC-934nTGGfdUyygipBb_1Hg,yZPDUGkosXY
youtube,UC-934nTGGfdUyygipBb_1Hg,Z2XbAPnuZ2A
youtube,UC-934nTGGfdUyygipBb_1Hg,ZmvuKabp1sA
youtube,UC-934nTGGfdUyygipBb_1Hg,ZsGloK89AVs
youtube,UC-9425yn1ESPzPeAozJ_3zw,zOjc8foVTF0
youtube,UC-95c93kU_MEQHXjQNpWu9A,3i4xoUmwuRY
youtube,UC-95c93kU_MEQHXjQNpWu9A,4APWmDQIOew
youtube,UC-95c93kU_MEQHXjQNpWu9A,ba9HnipUOGA
youtube,UC-95c93kU_MEQHXjQNpWu9A,FnNn942jSuc
youtube,UC-96UP5pnZoto962cKpqyBQ,A2iS6SovBrw
youtube,UC-97HlIskzp_2Q-IojFlfuA,8TBEUkQnVTM
youtube,UC-97QXXwhNi0WwOxhHc6j1w,ly4hZ70hJ28
youtube,UC-98r45eCKExQN6UF9Um48w,DTvXoF-ZTMM
youtube,UC-99VFy3OPqNZTsa89sQbLg,Ds8rB8vLMBU
youtube,UC-9aKZJ7vtPWNyPxdZ0tAeg,hD2B3ZHFq5s
youtube,UC-9AqJHvpJZjss-DYUfbbug,nJK-Q6gdfSU
youtube,UC-9Aw5iS4HGCQTq9oS93BuQ,gCGBiChQmTA
youtube,UC-9Aw5iS4HGCQTq9oS93BuQ,JUOfrlYgSrQ
youtube,UC-9Aw5iS4HGCQTq9oS93BuQ,Kv1S-qAgWVU
youtube,UC-9B-rEbsvGbQcz8XrTfj0w,nop5FheGcj8
youtube,UC-9B-rEbsvGbQcz8XrTfj0w,yZPDUGkosXY
youtube,UC-9BO2dFSSdSm_IbW6g0OMQ,3kFFNvNl8hU
youtube,UC-9BO2dFSSdSm_IbW6g0OMQ,5rJTkN6N4DA
youtube,UC-9BO2dFSSdSm_IbW6g0OMQ,9X4QiFoWDP0
youtube,UC-9BO2dFSSdSm_IbW6g0OMQ,Bgts7eFR1C0
youtube,UC-9BO2dFSSdSm_IbW6g0OMQ,bTMogXZRVsQ
youtube,UC-9BO2dFSSdSm_IbW6g0OMQ,eRig2mRjoAM
youtube,UC-9BO2dFSSdSm_IbW6g0OMQ,h0JOToODUvg
youtube,UC-9BO2dFSSdSm_IbW6g0OMQ,NFZJcWSi4Yw
youtube,UC-9BO2dFSSdSm_IbW6g0OMQ,qODcQDGHhFI
youtube,UC-9BO2dFSSdSm_IbW6g0OMQ,s54N7CwjW9c
youtube,UC-9BO2dFSSdSm_IbW6g0OMQ,VfFTYeP6cSI
youtube,UC-9by8f5wGlEgObWDn9Ty1Q,pir5idtXElc
youtube,UC-9CdlimavtzbzCHsxCfYxw,GYRgFt9UMiw
youtube,UC-9DaN_xyM7VCxupVILeTAA,oM4I8kSFS5E
youtube,UC-9dm-eIptUDlQIJM9aj2ug,a38A-VDeyFU
youtube,UC-9DR_VACfaVzrCOvusWOWQ,BTFA4CgM40Y
youtube,UC-9DR_VACfaVzrCOvusWOWQ,XEnVcvg-HRw
youtube,UC-9e3YhJkXHZLxALuhrMPpg,yDvn-A03kfg
youtube,UC-9EAMPgrfZIDf_eTHMOWFA,Ieprs3mtHHc
youtube,UC-9EAMPgrfZIDf_eTHMOWFA,LAvBfuuWjZk
youtube,UC-9ebuGnu3ZyWOolJHHUwsA,19bLBNqvo-k
youtube,UC-9ebuGnu3ZyWOolJHHUwsA,3i4xoUmwuRY
youtube,UC-9ebuGnu3ZyWOolJHHUwsA,pddHB6tFgnA
youtube,UC-9ebuGnu3ZyWOolJHHUwsA,zOjc8foVTF0
youtube,UC-9FF-olObWdRUHjfQXAsIg,AgtwfHNEqhs
youtube,UC-9fFXbIqle3E916OvYJ_DQ,7BMAwUnXeVQ
youtube,UC-9fLrz4HeQlDV-LI2rm95Q,dmfKRFoDtEE
youtube,UC-9fNfnhYMx-XuTEkajXsOQ,9IlAiLy0PPQ
youtube,UC-9fy5E8qUC2evCgIo9epVw,UqJkWjEGCzI
youtube,UC-9G1aH46ESkfvtQZWYRyAg,zOjc8foVTF0
youtube,UC-9G6PyCJ7HjvX05-uo55BA,0nZmLMa1hDo
youtube,UC-9G6PyCJ7HjvX05-uo55BA,4SyDhcO3lmw
youtube,UC-9G6PyCJ7HjvX05-uo55BA,A1jgTsG-Wdk
youtube,UC-9G6PyCJ7HjvX05-uo55BA,rp53CT69nDM
youtube,UC-9g8wCSLpQvKizR60sgbVg,-Bs4IzXULuI
youtube,UC-9g8wCSLpQvKizR60sgbVg,cu-81boDJ3E
youtube,UC-9g8wCSLpQvKizR60sgbVg,hD9zFBmCwjs
youtube,UC-9g8wCSLpQvKizR60sgbVg,XmUPN_AlM40
youtube,UC-9g8wCSLpQvKizR60sgbVg,XsLp4-yGve8
youtube,UC-9Gb3Rbv8_IEEgonXZD4Ww,5J9dFqqj81A
youtube,UC-9gcFXmcR3tDELm2KcfguQ,qOxUL9KrNZs
youtube,UC-9ghwhlPCGiI0WbYiKrC_A,0g1KCF0NWAo
youtube,UC-9ghwhlPCGiI0WbYiKrC_A,3i4xoUmwuRY
youtube,UC-9ghwhlPCGiI0WbYiKrC_A,3yi_QPN7tuY
youtube,UC-9ghwhlPCGiI0WbYiKrC_A,5_Fcvqcdss4
youtube,UC-9ghwhlPCGiI0WbYiKrC_A,9cEw1vCaz_k
youtube,UC-9ghwhlPCGiI0WbYiKrC_A,9xiM-TVUSDw
youtube,UC-9ghwhlPCGiI0WbYiKrC_A,A1jgTsG-Wdk
youtube,UC-9ghwhlPCGiI0WbYiKrC_A,b_WQOOBKTJk
youtube,UC-9ghwhlPCGiI0WbYiKrC_A,BFzM2A_zYdk
youtube,UC-9ghwhlPCGiI0WbYiKrC_A,c5mNtnGDotU
youtube,UC-9ghwhlPCGiI0WbYiKrC_A,D3qLBfN-RgU
youtube,UC-9ghwhlPCGiI0WbYiKrC_A,EhjbCfcbQnw
youtube,UC-9ghwhlPCGiI0WbYiKrC_A,FOGezI672Rw
youtube,UC-9ghwhlPCGiI0WbYiKrC_A,KaoTcH5tWRo
youtube,UC-9ghwhlPCGiI0WbYiKrC_A,KkdUr4hdXDc
youtube,UC-9ghwhlPCGiI0WbYiKrC_A,NhbINNjEYzg
youtube,UC-9ghwhlPCGiI0WbYiKrC_A,nZ4K7_vPwkc
youtube,UC-9ghwhlPCGiI0WbYiKrC_A,pbC1pui4dMs
youtube,UC-9ghwhlPCGiI0WbYiKrC_A,PKBKB0lgMOg
youtube,UC-9ghwhlPCGiI0WbYiKrC_A,PYVl0YSZwRw
youtube,UC-9ghwhlPCGiI0WbYiKrC_A,qJNqJx2UqJA
youtube,UC-9ghwhlPCGiI0WbYiKrC_A,qPs42X0JWAY
youtube,UC-9ghwhlPCGiI0WbYiKrC_A,RQZsAObFUoM
youtube,UC-9ghwhlPCGiI0WbYiKrC_A,RRdcbHta7kY
youtube,UC-9ghwhlPCGiI0WbYiKrC_A,sW87QRST-e0
youtube,UC-9ghwhlPCGiI0WbYiKrC_A,TNGK9-WmC2Y
youtube,UC-9ghwhlPCGiI0WbYiKrC_A,u0n3R_uo-cQ
youtube,UC-9ghwhlPCGiI0WbYiKrC_A,uWMre3yZ4Lk
youtube,UC-9ghwhlPCGiI0WbYiKrC_A,vZC9OKh1nag
youtube,UC-9ghwhlPCGiI0WbYiKrC_A,x4u9RQv40HY
youtube,UC-9ghwhlPCGiI0WbYiKrC_A,xLsQ1A8W0Vw
youtube,UC-9ghwhlPCGiI0WbYiKrC_A,Y85KHnpVB30
youtube,UC-9ghwhlPCGiI0WbYiKrC_A,yfGe_srWO74
youtube,UC-9ghwhlPCGiI0WbYiKrC_A,yt_AJ2YUDw4
youtube,UC-9ghwhlPCGiI0WbYiKrC_A,yZPDUGkosXY
youtube,UC-9HFg4wxhqqAei9KeY_KOA,nLCLsTLXkkI
youtube,UC-9hu2Tt4Z8PYCvAiC3aLYQ,lWwODfFMJfA
youtube,UC-9ivMCVZMuMjcuLsQA83gA,RrWk0qFwGqo
youtube,UC-9JHOzxwVyFegA-lWihvTg,CgdXtoPz_pY
youtube,UC-9jHsVbwHS3heCszD_k1-Q,p7RuXFBVqVc
youtube,UC-9JoqyPiJfGE1Vv64r2b0g,hjabuq0joBs
youtube,UC-9jT0weC4XYZ6VMUuRq_fQ,BwdcG9va6ek
youtube,UC-9KWubvSkNI3zVutojd4bg,_kyCTB7Ae60
youtube,UC-9KWubvSkNI3zVutojd4bg,A1kCq_mIK7Q
youtube,UC-9KWubvSkNI3zVutojd4bg,Ag3Xv7EGWpc
youtube,UC-9KWubvSkNI3zVutojd4bg,f7LkWXN4gIc
youtube,UC-9KWubvSkNI3zVutojd4bg,hyUEZTA-YJQ
youtube,UC-9KWubvSkNI3zVutojd4bg,Iwasi7S0zwk
youtube,UC-9KWubvSkNI3zVutojd4bg,KaoTcH5tWRo
youtube,UC-9KWubvSkNI3zVutojd4bg,zyDFK_9pl6M
youtube,UC-9l7HjbePHr2rJqpVUVm4w,dz3AHPZ6LSY
youtube,UC-9l7HjbePHr2rJqpVUVm4w,pFpLViPca-g
youtube,UC-9l7HjbePHr2rJqpVUVm4w,WHsDN7J_yE4
youtube,UC-9LgaKm2jzww87u3xsBS2g,COBW7ycc3nk
youtube,UC-9LU1MOsEx0LTgv1ix9whA,MlhArCQvL5o
youtube,UC-9LU1MOsEx0LTgv1ix9whA,TPwPQpSQVpY
youtube,UC-9LXzAI-Cr-KOUuU-wUAaw,Ds8rB8vLMBU
youtube,UC-9LXzAI-Cr-KOUuU-wUAaw,yOX4ciBsUV8
youtube,UC-9mDN67_BR1sbJtRD862yg,hyUEZTA-YJQ
youtube,UC-9mDN67_BR1sbJtRD862yg,nLCLsTLXkkI
youtube,UC-9mFQ7Qs7FnE0zouT3OCFA,9IlAiLy0PPQ
youtube,UC-9MhFXjjde-0YGmaP6EAMQ,JYanwc4MzbM
youtube,UC-9n2_E0frFcAaPIkQ0dj_g,NYnM0aGq4W4
youtube,UC-9ni_TKAuYSwCQZ02mVitA,_WMv67OKdlE
youtube,UC-9odVI1xHeCdcyBA6YWioQ,9PWSH5FsxxM
youtube,UC-9odVI1xHeCdcyBA6YWioQ,kDYtqZm1ZPw
youtube,UC-9odVI1xHeCdcyBA6YWioQ,PF-lAkF8dLg
youtube,UC-9oexFIjBL4e0tXUYpKLPg,yl1w_zYw7wM
youtube,UC-9OKB4rOW7v-gUiM86GKMA,t2QQAgJCyB0
youtube,UC-9pH9brZvYroso8b6Shx3Q,xGjCONDiCWU
youtube,UC-9PqlDlRN-1jGMV7euMLig,D7VW0-nNYvE
youtube,UC-9PsCwJhwjXUOEqs9SjIWg,kcAqrCAZnBg
youtube,UC-9PtsBsOAeEKqFGOuSMwOg,jZ1ksxzu9K4
youtube,UC-9pX72Qs0yO4mreeg59Emw,qflwr2WtocU
youtube,UC-9qCixeuZmxcEQoox3sX6Q,1vps5RU2UN8
youtube,UC-9qCixeuZmxcEQoox3sX6Q,rxLLDShvQv8
youtube,UC-9qCixeuZmxcEQoox3sX6Q,ztxzga187Lk
youtube,UC-9Qe0dzJyh2y46rkKo_9yA,5xncs-QC-Bg
youtube,UC-9Qe0dzJyh2y46rkKo_9yA,PSgxTDIwhNA
youtube,UC-9qMB_AF1hJJK9T_xpKgRw,Xpprw1WZ0pg
youtube,UC-9qpjV_GiuTtFHIpUpuTjQ,dMo5ORwFEBU
youtube,UC-9qsQoM2fWX1tra-_H7UfA,xj02S2waGOw
youtube,UC-9qX9sYjoy1CGuUVWFukmw,7y4kMmxXSgU
youtube,UC-9qxOvJ1BMR0NtHDrwRvGA,B0rtfmZyQCo
youtube,UC-9RKoauPLmA9VJ-AxZK8qQ,kT_TBtJqgs0
youtube,UC-9RW0t9M8fBchJjuLD4kaw,n2xQ112p4Kg
youtube,UC-9RWFAmuLzEpObJTCmDewA,hcZg-IjH-TA
youtube,UC-9RWFAmuLzEpObJTCmDewA,Lb8Zu9jpMo4
youtube,UC-9RWFAmuLzEpObJTCmDewA,lkKbjaTILy4
youtube,UC-9RysaT5IA7nyRzdfH4DUA,Iwasi7S0zwk
youtube,UC-9ScxXlyHeZY0WiByb9smQ,Ar993piNuOU
youtube,UC-9ScxXlyHeZY0WiByb9smQ,ghAdeT60_HQ
youtube,UC-9ScxXlyHeZY0WiByb9smQ,PDpTlkDpuJM
youtube,UC-9ScxXlyHeZY0WiByb9smQ,xj02S2waGOw
youtube,UC-9SSMsg4cIsjkkSD_5JfIA,hYO5u2ERpGY
youtube,UC-9teYiJU3JvP83vTF8pTRw,kylcNHdI-NA
youtube,UC-9TGWHReZzf2OfWUef-tMg,GQHopDcuoMs
youtube,UC-9tQLTTFDRuapDWgVktL1A,uXLL2_vU1JM
youtube,UC-9tsLNN6NrWzzLKvjAOkrw,3JO4PoV3FVE
youtube,UC-9tsLNN6NrWzzLKvjAOkrw,7BMAwUnXeVQ
youtube,UC-9tsLNN6NrWzzLKvjAOkrw,bTMogXZRVsQ
youtube,UC-9tsLNN6NrWzzLKvjAOkrw,GI60RpiTJ9U
youtube,UC-9tsLNN6NrWzzLKvjAOkrw,igQQxvDay2A
youtube,UC-9tsLNN6NrWzzLKvjAOkrw,lf4eXFjfQmA
youtube,UC-9tsLNN6NrWzzLKvjAOkrw,nZeCLVKrGr8
youtube,UC-9TTZi2qW96YkAY7PFm5rA,p7RuXFBVqVc
youtube,UC-9tvwQc8nhkbS6cnzJYv7Q,3i4xoUmwuRY
youtube,UC-9tvwQc8nhkbS6cnzJYv7Q,nLCLsTLXkkI
youtube,UC-9tYaGSYcBkEJGeDg9NZqg,euAdnAsC8K4
youtube,UC-9tYaGSYcBkEJGeDg9NZqg,mFp2zl6boA4
youtube,UC-9U6d5VFAFduS9-gaes00w,9QAEw6k9ot4
youtube,UC-9UCkWhONbBqbOT3_l9qeA,tBVPKisdObs
youtube,UC-9uMW4Ent8HchT_lxeMRTA,5fvv0iz0ahg
youtube,UC-9uMW4Ent8HchT_lxeMRTA,JQimTHI33Sg
youtube,UC-9uMW4Ent8HchT_lxeMRTA,l7k2ih1wRhE
youtube,UC-9uMW4Ent8HchT_lxeMRTA,lJjOZ4HwK-s
youtube,UC-9uMW4Ent8HchT_lxeMRTA,tqXgnBr2YGc
youtube,UC-9uMW4Ent8HchT_lxeMRTA,WGtevCH1LMI
youtube,UC-9uMW4Ent8HchT_lxeMRTA,y8vJfjWtBGg
youtube,UC-9uMW4Ent8HchT_lxeMRTA,zq3jfVdX4r8
youtube,UC-9urxqQoJvlW59vkjaTCOA,xj02S2waGOw
youtube,UC-9uU9NEOKdzgEIXArKH7_g,7BW19fhyhgA
youtube,UC-9v05seib1kq3XjohT8nAQ,-RgCMNYIQWI
youtube,UC-9v05seib1kq3XjohT8nAQ,31kc45rLGEY
youtube,UC-9v05seib1kq3XjohT8nAQ,aOSoNvpYH7w
youtube,UC-9v05seib1kq3XjohT8nAQ,CVeb3InKIAo
youtube,UC-9v05seib1kq3XjohT8nAQ,hUBvUv5Ii7A
youtube,UC-9v05seib1kq3XjohT8nAQ,peVovTHPVFI
youtube,UC-9v05seib1kq3XjohT8nAQ,rtf7e5hfyAo
youtube,UC-9v05seib1kq3XjohT8nAQ,UPfI-l9TdO0
youtube,UC-9v05seib1kq3XjohT8nAQ,YPKEroO6UnE
youtube,UC-9v05seib1kq3XjohT8nAQ,ZXFagmoR2No
youtube,UC-9w1Vb4I7ihV1AlKluoN5A,nLCLsTLXkkI
youtube,UC-9w1Vb4I7ihV1AlKluoN5A,To-JJJWHTZI
youtube,UC-9WlAkTtWcJNkuTadsTmeQ,9ZvgQhwPObs
youtube,UC-9WlAkTtWcJNkuTadsTmeQ,c4N0lR_nrRQ
youtube,UC-9WLCDgvsrqZ9e-6hb0zWQ,gYgs1iPCb-Q
youtube,UC-9WLCDgvsrqZ9e-6hb0zWQ,uG5jj87TmyA
youtube,UC-9WUqvGUi0I7tSDxxnrTag,HMByjbtmT88
youtube,UC-9xDNdRq92Ldb8TnaTB4wg,JgypjFN2klk
youtube,UC-9YA56yeXLUf0xyALnnsyg,pMbzaygsY4w
youtube,UC-9yhUTy9znwWfZPMHuI0dw,9S6GgB-H4PE
youtube,UC-9zHVMNKFNkHL36WSOPzlQ,xj02S2waGOw
youtube,UC-9ZTHocQEVVoFobk9lLAVA,qO0HZKwVPjE
youtube,UC-_-gibul1TAsY_TWMAkKsA,Z3DJDnSdASE
youtube,UC-_0Gh_WFsmA7urYPUGyZgw,twTw_WqlBew
youtube,UC-_0Gh_WFsmA7urYPUGyZgw,zARgkIIpx5s
youtube,UC-_0h19Q8knRxyVsrMT3wjQ,D7VW0-nNYvE
youtube,UC-_0h19Q8knRxyVsrMT3wjQ,ZJS2o4a3Ex4
youtube,UC-_1AshcBvgg1RKI2LSgDqQ,gpK3CGVVung
youtube,UC-_1nQfB-m89FPGqHkTpBXw,zYhv5xBeDkE
youtube,UC-_1OCRUs28zjYYkfOFhvOQ,7M4WdG9oV_g
youtube,UC-_1OCRUs28zjYYkfOFhvOQ,jNTgTW-dz2I
youtube,UC-_1Q6mSA-Z8JUltHPPBMuA,FNRiHywmEUE
youtube,UC-_3tUV7mmjlBEwRLzC-1dw,Bd2TRoF_mLM
youtube,UC-_3tUV7mmjlBEwRLzC-1dw,bGIxGuovdb0
youtube,UC-_3tUV7mmjlBEwRLzC-1dw,J-6_0xtqsrg
youtube,UC-_3tUV7mmjlBEwRLzC-1dw,PPrC4dct60g
youtube,UC-_46i2W1vSaJt_MKCblafQ,a38A-VDeyFU
youtube,UC-_6dkE7k981qOVSqFI0yyA,1-7x-WIgL-I
youtube,UC-_6PEwDZaQdc97OenQ6Nrg,cu-81boDJ3E
youtube,UC-_6PEwDZaQdc97OenQ6Nrg,X0AjCHyh5Sc
youtube,UC-_6YTeK4YY0afrpJshjN_A,35ACnz1DZFI
youtube,UC-_7t7kBGljqkETqYOVt8LA,AgtwfHNEqhs
youtube,UC-_9EchYyq0MSVj5ocWm1lQ,XtT1ZqbQehY
youtube,UC-_9Epz0rqvs9RvsuzgAt8g,_a9wL5xOS5U
youtube,UC-_9FrvEyDGA7VEkMduVcBA,lr0YyT-bVxw
youtube,UC-__Ge30E9F8OfH1_rVeFXg,Uc2Cafs_NaI
youtube,UC-__lDQQu07U1pouLLM-ISg,AbjwCGSA310
youtube,UC-_A_cJJQeT3wyN0l4lpUog,ZU3IT5cHCyk
youtube,UC-_aAZ51vaIe1YOlts-Xt1g,gx-GvrygjfI
youtube,UC-_aAZ51vaIe1YOlts-Xt1g,JL8qE2-Duww
youtube,UC-_aAZ51vaIe1YOlts-Xt1g,ZjsSWFbkB4A
youtube,UC-_AfXhSyv_y_bypH2WmSbQ,t8457oMQkso
youtube,UC-_Ag8gh-7h49AslLKeJz6g,6wzUA77ozuE
youtube,UC-_aGpg3AlRzY2Ftj0XD6sg,AgtwfHNEqhs
youtube,UC-_aGpg3AlRzY2Ftj0XD6sg,CbD38jetjt0
youtube,UC-_aGpg3AlRzY2Ftj0XD6sg,gPYJDUh870A
youtube,UC-_aGpg3AlRzY2Ftj0XD6sg,QX1nVDTcUcg
youtube,UC-_AgZB9yhUyRGZ6UwCLcjA,tzHEuiA141Y
youtube,UC-_aMbqui_itfZUNNXi8vEg,AfKc84e4-K4
youtube,UC-_aMbqui_itfZUNNXi8vEg,D0obaLOw80c
youtube,UC-_aMbqui_itfZUNNXi8vEg,D9wOLD1gV04
youtube,UC-_aMbqui_itfZUNNXi8vEg,FbICjMyy_Tk
youtube,UC-_aMbqui_itfZUNNXi8vEg,GPteQB1535s
youtube,UC-_aMbqui_itfZUNNXi8vEg,kHo5x7UAQxo
youtube,UC-_aMbqui_itfZUNNXi8vEg,Kl85UG0otxk
youtube,UC-_aMbqui_itfZUNNXi8vEg,l-VwKP3rdag
youtube,UC-_aMbqui_itfZUNNXi8vEg,MlCb3biwXn4
youtube,UC-_aMbqui_itfZUNNXi8vEg,oGtcLwk0lrk
youtube,UC-_aMbqui_itfZUNNXi8vEg,qpy3a5QCGEY
youtube,UC-_aMbqui_itfZUNNXi8vEg,tKQ_tQasf7c
youtube,UC-_aMbqui_itfZUNNXi8vEg,UVJxTRkzYJo
youtube,UC-_aMbqui_itfZUNNXi8vEg,VamugD0wSrc
youtube,UC-_aMbqui_itfZUNNXi8vEg,YF3flUd3mM8
youtube,UC-_aMbqui_itfZUNNXi8vEg,zbenbmXjMD0
youtube,UC-_aMbqui_itfZUNNXi8vEg,zsDHFkX4mjI
youtube,UC-_AV_npuPoFfWH_1L58pjQ,Ds8rB8vLMBU
youtube,UC-_b_714qyuAJWltjEJPd2Q,v57m1nRYkD4
youtube,UC-_bePUMnfbe-8sipnjXluA,pK8VOFrPaWQ
youtube,UC-_bhTXwhgx1wHzaJRUGCww,9Glrq39hIT4
youtube,UC-_bhTXwhgx1wHzaJRUGCww,D-8iBh6b4BA
youtube,UC-_bhTXwhgx1wHzaJRUGCww,DJc4MpMkdnI
youtube,UC-_bhTXwhgx1wHzaJRUGCww,oaaT9NPBoHQ
youtube,UC-_bhTXwhgx1wHzaJRUGCww,QX1nVDTcUcg
youtube,UC-_bTZJi6dlJQc0nyGM_M-w,HTpCmSzHO0c
youtube,UC-_bXW4kjzSklgVeUVrZ2MQ,Nwn4lWP7xsE
youtube,UC-_d_xZpRz8RbXzNOJhBKiQ,_a9wL5xOS5U
youtube,UC-_ddNeEZs4h6Du0pZlHyow,KZ4nQ4BbvEk
youtube,UC-_ddNeEZs4h6Du0pZlHyow,q6kG0gk_Y1w
youtube,UC-_Eog-Vdz5Xaz0pN0r0BbQ,SW1Bl31Kpnk
youtube,UC-_f12_O6Sr79_wfB2lvjkA,TskGnMnKfYc
youtube,UC-_fRtTFdS95XJdpvUfSeiw,IkQfWxFbzrw
youtube,UC-_fsYVV0Z1f-35FyW6F5wg,0nZmLMa1hDo
youtube,UC-_fsYVV0Z1f-35FyW6F5wg,JPqEMMTzjMI
youtube,UC-_fsYVV0Z1f-35FyW6F5wg,uAWMwFWUH8Q
youtube,UC-_Fu6DmvuUWBbCiV5DkhMQ,3i4xoUmwuRY
youtube,UC-_Fu6DmvuUWBbCiV5DkhMQ,bbCVLlxqNmU
youtube,UC-_fxIDr6Eu0gaVRzRXBRIg,uWTO6556G3A
youtube,UC-_hH0PYoyQfweL-iN5Og9w,QYZoFCS9zZo
youtube,UC-_i42EgzmbAhc7E1UqrZuA,gbvG1MjLRQ0
youtube,UC-_i42EgzmbAhc7E1UqrZuA,JkH3wP_Z8IQ
youtube,UC-_i42EgzmbAhc7E1UqrZuA,sN7zPeGs4R8
youtube,UC-_iKbhjE9bSZxRbAgwIOqQ,kXM95n6a_t4
youtube,UC-_izsmA0DU0DvMnEnI5mxg,AgtwfHNEqhs
youtube,UC-_JaaPZHbN-M0iReFL1pBg,D_cYYeieL1A
youtube,UC-_jDD64cgMts_fqx8YWASw,atcXJXJf5Mw
youtube,UC-_kfPpnjPVqFHqGNluMOhw,PQHMZSYZyo8
youtube,UC-_KGybHS9mNguq973cLoiQ,kJwdA_-uZhM
youtube,UC-_KJlXXnpKwK5ZKePD1u6g,de4tDKbl51U
youtube,UC-_KJlXXnpKwK5ZKePD1u6g,Mq-ihPHKoCs
youtube,UC-_KpeYW03OrKGL3aFgqYCQ,3U1wembSphg
youtube,UC-_KpeYW03OrKGL3aFgqYCQ,V6-QDCnQBtQ
youtube,UC-_kzarS0PX5hLyTxHeRZFA,SNNoPpEqap8
youtube,UC-_LamdyQQXZDI62z0p4J3Q,BFzM2A_zYdk
youtube,UC-_LamdyQQXZDI62z0p4J3Q,D7VW0-nNYvE
youtube,UC-_LamdyQQXZDI62z0p4J3Q,F2Uco6yTs-Q
youtube,UC-_LamdyQQXZDI62z0p4J3Q,wiMm6sn0tjY
youtube,UC-_LBB_Q9uHZApT_5BpxqWg,09LSf6gh1YM
youtube,UC-_LBB_Q9uHZApT_5BpxqWg,8kpAsc5opRw
youtube,UC-_LBB_Q9uHZApT_5BpxqWg,FM0O7v-fqqw
youtube,UC-_lEO4aNjM66DGN16BjGTg,0lVCcJrGKX0
youtube,UC-_lEO4aNjM66DGN16BjGTg,dxfaRweZ-g0
youtube,UC-_lEO4aNjM66DGN16BjGTg,GZzoj238l0M
youtube,UC-_lEO4aNjM66DGN16BjGTg,mN5XtwzyKj0
youtube,UC-_lEO4aNjM66DGN16BjGTg,PlVSeGpUz8w
youtube,UC-_lEO4aNjM66DGN16BjGTg,q4kkYK5qO70
youtube,UC-_lEO4aNjM66DGN16BjGTg,SmrBNyBShMo
youtube,UC-_lEO4aNjM66DGN16BjGTg,x_D4U1dusEc
youtube,UC-_Lpu_rf5kMeo4Kd5dMcxA,uE2YouVgrh4
youtube,UC-_mfFJSQIxASz_1haGhN8A,nJB1MznMvGs
youtube,UC-_mfFJSQIxASz_1haGhN8A,sKqpHZknpsg
youtube,UC-_mmcxXp6S_JMHFVq1lAqw,5SbngScf4uM
youtube,UC-_N0QLwCRbwz7RXhIkR4Jw,2JUcr17VsTY
youtube,UC-_N0QLwCRbwz7RXhIkR4Jw,tSa3M89I4dA
youtube,UC-_N0QLwCRbwz7RXhIkR4Jw,zIYWbxBfe7s
youtube,UC-_N1if-cLEDVnhB9UmQFbA,ULVQXZVEcR0
youtube,UC-_N8UKvuDzpChPFoz7yvVw,bjn9tXF-cqc
youtube,UC-_NhdmLVwFeaJj-wNDx3kQ,8Phi_JYj6JI
youtube,UC-_NhdmLVwFeaJj-wNDx3kQ,9X4QiFoWDP0
youtube,UC-_NhdmLVwFeaJj-wNDx3kQ,A2iS6SovBrw
youtube,UC-_NhdmLVwFeaJj-wNDx3kQ,bFW7an4fPPA
youtube,UC-_NhdmLVwFeaJj-wNDx3kQ,fuO9E8PdJP0
youtube,UC-_NhdmLVwFeaJj-wNDx3kQ,GAaEDSfgh94
youtube,UC-_NhdmLVwFeaJj-wNDx3kQ,hLv69vQGB0o
youtube,UC-_NhdmLVwFeaJj-wNDx3kQ,kdh41uO_xQw
youtube,UC-_NhdmLVwFeaJj-wNDx3kQ,LPKfQzYZzU8
youtube,UC-_NhdmLVwFeaJj-wNDx3kQ,RIircCJDAh4
youtube,UC-_NhdmLVwFeaJj-wNDx3kQ,sfXsqKK5Cto
youtube,UC-_NhdmLVwFeaJj-wNDx3kQ,SGLNGsmFx_c
youtube,UC-_NhdmLVwFeaJj-wNDx3kQ,t3Yeiv9Xv0U
youtube,UC-_NhdmLVwFeaJj-wNDx3kQ,XDVgvUdPJnw
youtube,UC-_NhdmLVwFeaJj-wNDx3kQ,Y5saulpCmis
youtube,UC-_NJ6_5S88ZWJKoRNhgzrw,-47q9QYbd1U
youtube,UC-_NJ6_5S88ZWJKoRNhgzrw,OICkDCYUX7A
youtube,UC-_NoVSTnN7C49RetynGgfA,JEkseWFQsvA
youtube,UC-_nrq-6nBf9EVMqs5uqeGQ,xtEkEQEOR8U
youtube,UC-_oc2kzSyN4xKKW7wN0ymQ,jJLXBpBaBzc
youtube,UC-_oExvOJlk_i_QGjXcW-dQ,4Y3MVWm28G4
youtube,UC-_oExvOJlk_i_QGjXcW-dQ,aOSoNvpYH7w
youtube,UC-_oExvOJlk_i_QGjXcW-dQ,c4N0lR_nrRQ
youtube,UC-_oExvOJlk_i_QGjXcW-dQ,fFoFUE1pEVQ
youtube,UC-_oExvOJlk_i_QGjXcW-dQ,HzLoK8KFPzE
youtube,UC-_oExvOJlk_i_QGjXcW-dQ,Kd2oXVx3M1U
youtube,UC-_oExvOJlk_i_QGjXcW-dQ,NDwbsNl-vFk
youtube,UC-_oFE3uGb3Uq7i0LbyVJqA,1GxfcVjwaNI
youtube,UC-_oR55r5o09Qk4LsTLwr6A,DLEj3BP7Qug
youtube,UC-_oR55r5o09Qk4LsTLwr6A,uibYkU3UWuA
youtube,UC-_oR55r5o09Qk4LsTLwr6A,ZNG-LWwajSE
youtube,UC-_OSSXeeb9izeTuBc5mZhg,H6oU4JgQEJM
youtube,UC-_oUirhDfwTLWi6XUMvKKQ,qmEuMgohNYI
youtube,UC-_oUirhDfwTLWi6XUMvKKQ,tj71FvSNJps
youtube,UC-_owJx1QpTI6OolcjKprRg,6WGTfQ80x1M
youtube,UC-_P1-M1Le1IIOeJ52HuUtA,-rAcAfsRndE
youtube,UC-_P_EzjBka8FoAXUuf5voQ,2ssv1mmEBPI
youtube,UC-_pBIV5H6H-u2ZmbU-60Kw,Ds8rB8vLMBU
youtube,UC-_Q2P62BnXVBgOX5y9fu6g,Jllz6dGVy_o
youtube,UC-_Q2P62BnXVBgOX5y9fu6g,KNPYM2eQReE
youtube,UC-_Q2P62BnXVBgOX5y9fu6g,SzU7dHGyO_I
youtube,UC-_QI1mUubTbbGMUn8uW5Tg,Cp0WJP3TcS8
youtube,UC-_QI1mUubTbbGMUn8uW5Tg,QnWFgslfmkg
youtube,UC-_QI1mUubTbbGMUn8uW5Tg,Y33XWO8Jsps
youtube,UC-_QKi7S3Z7TEekoeCrImHw,8zl7PbFpebo
youtube,UC-_QKi7S3Z7TEekoeCrImHw,yM_CyRad5W8
youtube,UC-_QmPx3eUe7jR2o5TOGM6A,9X4QiFoWDP0
youtube,UC-_QmPx3eUe7jR2o5TOGM6A,9zjZqAM3HhE
youtube,UC-_QmPx3eUe7jR2o5TOGM6A,Br2vp4Yp5HY
youtube,UC-_QmPx3eUe7jR2o5TOGM6A,D8swuakmVtg
youtube,UC-_QmPx3eUe7jR2o5TOGM6A,EnKMJnZ5VwU
youtube,UC-_QmPx3eUe7jR2o5TOGM6A,Isk9xKivBUo
youtube,UC-_QmPx3eUe7jR2o5TOGM6A,JcfnGYGjt_s
youtube,UC-_QmPx3eUe7jR2o5TOGM6A,mPG_uqnMOAU
youtube,UC-_QmPx3eUe7jR2o5TOGM6A,n8gx4SL_Ah4
youtube,UC-_QmPx3eUe7jR2o5TOGM6A,pq5asMnTKPQ
youtube,UC-_QmPx3eUe7jR2o5TOGM6A,TskGnMnKfYc
youtube,UC-_QmPx3eUe7jR2o5TOGM6A,ujmbCesOcSI
youtube,UC-_QmPx3eUe7jR2o5TOGM6A,wZhypbg41gA
youtube,UC-_QmPx3eUe7jR2o5TOGM6A,xYmyrorSs9I
youtube,UC-_QmPx3eUe7jR2o5TOGM6A,y3isK1bg7gQ
youtube,UC-_QmPx3eUe7jR2o5TOGM6A,z9Vhak6rzPg
youtube,UC-_QmPx3eUe7jR2o5TOGM6A,zTQRe58DrY4
youtube,UC-_QNG3ols12g-foAbkyQQw,aCvNBhRm2yI
youtube,UC-_qu0F9qXesxKFKgDjgqKQ,92E7fv9eyFA
youtube,UC-_qu0F9qXesxKFKgDjgqKQ,ujmbCesOcSI
youtube,UC-_qzr0qgZfUWtHdi1NQtIw,9kcP_IyH_F0
youtube,UC-_rlTpRFc_6LT4Ym08-pTg,93RHjW4G1ho
youtube,UC-_rlTpRFc_6LT4Ym08-pTg,U-qt0b5VmTI
youtube,UC-_ROP-eARO2AiFF5pUwzcQ,-KD4xcSfhZ0
youtube,UC-_rTR3ibXHjoNzk-MXzKFg,ui1W7jvxRS0
youtube,UC-_shGg3YUf9eqUJfTog0gQ,Xjre8q1OQ8w
youtube,UC-_sMCcCWVy-FvEjnwbhpeQ,3CFdL_eDuxk
youtube,UC-_sMCcCWVy-FvEjnwbhpeQ,7xPAqPbhDaY
youtube,UC-_sMCcCWVy-FvEjnwbhpeQ,cyF3kAxKdrQ
youtube,UC-_sMCcCWVy-FvEjnwbhpeQ,fYjbO6X5WOs
youtube,UC-_sMCcCWVy-FvEjnwbhpeQ,Iwasi7S0zwk
youtube,UC-_sMCcCWVy-FvEjnwbhpeQ,kZ2GKp1V-M0
youtube,UC-_sMCcCWVy-FvEjnwbhpeQ,oKCKbWhrrEo
youtube,UC-_sMCcCWVy-FvEjnwbhpeQ,sM8dzaLwgEg
youtube,UC-_sMCcCWVy-FvEjnwbhpeQ,zbM0mELmHZg
youtube,UC-_srSZ_WmVjjS27mimqDWw,z9c66Lp2bL8
youtube,UC-_T5dIpsbD0ozQx1ZN0kUg,rzDG67cAP0U
youtube,UC-_tA5TtK3AeL6bWneKcBCA,xj02S2waGOw
youtube,UC-_tA5TtK3AeL6bWneKcBCA,XVo_-_CKPYg
youtube,UC-_TNzMqxWjttuieM528l0g,3E6a3sK0k5Y
youtube,UC-_u7z6StqSBs28bNm5MwAg,COBW7ycc3nk
youtube,UC-_UzjceITHePdGeKjrbrKg,YIm-JWnllXc
youtube,UC-_Vx2VC9w3cQLRRzzaxpNQ,0sAhQ720jgs
youtube,UC-_Vx2VC9w3cQLRRzzaxpNQ,BwdcG9va6ek
youtube,UC-_Vx2VC9w3cQLRRzzaxpNQ,QvUImi2dU6Y
youtube,UC-_w1WI-dXd7iKik7Y44-FA,QXwUvvHdfcs
youtube,UC-_w9w3Y2u_D5bFmBBMDZrg,nfoDkk8xN6o
youtube,UC-_WrExwQcp6DaSTgFG8VCw,UXiSS2gJCyQ
youtube,UC-_X9veSIN7GVyzmHm8uSAg,tYE3JaeaCOg
youtube,UC-_xHKboQrOH1jdqTNE4H3A,Ib9fc9VFbR0
youtube,UC-_xnWH6sbUFIQdGc5tmG6w,qflwr2WtocU
youtube,UC-_xvglIJpFuFihf4brWC0A,OZ3GcBPFsNE
youtube,UC-_xxSsCwQ_P5x4BVysgLAg,EOhiALOGk8c
youtube,UC-_y1CbbzS2iNJRMo7ss2CQ,1473HZjq-xE
youtube,UC-_y1CbbzS2iNJRMo7ss2CQ,Ds8rB8vLMBU
youtube,UC-_y1CbbzS2iNJRMo7ss2CQ,R9VrhWS7m_E
youtube,UC-_y1CbbzS2iNJRMo7ss2CQ,uWTO6556G3A
youtube,UC-_y3Df4FzS0__BY2atqPpA,wT0hG1f79Q4
youtube,UC-_y5-7CvRVccrfTuT2PobQ,BFzM2A_zYdk
youtube,UC-_y5-7CvRVccrfTuT2PobQ,GYRgFt9UMiw
youtube,UC-_yb-hCYEI90oZTgdcfoVQ,BTflkAgiRDU
youtube,UC-_YcyVqBcYatxQF-6EmgPQ,hyUEZTA-YJQ
youtube,UC-_YcyVqBcYatxQF-6EmgPQ,PuyNC3jAQ2M
youtube,UC-_YcyVqBcYatxQF-6EmgPQ,TL8Qj0DlfEs
youtube,UC-_YcyVqBcYatxQF-6EmgPQ,wH69nzVnm6Y
youtube,UC-_YcyVqBcYatxQF-6EmgPQ,xj02S2waGOw
youtube,UC-_YHjlsSjp9paDBwSCFdhA,Iwasi7S0zwk
youtube,UC-_YHjlsSjp9paDBwSCFdhA,MCRdUbbW0nk
youtube,UC-_yWTTMasZtnBg9orlVSIA,xj02S2waGOw
youtube,UC-_yzs9osFmOVCSUQVDBWUA,wZdOGTKn8Uk
youtube,UC-_z668rmxIBUcnaoN0Xc8A,3i4xoUmwuRY
youtube,UC-_zP7q31XbTB-aMxfOYEUA,P7HZ7E9n8IA
youtube,UC-a-6aIlL_iz0e48WT_sltQ,196fSr69kaE
youtube,UC-A-ukFsvkrUd2mXPswKzyg,8QRTDEJbvjU
youtube,UC-A-ukFsvkrUd2mXPswKzyg,9KWVKG6DuWc
youtube,UC-A-ukFsvkrUd2mXPswKzyg,nLCLsTLXkkI
youtube,UC-A-ukFsvkrUd2mXPswKzyg,RAWXvuiCWiM
youtube,UC-A-ukFsvkrUd2mXPswKzyg,rf8LwZhtp-A
youtube,UC-A-ukFsvkrUd2mXPswKzyg,sI0LHdRXSdI
youtube,UC-A-ukFsvkrUd2mXPswKzyg,YSKFFO-4ezo
youtube,UC-A-ukFsvkrUd2mXPswKzyg,zJt0eo0bezE
youtube,UC-a-ZaqOo5MC2ld_5NQBYxw,1JMHO5Ur6Eo
youtube,UC-a-ZaqOo5MC2ld_5NQBYxw,6O4XZJV_zdI
youtube,UC-a-ZaqOo5MC2ld_5NQBYxw,7o9x1r9vxhs
youtube,UC-a-ZaqOo5MC2ld_5NQBYxw,b3HvvXK9Chc
youtube,UC-a-ZaqOo5MC2ld_5NQBYxw,ba9HnipUOGA
youtube,UC-a-ZaqOo5MC2ld_5NQBYxw,c6apUb06L50
youtube,UC-a-ZaqOo5MC2ld_5NQBYxw,CnsrSwWgJ2o
youtube,UC-a-ZaqOo5MC2ld_5NQBYxw,gbvG1MjLRQ0
youtube,UC-a-ZaqOo5MC2ld_5NQBYxw,GzUsLeNiOFc
youtube,UC-a-ZaqOo5MC2ld_5NQBYxw,I7yNmnAeefA
youtube,UC-a-ZaqOo5MC2ld_5NQBYxw,JF6DaT4LbK4
youtube,UC-a-ZaqOo5MC2ld_5NQBYxw,JfF6nlVBSUY
youtube,UC-a-ZaqOo5MC2ld_5NQBYxw,JgypjFN2klk
youtube,UC-a-ZaqOo5MC2ld_5NQBYxw,kDYtqZm1ZPw
youtube,UC-a-ZaqOo5MC2ld_5NQBYxw,RZRwIKD-v1Y
youtube,UC-a-ZaqOo5MC2ld_5NQBYxw,U-qt0b5VmTI
youtube,UC-a0U8T9n_1X4uZRvmly5mA,ymqkQm_lzds
youtube,UC-A10i46gQbpNulrmX0yUvw,hYO5u2ERpGY
youtube,UC-A17cYwVMoaGEO3S6WJE9w,0_vB60mWKS8
youtube,UC-A17cYwVMoaGEO3S6WJE9w,JtlAVRtb6XE
youtube,UC-A17cYwVMoaGEO3S6WJE9w,xSsZikF8H2k
youtube,UC-a1gHdivGOeNfkau5gLxrg,6fqfm3aIwmM
youtube,UC-a1gHdivGOeNfkau5gLxrg,8ISViz1FqIA
youtube,UC-a1gHdivGOeNfkau5gLxrg,SW1Bl31Kpnk
youtube,UC-A1kn40Hff6FAtEVOjJmLQ,Iwasi7S0zwk
youtube,UC-A1vmFlexjm4sqEdVwYbGQ,xGjCONDiCWU
youtube,UC-A1xu57I6r8yPmV1dMRfLw,zTvapEwJc20
youtube,UC-a2EL7tN-2ubxOEKZwicxw,F2dPWj86sTw
youtube,UC-a2EL7tN-2ubxOEKZwicxw,m18bEydz_Mc
youtube,UC-a2EL7tN-2ubxOEKZwicxw,R3VVdMsmc2Q
youtube,UC-a2EL7tN-2ubxOEKZwicxw,rWxC4SL0ehw
youtube,UC-a2EL7tN-2ubxOEKZwicxw,Sfjsv_q7HKQ
youtube,UC-a2EL7tN-2ubxOEKZwicxw,sSeJ9aVeW5E
youtube,UC-a2EL7tN-2ubxOEKZwicxw,T98uz_iJyb8
youtube,UC-a2EL7tN-2ubxOEKZwicxw,u85SnAfzcYA
youtube,UC-a2EL7tN-2ubxOEKZwicxw,Zb1X2MwI5_0
youtube,UC-a2iZGpE5rVUqNAv9yCJ5g,kR_rLlYTGsA
youtube,UC-a3Fs1acGucZlA0I7_ez6A,HeZ1tleb9bM
youtube,UC-a3o8_teTrZxr7ATRVsGxA,dV2V6D4kgoA
youtube,UC-a3o8_teTrZxr7ATRVsGxA,Mq8K_kKf94A
youtube,UC-a3o8_teTrZxr7ATRVsGxA,s5JwuDhEKDk
youtube,UC-a47-enlC4a0N4z3Nx-VwQ,wiMm6sn0tjY
youtube,UC-A4BK_fgfOduH_P9N7qSXw,FXDc0p9bFiA
youtube,UC-a4hD0lAalR-2_ISIdKyBw,AgtwfHNEqhs
youtube,UC-a4m5dw6G04Z02vldOI_mw,79ACo4016wA
youtube,UC-A59o20k4CMgrJUKUUiXtg,YbYXyuHDjSU
youtube,UC-A5b2gshuk3-h73qyWyzkA,PYVl0YSZwRw
youtube,UC-A5Wi78EzM34krwoeSDexA,kJwdA_-uZhM
youtube,UC-a6cXrZwJXEJJFIbMUni4A,DOCsf8pivCQ
youtube,UC-a6cXrZwJXEJJFIbMUni4A,LA9DFLMe0vA
youtube,UC-a6cXrZwJXEJJFIbMUni4A,TskGnMnKfYc
youtube,UC-A6NOEwKBgF48KErRnEWKg,cWFEzckhTio
youtube,UC-A6p06vCGyqPX8t5WnU6CA,yy-SjZfePs8
youtube,UC-a6PBGk50kotJlr3zM6JJA,PsP6h329HVI
youtube,UC-A6VbHphKMMoyrGgC7yrIw,bItb3j85AS8
youtube,UC-A6VbHphKMMoyrGgC7yrIw,ikFmuvh4Hvk
youtube,UC-A6VbHphKMMoyrGgC7yrIw,zARgkIIpx5s
youtube,UC-A6xdUlWU_flJT6uvhqs1w,taUSipmBPwA
youtube,UC-a6zhceWadSQ6T2a8OocJw,XkluQ6d8zvU
youtube,UC-a6zhceWadSQ6T2a8OocJw,y3isK1bg7gQ
youtube,UC-A74eACLt9W_l1OAA1z_cA,a0cL6-MGhkw
youtube,UC-A74eACLt9W_l1OAA1z_cA,ji_VIzfLF9Y
youtube,UC-A7mwcVK0-ZF2cu6Mpy0-A,by4Q11Tg2Zo
youtube,UC-A7VoiE0_S51c-MDTXjtmg,3i4xoUmwuRY
youtube,UC-A8AmuoeDXKORyTzryC4Ng,pddHB6tFgnA
youtube,UC-A8FA1TO7KIvgaLcQQWsgg,t8457oMQkso
youtube,UC-a8o4eex01TsFJQ8iSvWVQ,9cEw1vCaz_k
youtube,UC-a8o4eex01TsFJQ8iSvWVQ,9tlsPaN45Hs
youtube,UC-a8o4eex01TsFJQ8iSvWVQ,_kyCTB7Ae60
youtube,UC-a8o4eex01TsFJQ8iSvWVQ,g2CvEvyaCPw
youtube,UC-a8o4eex01TsFJQ8iSvWVQ,HLLhm5AcgnI
youtube,UC-a8o4eex01TsFJQ8iSvWVQ,QvUImi2dU6Y
youtube,UC-a8o4eex01TsFJQ8iSvWVQ,UMBNgaj_aSw
youtube,UC-a9F9JfJH6YhzSuL1wzVWw,y5-E-j-W4Ug
youtube,UC-A_0X8Hsr9NPXsu7Fa2zog,TskGnMnKfYc
youtube,UC-a_blV6u7RlMIF2sOTUD6A,3g9cMjUhxHo
youtube,UC-A_EskLsltCBTpTmFMGWRA,NrDWUeaQ_L0
youtube,UC-A_g3Ke__mWcOPM9_oj1sw,6Ojm0kobtUM
youtube,UC-A_TnRuCQEicMb-ZREd9tg,-KD4xcSfhZ0
youtube,UC-A_TnRuCQEicMb-ZREd9tg,D0obaLOw80c
youtube,UC-A_TnRuCQEicMb-ZREd9tg,ly4hZ70hJ28
youtube,UC-A_TnRuCQEicMb-ZREd9tg,TskGnMnKfYc
youtube,UC-A_TnRuCQEicMb-ZREd9tg,wZhypbg41gA
youtube,UC-aa7XaLyTh2roNNttRI5iw,12AzYiocA6A
youtube,UC-aa7XaLyTh2roNNttRI5iw,5eueeEHRMfA
youtube,UC-aa7XaLyTh2roNNttRI5iw,6NI8YjHit8Y
youtube,UC-aa7XaLyTh2roNNttRI5iw,_kyCTB7Ae60
youtube,UC-aa7XaLyTh2roNNttRI5iw,aq9OXGxxwo4
youtube,UC-aa7XaLyTh2roNNttRI5iw,Cp0WJP3TcS8
youtube,UC-aa7XaLyTh2roNNttRI5iw,KaoTcH5tWRo
youtube,UC-aa7XaLyTh2roNNttRI5iw,Mq8K_kKf94A
youtube,UC-aa7XaLyTh2roNNttRI5iw,s5JwuDhEKDk
youtube,UC-aa7XaLyTh2roNNttRI5iw,tzHEuiA141Y
youtube,UC-aa7XaLyTh2roNNttRI5iw,who0UKZ5mnM
youtube,UC-aaDE4Osr0pqpGaKeoFH1Q,RXSr-nfanmo
youtube,UC-AArpt7pdr9xPNRlhf7vMA,8zl7PbFpebo
youtube,UC-AArpt7pdr9xPNRlhf7vMA,FwTe96irgdo
youtube,UC-AAuewQ_BkteM8x_qH0BsQ,MCRdUbbW0nk
youtube,UC-AAVREibxzbyCz3I71JKnQ,1ztP7qoYf0c
youtube,UC-AAVREibxzbyCz3I71JKnQ,AufSG5H394E
youtube,UC-AAVREibxzbyCz3I71JKnQ,Fpsso1Ufgkk
youtube,UC-AAVREibxzbyCz3I71JKnQ,gPYJDUh870A
youtube,UC-AAVREibxzbyCz3I71JKnQ,R88jTmf1xq4
youtube,UC-ab7_4S0SerqArNNK_iB5g,-9uaFvenJus
youtube,UC-ab7_4S0SerqArNNK_iB5g,5xncs-QC-Bg
youtube,UC-ab7_4S0SerqArNNK_iB5g,_TVSy9fxJ8k
youtube,UC-ab7_4S0SerqArNNK_iB5g,DcKxNxZ7668
youtube,UC-ab7_4S0SerqArNNK_iB5g,G0DC3_sQC5I
youtube,UC-ab7_4S0SerqArNNK_iB5g,H6jE_qSiBFs
youtube,UC-ab7_4S0SerqArNNK_iB5g,ntQMOoKt4CA
youtube,UC-ab7_4S0SerqArNNK_iB5g,XsPIqNYfLBQ
youtube,UC-AbD38lOK0LhZ9Zg4iJj0A,0-PV7kNMsK4
youtube,UC-AbD38lOK0LhZ9Zg4iJj0A,09LSf6gh1YM
youtube,UC-AbD38lOK0LhZ9Zg4iJj0A,7ire-WJ3aIQ
youtube,UC-AbD38lOK0LhZ9Zg4iJj0A,93RHjW4G1ho
youtube,UC-AbD38lOK0LhZ9Zg4iJj0A,B1q2AFJFFi0
youtube,UC-AbD38lOK0LhZ9Zg4iJj0A,enNWzsvFRFU
youtube,UC-AbD38lOK0LhZ9Zg4iJj0A,g-G100sXN0w
youtube,UC-AbD38lOK0LhZ9Zg4iJj0A,n7u5DMkkt9s
youtube,UC-AbD38lOK0LhZ9Zg4iJj0A,PuyNC3jAQ2M
youtube,UC-AbD38lOK0LhZ9Zg4iJj0A,qGPJ_1RJ5mI
youtube,UC-AbD38lOK0LhZ9Zg4iJj0A,sfXsqKK5Cto
youtube,UC-AbD38lOK0LhZ9Zg4iJj0A,sS6wTqbmxuI
youtube,UC-AbD38lOK0LhZ9Zg4iJj0A,st_SqmN1Z3o
youtube,UC-AbD38lOK0LhZ9Zg4iJj0A,TPZR18aXVc4
youtube,UC-AbD38lOK0LhZ9Zg4iJj0A,wG-XCmLY-fw
youtube,UC-AbD38lOK0LhZ9Zg4iJj0A,x7SatTKodXs
youtube,UC-AbD38lOK0LhZ9Zg4iJj0A,Yidu8jmW9vw
youtube,UC-AbD38lOK0LhZ9Zg4iJj0A,ymqkQm_lzds
youtube,UC-AbD38lOK0LhZ9Zg4iJj0A,YTF8EnuNpyY
youtube,UC-AbD38lOK0LhZ9Zg4iJj0A,zIYWbxBfe7s
youtube,UC-ABKLHmLxcgTfnXu8pT4oA,KukmLScsE3g
youtube,UC-ABKLHmLxcgTfnXu8pT4oA,NlI5QuPGoqA
youtube,UC-aBWtYeCc8PJvxxXohAv8g,_twz1GmKFxU
youtube,UC-aBWtYeCc8PJvxxXohAv8g,b39q1QdA3NM
youtube,UC-aBWtYeCc8PJvxxXohAv8g,bzQiEf9G8as
youtube,UC-aBWtYeCc8PJvxxXohAv8g,nPTcmB4Pgo8
youtube,UC-aBWtYeCc8PJvxxXohAv8g,YIm-JWnllXc
youtube,UC-Abztcwq5DaMBG4eJHZrdw,s54N7CwjW9c
youtube,UC-AC1DThrw9SuYozo3gDrUA,s54N7CwjW9c
youtube,UC-AC1DThrw9SuYozo3gDrUA,xvvxKjEHSGE
youtube,UC-Acc2bTDJ66sTbzXZUph4w,1_fdftY6crg
youtube,UC-Acc2bTDJ66sTbzXZUph4w,g3rRMPnRimA
youtube,UC-acijcaMEAXRha0vFD-pxQ,OMzArvlD0Vg
youtube,UC-AcJafARztQVH9OByRSIqw,8Rp3psPpkmI
youtube,UC-aCjenv8zW-7C4paZBZ_3w,kRVRIPt6RlA
youtube,UC-ACQ3MCoKTOChQmo1TTDxQ,6wzUA77ozuE
youtube,UC-aD11BuzrgTSpdp7RpaRug,Ds8rB8vLMBU
youtube,UC-Ad5Od7uxEaV2j504VuI3w,gAKxh44h2tA
youtube,UC-adJ--62XbWWMBKVYVhaSA,H01qUPXE9Rs
youtube,UC-adJ--62XbWWMBKVYVhaSA,nNjGZck9Vbk
youtube,UC-adJ--62XbWWMBKVYVhaSA,Rbgh1A6HqkQ
youtube,UC-adJ--62XbWWMBKVYVhaSA,S2M5QolwAbE
youtube,UC-ADJ7YC0iHvq7BR3wvJcEw,1vps5RU2UN8
youtube,UC-ADJ7YC0iHvq7BR3wvJcEw,6q-W7WOVXqg
youtube,UC-ADJ7YC0iHvq7BR3wvJcEw,DM-x1gT4SzM
youtube,UC-ADJ7YC0iHvq7BR3wvJcEw,kKaADXxFnl4
youtube,UC-ADJ7YC0iHvq7BR3wvJcEw,LPnpFs6blwo
youtube,UC-ADJ7YC0iHvq7BR3wvJcEw,lxuX1tUM1z4
youtube,UC-ADJ7YC0iHvq7BR3wvJcEw,VcLu2yImQGk
youtube,UC-ADJ7YC0iHvq7BR3wvJcEw,xmdZwYt5mO8
youtube,UC-ADJ7YC0iHvq7BR3wvJcEw,yy-SjZfePs8
youtube,UC-ADJ7YC0iHvq7BR3wvJcEw,Yz1B0TL4ADE
youtube,UC-ADJ7YC0iHvq7BR3wvJcEw,zFWHDTL8KQE
youtube,UC-ADJ7YC0iHvq7BR3wvJcEw,zlWm75ucFRw
youtube,UC-ADJ7YC0iHvq7BR3wvJcEw,zPnc-T8tTdI
youtube,UC-AdL__02xTYw7xXdjzq2jQ,QX1nVDTcUcg
youtube,UC-AdlyS6KHnOOExH_UEJPyQ,s6lC-7eneiY
youtube,UC-AdlyS6KHnOOExH_UEJPyQ,XtT1ZqbQehY
youtube,UC-adrKpiVYWD3cJqRkk0HbQ,aXcWZoytRTQ
youtube,UC-adrKpiVYWD3cJqRkk0HbQ,QlB8dIqubGA
youtube,UC-aDuADjB3T7zedX_3BHJNg,bEVFdPXD_V8
youtube,UC-adY3cHcB99DAxMmEYLw4g,2MivJVzsbwU
youtube,UC-adY3cHcB99DAxMmEYLw4g,33SHuyfLDbU
youtube,UC-Ae3zgxasAksYo8oFS7Lqw,gCGBiChQmTA
youtube,UC-Ae3zgxasAksYo8oFS7Lqw,lxuX1tUM1z4
youtube,UC-ae4_SOTnm13-0r4LG4s6A,_j0bk5GawQ0
youtube,UC-aE5NWy31PDYhnZuiBqYJQ,04h62dASTIY
youtube,UC-aE5NWy31PDYhnZuiBqYJQ,B0steF7CRZM
youtube,UC-aE5NWy31PDYhnZuiBqYJQ,DcVAHtTKjc8
youtube,UC-aE5NWy31PDYhnZuiBqYJQ,dNVSHWiOS8Y
youtube,UC-aE5NWy31PDYhnZuiBqYJQ,e39V2Osx6wk
youtube,UC-aE5NWy31PDYhnZuiBqYJQ,ekC50MbyOmY
youtube,UC-aE5NWy31PDYhnZuiBqYJQ,q6RzGr8yjMA
youtube,UC-aE_sioMMTQQSC7dH92PnQ,3i4xoUmwuRY
youtube,UC-AF4XdmLBUW1JY4NEr7Zsg,JM6fbPkynEE
youtube,UC-AF4XdmLBUW1JY4NEr7Zsg,yE4HoFMOaOc
youtube,UC-AfaWgUN6Cv7w8ypqTMY3g,-KD4xcSfhZ0
youtube,UC-AfBAQ20HVFWLqv99E1puw,TSNnBRrx4Ss
youtube,UC-aFI6msxP7HI4xanA0K2xQ,pwXs7IA94Zk
youtube,UC-AfMnnwLVLmTV_7WT5-r3A,5-gbTQ0tbDY
youtube,UC-afVczOvb4eo2AHl_oQZ8Q,FOb0i5qk7oM
youtube,UC-afVczOvb4eo2AHl_oQZ8Q,FyjSzHnD1xg
youtube,UC-afVczOvb4eo2AHl_oQZ8Q,s54N7CwjW9c
youtube,UC-afVczOvb4eo2AHl_oQZ8Q,VemH_ctoTEs
youtube,UC-agSifVUVdweeW8rkC_z-Q,ZubQB9BddBs
youtube,UC-agu6Y6Ucv1GCd0Rj7QY2Q,MVQBDtqMgvU
youtube,UC-agu6Y6Ucv1GCd0Rj7QY2Q,uG5jj87TmyA
youtube,UC-agu6Y6Ucv1GCd0Rj7QY2Q,Z2XbAPnuZ2A
youtube,UC-aGui1WeCYxAH0P86ZdjaA,09LSf6gh1YM
youtube,UC-aGui1WeCYxAH0P86ZdjaA,5aW3FGKr4g4
youtube,UC-aGui1WeCYxAH0P86ZdjaA,B18l6-jQpMQ
youtube,UC-aGui1WeCYxAH0P86ZdjaA,bFDHuLAxX60
youtube,UC-aGui1WeCYxAH0P86ZdjaA,kP7m_aH_Dv0
youtube,UC-aGui1WeCYxAH0P86ZdjaA,P1ZwwYRziT0
youtube,UC-aGui1WeCYxAH0P86ZdjaA,uAWMwFWUH8Q
youtube,UC-agW0PAQnTPfr3nssnQUsw,0HnXwPrl30g
youtube,UC-agW0PAQnTPfr3nssnQUsw,1D3rI9czZW4
youtube,UC-agW0PAQnTPfr3nssnQUsw,6NI8YjHit8Y
youtube,UC-agW0PAQnTPfr3nssnQUsw,9xiM-TVUSDw
youtube,UC-agW0PAQnTPfr3nssnQUsw,dITN2PGJTPE
youtube,UC-agW0PAQnTPfr3nssnQUsw,GpKcV3Hua98
youtube,UC-agW0PAQnTPfr3nssnQUsw,Qy_MDrKN-ik
youtube,UC-agW0PAQnTPfr3nssnQUsw,ZsGloK89AVs
youtube,UC-agzv9R2QgafXpFsbWMrYA,2XGxbUtR41s
youtube,UC-agzv9R2QgafXpFsbWMrYA,xtEkEQEOR8U
youtube,UC-agzv9R2QgafXpFsbWMrYA,YYoNdQgmY_c
youtube,UC-ah5sAJi-oaoXmo7QkzDDw,EuA6OirjhWU
youtube,UC-AHCpLAbMNOLW5v0-jqmow,pqTip0r8GZ0
youtube,UC-AHCpLAbMNOLW5v0-jqmow,ZT1iSbqExW8
youtube,UC-ahDkM8EA7tYURwBMDQCoA,SkhIeqpU0tA
youtube,UC-aHIlM4AVdwGoLRAGy-krg,ffikUj79YNs
youtube,UC-aHIlM4AVdwGoLRAGy-krg,FXDc0p9bFiA
youtube,UC-AhJ0-mqyh2XR7GlNQBz2w,A1jgTsG-Wdk
youtube,UC-AhKRlAsAL4quYQNd4T1oA,i2OvRKVO0-s
youtube,UC-AhKRlAsAL4quYQNd4T1oA,M1kwHaCD7gs
youtube,UC-AHKUoQ0aHqnrKqPkZTmeg,AgtwfHNEqhs
youtube,UC-AHO_BFaevEzR_hSAnj1yg,Cp0WJP3TcS8
youtube,UC-aHPeO_tq6WIIWZiYB98DQ,5kGCjuVsL6M
youtube,UC-aHPeO_tq6WIIWZiYB98DQ,LRUrVBdVYkM
youtube,UC-aHX9W_ycHInt1hqXkH-WA,rKFcx3c4-2Q
youtube,UC-aHX9W_ycHInt1hqXkH-WA,wT0hG1f79Q4
youtube,UC-aI1q7sy6tiOcXuCdGofZg,NEJUAETMUs0
youtube,UC-Ai6HXgMOzDQmjkj-uMQZw,cVms4ZuLXCo
youtube,UC-aiABjbVJNeFTd88SxD-pQ,aXcWZoytRTQ
youtube,UC-AiC3f9SgYnbVQt1DEqy5w,Ao4T2EKD3Ck
youtube,UC-aINXAAY9SxtUZ5K2dt1wA,0ma_4rZ4Nto
youtube,UC-aINXAAY9SxtUZ5K2dt1wA,6NI8YjHit8Y
youtube,UC-aINXAAY9SxtUZ5K2dt1wA,m76Y_rEo3EU
youtube,UC-aINXAAY9SxtUZ5K2dt1wA,UK_gUmOULWI
youtube,UC-aINXAAY9SxtUZ5K2dt1wA,VmbCVOzPf44
youtube,UC-aINXAAY9SxtUZ5K2dt1wA,XtApSRvEntI
youtube,UC-aINXAAY9SxtUZ5K2dt1wA,yE4HoFMOaOc
youtube,UC-aINXAAY9SxtUZ5K2dt1wA,ZsGloK89AVs
youtube,UC-aIoApr-JgEsaHEalfFPNA,bItb3j85AS8
youtube,UC-aIq3g6a9BPH7uKRLLi3Fg,AgtwfHNEqhs
youtube,UC-aIwDaVogdA31P_jY1PZJg,qBhiDZUuGzo
youtube,UC-ajBYS_Qs-I1vsdvavAzNg,6O4XZJV_zdI
youtube,UC-ajIoKybudtk6mlvnwZ6GA,CdihgG0vMhs
youtube,UC-AJP10M_6qMz3TSQp5sTRA,bNqbF9xMXVY
youtube,UC-AJP10M_6qMz3TSQp5sTRA,NlI5QuPGoqA
youtube,UC-AJP10M_6qMz3TSQp5sTRA,Qy_MDrKN-ik
youtube,UC-aJxe8SgA6T0xiwHWNJ7DA,xj02S2waGOw
youtube,UC-ak5tYstrunBPtre8-vAtw,AgtwfHNEqhs
youtube,UC-ak5tYstrunBPtre8-vAtw,pZrJtGcmXrk
youtube,UC-akchEDhhdCLUVhwj2wN9A,0TJsDil8Dbk
youtube,UC-akchEDhhdCLUVhwj2wN9A,JMzBzeRzOoo
youtube,UC-akchEDhhdCLUVhwj2wN9A,TvEnxZcXnrk
youtube,UC-aKdjbewJTBawxpR4EZMIQ,JQimTHI33Sg
youtube,UC-aKdjbewJTBawxpR4EZMIQ,tzHEuiA141Y
youtube,UC-akDMRRniZEftGxdlyMa5Q,yZPDUGkosXY
youtube,UC-AkHUX71jaxiPFL43KCvsw,aTU2jP_BZXA
youtube,UC-AkHUX71jaxiPFL43KCvsw,tnp0zaQGmJw
youtube,UC-AkHUX71jaxiPFL43KCvsw,ZJjrCGIwN9s
youtube,UC-akiAnzc0OckjTSjrCLLBw,hQZ5xtsg8ks
youtube,UC-AkIN6G9il3mLNf3wVoGdA,ee2zmSQ4il0
youtube,UC-AkIN6G9il3mLNf3wVoGdA,QX1nVDTcUcg
youtube,UC-akLcr30IggpWyXsY4_epA,Iml90Kb1s94
youtube,UC-AkNXNosC3dSB8Mf6i5mag,PMvgkngZnMo
youtube,UC-AkPiXlR73wuS-LvEjw36g,M2Sfj1iKSYk
youtube,UC-akr9W9ZmjDfNVIQs4gJxQ,Ds8rB8vLMBU
youtube,UC-aKSU8RPOzx0axLjN-N6JA,_xqD4duaUwI
youtube,UC-akTmR6hxiUXtT36R_Q_Sw,lTRY_n2Fm9A
youtube,UC-AKXe3JqMlUJ2eGv-wp0aQ,GtFBlntkbHA
youtube,UC-AKXe3JqMlUJ2eGv-wp0aQ,mRbe979JFVo
youtube,UC-AKXe3JqMlUJ2eGv-wp0aQ,NoTIZ0b_m5s
youtube,UC-AKXe3JqMlUJ2eGv-wp0aQ,tnp0zaQGmJw
youtube,UC-AKXe3JqMlUJ2eGv-wp0aQ,vqkHksT29x4
youtube,UC-AKXe3JqMlUJ2eGv-wp0aQ,yf7nb1_Aas4
youtube,UC-AL1WrS5-LuYkxbV4gr1AQ,GE9zyjtm7E4
youtube,UC-Ale7yGjjsx47JySwcHkOg,V-dN9pfQGy8
youtube,UC-aleDZ6kdvqQhjB1JylqMA,-KD4xcSfhZ0
youtube,UC-aleDZ6kdvqQhjB1JylqMA,08CnvAbFTws
youtube,UC-aleDZ6kdvqQhjB1JylqMA,2WQfAu8FGL4
youtube,UC-aleDZ6kdvqQhjB1JylqMA,nagJ1T7SWr4
youtube,UC-alfQxKOc55-miFjqBskEA,-CliFAxKSF0
youtube,UC-alfQxKOc55-miFjqBskEA,0lVCcJrGKX0
youtube,UC-alfQxKOc55-miFjqBskEA,9FrRISq6ILw
youtube,UC-alfQxKOc55-miFjqBskEA,9Sjqtqdwnms
youtube,UC-alfQxKOc55-miFjqBskEA,AufSG5H394E
youtube,UC-alfQxKOc55-miFjqBskEA,cmGLvCLxiX0
youtube,UC-alfQxKOc55-miFjqBskEA,cyF3kAxKdrQ
youtube,UC-alfQxKOc55-miFjqBskEA,EgNRI_a8VSQ
youtube,UC-alfQxKOc55-miFjqBskEA,fHzyf3hFi4c
youtube,UC-alfQxKOc55-miFjqBskEA,GDgG9YKFq2E
youtube,UC-alfQxKOc55-miFjqBskEA,hyUEZTA-YJQ
youtube,UC-alfQxKOc55-miFjqBskEA,LBus46K5WP4
youtube,UC-alfQxKOc55-miFjqBskEA,MRt2cAvRrms
youtube,UC-alfQxKOc55-miFjqBskEA,PuyNC3jAQ2M
youtube,UC-alfQxKOc55-miFjqBskEA,qC49CKtIo1A
youtube,UC-alfQxKOc55-miFjqBskEA,qSM3KXk6PRU
youtube,UC-alfQxKOc55-miFjqBskEA,u0QnupkvX00
youtube,UC-alfQxKOc55-miFjqBskEA,y5E1tmUoACY
youtube,UC-alfQxKOc55-miFjqBskEA,yNRlEC8m8ys
youtube,UC-alfQxKOc55-miFjqBskEA,ZNL3LRRy5Vo
youtube,UC-aLi6oumqbL7-Tt1SuYL1g,xzOfuA4gRjc
youtube,UC-AlUzDF21aTmSJ1r5gwt4g,aOSoNvpYH7w
youtube,UC-Am1yyrLQViji5zl3inkpw,OENbgAhnVWM
youtube,UC-AM5cDwHsZm1OWoe-n_HkQ,tqNrgtf2v74
youtube,UC-ambimKvUhWS1gcNChaZaQ,4VurWTJkiBU
youtube,UC-ambimKvUhWS1gcNChaZaQ,anEY5eCcumY
youtube,UC-AmDOnzIiO3vBIit7byR4w,08vZ7c8-M3g
youtube,UC-AmDOnzIiO3vBIit7byR4w,5ZPY0stoKUk
youtube,UC-AmDOnzIiO3vBIit7byR4w,8juS3KV4-Lg
youtube,UC-AmDOnzIiO3vBIit7byR4w,_qm1-JKNKa8
youtube,UC-AmDOnzIiO3vBIit7byR4w,AcByDBKOOgM
youtube,UC-AmDOnzIiO3vBIit7byR4w,AKhPHqQtKsY
youtube,UC-AmDOnzIiO3vBIit7byR4w,aQ4S8pErRSw
youtube,UC-AmDOnzIiO3vBIit7byR4w,bH4nTqxFJhs
youtube,UC-AmDOnzIiO3vBIit7byR4w,dnhsb4vSNZ4
youtube,UC-AmDOnzIiO3vBIit7byR4w,DxDvWYWlGgc
youtube,UC-AmDOnzIiO3vBIit7byR4w,FAhOowsDpF8
youtube,UC-AmDOnzIiO3vBIit7byR4w,gPZ069ADf3E
youtube,UC-AmDOnzIiO3vBIit7byR4w,P6DSb5sv5nY
youtube,UC-AmDOnzIiO3vBIit7byR4w,sqFmj5HO4yY
youtube,UC-AmDOnzIiO3vBIit7byR4w,y4QztAE29cM
youtube,UC-Amej66iW2h7wTkVebe0Rg,0TJsDil8Dbk
youtube,UC-Amnsnj7e00dLbkj0riETA,Ds8rB8vLMBU
youtube,UC-aMoweH5IxRpEIGk44Yulg,AgtwfHNEqhs
youtube,UC-aMqBbM21vup22N_k2wPGA,jJLXBpBaBzc
youtube,UC-amXDRfH_g4OKB-wBnqBaQ,r02IK-tJ4PU
youtube,UC-aMxP3cXLzMTziew5lanSg,9Lr8KzASZoY
youtube,UC-aMxP3cXLzMTziew5lanSg,CfYTKW6FPsM
youtube,UC-aMxP3cXLzMTziew5lanSg,e_J-QDiJ8wQ
youtube,UC-aMxP3cXLzMTziew5lanSg,Fpsso1Ufgkk
youtube,UC-aMxP3cXLzMTziew5lanSg,hOKtVoVClPM
youtube,UC-aMxP3cXLzMTziew5lanSg,qPs42X0JWAY
youtube,UC-aMxP3cXLzMTziew5lanSg,tALxqiutfy8
youtube,UC-aMxP3cXLzMTziew5lanSg,tp_EA0NfTCk
youtube,UC-AmzyBL0xYEnTHvJ-2BJGw,-KD4xcSfhZ0
youtube,UC-AmzyBL0xYEnTHvJ-2BJGw,ayRqbk_jyXo
youtube,UC-AmzyBL0xYEnTHvJ-2BJGw,nKSnAzKDWz8
youtube,UC-aN6nqJRZTUXmBBQG7mrRA,x_D4U1dusEc
youtube,UC-AN9TJXwW6p0eEfpHBBSww,R87oR3silk0
youtube,UC-AN_7BzaqR7e1IxMjR2N4A,7y4kMmxXSgU
youtube,UC-aNdRcY13pp7NJHKI2VOJA,hyUEZTA-YJQ
youtube,UC-ANfcmTwtpbQJa0IS6EEfw,SNNoPpEqap8
youtube,UC-aNKIfxgYLeMMur4SeN30w,Tw2XnskGj6U
youtube,UC-ANY9AzwKxzIYgvBwb_AFg,Uklhu9LEZSc
youtube,UC-AOe7DJ4QNd4ncHawBXJzw,42uGNaaOUfU
youtube,UC-AOe7DJ4QNd4ncHawBXJzw,wBAi5GLxLBo
youtube,UC-aOgsvGbcauMppUr50W9ig,_Owj7Wf2IoQ
youtube,UC-aoIswih23zDaLik_D9L3g,kvBZ34Jrfw8
youtube,UC-AOtK1DXp8HlgX0KbodE7g,q358NLc2JIk
youtube,UC-aovjYD2aHaP1Thtxijv5w,kR_rLlYTGsA
youtube,UC-AOw2b5QgivVDdk7ImcRBg,9zjZqAM3HhE
youtube,UC-aP2k41qFS-K5h92oVazEw,rp53CT69nDM
youtube,UC-Ap4siZOmMYPtWsQIyfP3w,7mc2_Dxtkl4
youtube,UC-Ap4siZOmMYPtWsQIyfP3w,B-WWdsiAOr0
youtube,UC-Ap4siZOmMYPtWsQIyfP3w,CQh-ECFFoOw
youtube,UC-Ap4siZOmMYPtWsQIyfP3w,vyrrF6GncrA
youtube,UC-ap5TydfpZuSlmx8c3oWFQ,KWQl4nBWNuE
youtube,UC-ap9Cmh8N0lu40hW4omHDQ,tzHEuiA141Y
youtube,UC-apEwglBkZr2BhzOQOPS-g,aEP1Szd78P8
youtube,UC-aPH4pUJeWDh85kZv4oWMA,cWFEzckhTio
youtube,UC-aPH4pUJeWDh85kZv4oWMA,zbbswBr8ZmQ
youtube,UC-ApK_UByfem1o3Kac5M-Yg,B-WWdsiAOr0
youtube,UC-APpLx2sh5UMWmwCiYbzRw,7y4kMmxXSgU
youtube,UC-AQ_fIFHpih_yt5lUQxmIw,2YeTgHeIiUA
youtube,UC-AQ_fIFHpih_yt5lUQxmIw,BwdcG9va6ek
youtube,UC-AQ_fIFHpih_yt5lUQxmIw,c5mNtnGDotU
youtube,UC-AQ_fIFHpih_yt5lUQxmIw,Cp0WJP3TcS8
youtube,UC-AQ_fIFHpih_yt5lUQxmIw,fF61LvMi8YI
youtube,UC-AQ_fIFHpih_yt5lUQxmIw,QxYwG9QRrvo
youtube,UC-AQ_fIFHpih_yt5lUQxmIw,xLsQ1A8W0Vw
youtube,UC-aQdoqGSTRBT2vumuVKQTg,yOX4ciBsUV8
youtube,UC-aqncnRUmmja-wc_frvDrg,-UZnOfw5XcM
youtube,UC-aqncnRUmmja-wc_frvDrg,B_9AxIfMAXI
youtube,UC-aqncnRUmmja-wc_frvDrg,dssGk9ZtyuY
youtube,UC-aqncnRUmmja-wc_frvDrg,FQj0vjECBaE
youtube,UC-aqncnRUmmja-wc_frvDrg,g5XrjRQWfnc
youtube,UC-aqncnRUmmja-wc_frvDrg,qRwDWccXzKM
youtube,UC-aqncnRUmmja-wc_frvDrg,SIuMmdskvoQ
youtube,UC-AQQn53L-QCC-PLFRW-D7Q,9S6GgB-H4PE
youtube,UC-aqsQI3oJ43fuKn89SMosA,Iwasi7S0zwk
youtube,UC-AQTACshwcspIipuOk6w6Q,fF61LvMi8YI
youtube,UC-AQvvxMo7eiYp0jmJBvH6A,yfMcGuAzrOU
youtube,UC-Ar4m_CGNzFEhxM6hEqaGw,AgtwfHNEqhs
youtube,UC-AR5_4uSstLdDGefVxkQ0w,aGwVDzM4AAc
youtube,UC-AR5_4uSstLdDGefVxkQ0w,CnsrSwWgJ2o
youtube,UC-AR5_4uSstLdDGefVxkQ0w,ehwXoIQRwlU
youtube,UC-AR5_4uSstLdDGefVxkQ0w,EuA6OirjhWU
youtube,UC-AR5_4uSstLdDGefVxkQ0w,f7LkWXN4gIc
youtube,UC-AR5_4uSstLdDGefVxkQ0w,hyUEZTA-YJQ
youtube,UC-AR5_4uSstLdDGefVxkQ0w,jaCGUwD9CGg
youtube,UC-AR5_4uSstLdDGefVxkQ0w,KmYPzGZIHqw
youtube,UC-AR5_4uSstLdDGefVxkQ0w,LBus46K5WP4
youtube,UC-AR5_4uSstLdDGefVxkQ0w,VmbCVOzPf44
youtube,UC-AR5_4uSstLdDGefVxkQ0w,xZdmANOq0Iw
youtube,UC-AR5_4uSstLdDGefVxkQ0w,zyDFK_9pl6M
youtube,UC-ARablaQnbwB-9GHBdQlhA,3i4xoUmwuRY
youtube,UC-ARablaQnbwB-9GHBdQlhA,8DbziW2P2rk
youtube,UC-ARablaQnbwB-9GHBdQlhA,dfuX11M3VG8
youtube,UC-ARablaQnbwB-9GHBdQlhA,E7ZFJw6vI2I
youtube,UC-ARablaQnbwB-9GHBdQlhA,K4dGhM36x30
youtube,UC-ARablaQnbwB-9GHBdQlhA,nLCLsTLXkkI
youtube,UC-ARablaQnbwB-9GHBdQlhA,RKvjn9Ibpfc
youtube,UC-ARablaQnbwB-9GHBdQlhA,wSx6EfzMNt4
youtube,UC-areRPiqdBQffR4JtO7jeQ,_PdiRRP6i0w
youtube,UC-areSV8KNdZeWDKUbY16Mg,3Ad6L1vnKhY
youtube,UC-ARF6RiTOEQPdmfqfGGosQ,GurYhZNduBE
youtube,UC-ARn1cUYAZvYxmL47_Hq_Q,hcZg-IjH-TA
youtube,UC-ARrV-GdBjHjhc8oAYX-OA,tBWyyDtMBu8
youtube,UC-AS1QlpRvH3Crlyec_KMhw,2y5VvtdRbx4
youtube,UC-AS1QlpRvH3Crlyec_KMhw,33SHuyfLDbU
youtube,UC-AS1QlpRvH3Crlyec_KMhw,3U1wembSphg
youtube,UC-AS1QlpRvH3Crlyec_KMhw,bTMogXZRVsQ
youtube,UC-AS1QlpRvH3Crlyec_KMhw,G0DC3_sQC5I
youtube,UC-AS1QlpRvH3Crlyec_KMhw,luBQwW7Nd8g
youtube,UC-AS1QlpRvH3Crlyec_KMhw,nm5BEagbDjQ
youtube,UC-AS1QlpRvH3Crlyec_KMhw,Okd655xb8PE
youtube,UC-AS1QlpRvH3Crlyec_KMhw,rxLLDShvQv8
youtube,UC-AS1QlpRvH3Crlyec_KMhw,S2M5QolwAbE
youtube,UC-AS1QlpRvH3Crlyec_KMhw,SzU7dHGyO_I
youtube,UC-AS1QlpRvH3Crlyec_KMhw,t4s_RSDgE98
youtube,UC-AS1QlpRvH3Crlyec_KMhw,TgDSlPv9jeE
youtube,UC-AS1QlpRvH3Crlyec_KMhw,tGHhILF1Ags
youtube,UC-AS1QlpRvH3Crlyec_KMhw,WafKNs-TcOU
youtube,UC-AS1QlpRvH3Crlyec_KMhw,wvdgTSXMj9o
youtube,UC-AS1QlpRvH3Crlyec_KMhw,yp1PTwLoXwY
youtube,UC-AS1QlpRvH3Crlyec_KMhw,ysY-KkSvBt8
youtube,UC-AS1QlpRvH3Crlyec_KMhw,ZNL3LRRy5Vo
youtube,UC-AS6ei-BH4I9aKeQExw6-g,who0UKZ5mnM
youtube,UC-AsD5c5vHBgqlVOCnXMPrg,5eueeEHRMfA
youtube,UC-ASRL4oVHsiurpXWSdTFag,cwQUCWFaBjA
youtube,UC-ASRL4oVHsiurpXWSdTFag,GDgG9YKFq2E
youtube,UC-ASRL4oVHsiurpXWSdTFag,gdM-lMmEbBE
youtube,UC-aT7PBMmZBvStW716dgVww,hBpkEXWf0Jw
youtube,UC-aTazDd0F49gLjfe3-pdjw,Sp2CMj0vI30
youtube,UC-atbPZBV9GwcAJoNeW052Q,RKvjn9Ibpfc
youtube,UC-atdOFg1SDTUtbQj5A7N_Q,ocq8DGej8SA
youtube,UC-ATGUTQId5eTlxUwO3LqVg,-RORGMiE2ZQ
youtube,UC-AtGYvse-R_8PUhw1u0G2w,eM-fivw53e8
youtube,UC-AtGYvse-R_8PUhw1u0G2w,wfWBW9zun-g
youtube,UC-AtGYvse-R_8PUhw1u0G2w,xVTbW_4ULPM
youtube,UC-aTI4yc2pkT3F8pmGjF5ug,uwejwxRGpMY
youtube,UC-ATnOGiKzulfsK2GqVxGIQ,SzU7dHGyO_I
youtube,UC-ATwAjuqg554nTTIzQqlsQ,-cnYky1Su00
youtube,UC-Au0ooK7jP1UVtnG_pLd0A,AgtwfHNEqhs
youtube,UC-au48gmdkgRKdHQEmO1hKA,3jwe9FgB06U
youtube,UC-au48gmdkgRKdHQEmO1hKA,DRw_ibZNXdY
youtube,UC-au48gmdkgRKdHQEmO1hKA,KHKLZoY_uTw
youtube,UC-au48gmdkgRKdHQEmO1hKA,oKCKbWhrrEo
youtube,UC-au48gmdkgRKdHQEmO1hKA,sM8dzaLwgEg
youtube,UC-au48gmdkgRKdHQEmO1hKA,zyDFK_9pl6M
youtube,UC-au7QRogbbMobikMM21KtA,8b-aRT1AVkg
youtube,UC-au7QRogbbMobikMM21KtA,iADENG6Ldsk
youtube,UC-aU7ZaTEEuiMUwojuqQOCA,09LSf6gh1YM
youtube,UC-aU7ZaTEEuiMUwojuqQOCA,hLv69vQGB0o
youtube,UC-aU7ZaTEEuiMUwojuqQOCA,P7HZ7E9n8IA
youtube,UC-aUGBtngPahisBdAp6JTSQ,2NVWe34TPXU
youtube,UC-aUGBtngPahisBdAp6JTSQ,AufSG5H394E
youtube,UC-aUGBtngPahisBdAp6JTSQ,BmlQ2Yp26yw
youtube,UC-aUGBtngPahisBdAp6JTSQ,FZwHwSvsxoM
youtube,UC-aUGBtngPahisBdAp6JTSQ,id29jfIyCro
youtube,UC-aUGBtngPahisBdAp6JTSQ,JEkseWFQsvA
youtube,UC-aUGBtngPahisBdAp6JTSQ,ocq8DGej8SA
youtube,UC-aUGBtngPahisBdAp6JTSQ,QoJbslDNQFA
youtube,UC-aUGBtngPahisBdAp6JTSQ,tuKIVtFNqsw
youtube,UC-aUGBtngPahisBdAp6JTSQ,VjAYruLVL7A
youtube,UC-aUGBtngPahisBdAp6JTSQ,zyE-TGQs-GI
youtube,UC-AUwMdJnnU-Aa-tqVIf1GQ,B-DMOf-jNas
youtube,UC-AuwzlkB-GYJ2o3mxgx1JQ,qqpmDfwfV_4
youtube,UC-Aw3_hgrAZCGOJQkwbzKOQ,ZEGyaBZHC_Q
youtube,UC-Aw_mCuePZ7d2n3v0OZOgw,LAvBfuuWjZk
youtube,UC-aW_X1ru98ikCxHm5yCVWA,19bLBNqvo-k
youtube,UC-aW_X1ru98ikCxHm5yCVWA,7W8awdL119A
youtube,UC-aW_X1ru98ikCxHm5yCVWA,c2pgzJD011o
youtube,UC-aW_X1ru98ikCxHm5yCVWA,E-6bQ4AnugE
youtube,UC-aW_X1ru98ikCxHm5yCVWA,Eyewd2ir6kk
youtube,UC-aW_X1ru98ikCxHm5yCVWA,gajGdB-LyKk
youtube,UC-aW_X1ru98ikCxHm5yCVWA,JHVMsLszvrw
youtube,UC-aW_X1ru98ikCxHm5yCVWA,QTULpMh9S0Q
youtube,UC-aW_X1ru98ikCxHm5yCVWA,QvUImi2dU6Y
youtube,UC-aW_X1ru98ikCxHm5yCVWA,VDDfJYVhVt8
youtube,UC-aW_X1ru98ikCxHm5yCVWA,WQK_1HJ2OdE
youtube,UC-aW_X1ru98ikCxHm5yCVWA,xLsQ1A8W0Vw
youtube,UC-aWeOShR_dBdK9cEr0vDuQ,yhwHLAR2PdM
youtube,UC-aWsOkqDW-cX3hOShJw8IA,nZeCLVKrGr8
youtube,UC-aWsOkqDW-cX3hOShJw8IA,OhnmfDF6Z1U
youtube,UC-aWsOkqDW-cX3hOShJw8IA,qOxUL9KrNZs
youtube,UC-aWsOkqDW-cX3hOShJw8IA,VjAYruLVL7A
youtube,UC-AwyLFNDXph_4cNMtSSDSQ,3i4xoUmwuRY
youtube,UC-AwyLFNDXph_4cNMtSSDSQ,FnNn942jSuc
youtube,UC-AWYLy0Quv9MRFgMs_c-Pg,f7LkWXN4gIc
youtube,UC-AX5BDna5EOTsIOYsn-3eQ,FwTe96irgdo
youtube,UC-AX5BDna5EOTsIOYsn-3eQ,hYO5u2ERpGY
youtube,UC-axhRECpD9t8P8UDVU3aSA,8Phi_JYj6JI
youtube,UC-axhRECpD9t8P8UDVU3aSA,dFBrM87XoqE
youtube,UC-axhRECpD9t8P8UDVU3aSA,q5zxB91ozKk
youtube,UC-axhRECpD9t8P8UDVU3aSA,rByKjrgVKkI
youtube,UC-Axo73AWyevDsHXrzj5Njg,5eueeEHRMfA
youtube,UC-Axo73AWyevDsHXrzj5Njg,A1jgTsG-Wdk
youtube,UC-Axo73AWyevDsHXrzj5Njg,IpyjTGz0wsA
youtube,UC-Axo73AWyevDsHXrzj5Njg,rZeiQvM9qkw
youtube,UC-axWoV_DySz_Dz28PjCJug,AgtwfHNEqhs
youtube,UC-AYisBdr_LljnxAoYytf2w,1v4zq5eICEc
youtube,UC-AYisBdr_LljnxAoYytf2w,bEVFdPXD_V8
youtube,UC-AYisBdr_LljnxAoYytf2w,ODF2_tfeKOQ
youtube,UC-ayJ67kPRAOlOxCa7nPwFw,StpBnKbW1V0
youtube,UC-ayVln9iSu0UUOqaQvKnTg,ARwTqxxlvAo
youtube,UC-ayVln9iSu0UUOqaQvKnTg,hRuJlmERsN8
youtube,UC-ayyTwVtjOj3zItP5SaJZQ,B7zW6CGxjyE
youtube,UC-ayyTwVtjOj3zItP5SaJZQ,BteldVrF4Rs
youtube,UC-ayyTwVtjOj3zItP5SaJZQ,DRw_ibZNXdY
youtube,UC-ayyTwVtjOj3zItP5SaJZQ,dxoqsn_fnSs
youtube,UC-ayyTwVtjOj3zItP5SaJZQ,JEkseWFQsvA
youtube,UC-ayyTwVtjOj3zItP5SaJZQ,sKqpHZknpsg
youtube,UC-ayyTwVtjOj3zItP5SaJZQ,vnPyS9vvjgQ
youtube,UC-ayyTwVtjOj3zItP5SaJZQ,vpqDjYvubZA
youtube,UC-ayyTwVtjOj3zItP5SaJZQ,VTlCehbRCO8
youtube,UC-AZ22hProosOBo3Us1LLlg,0qB5whjWAHo
youtube,UC-AZ22hProosOBo3Us1LLlg,bQlFUgz9I3w
youtube,UC-AZ22hProosOBo3Us1LLlg,ENsuXOgIu7A
youtube,UC-AZ22hProosOBo3Us1LLlg,k5I_E0h2ftg
youtube,UC-AZ22hProosOBo3Us1LLlg,OpYodBoM9UA
youtube,UC-AZ_X1FaZbK-cp1SIydy0Q,09LSf6gh1YM
youtube,UC-AzrcH1NcvJ63FYHu-aiKA,0LFQJhoY5xk
youtube,UC-AzrcH1NcvJ63FYHu-aiKA,ISLO3ytIBcE
youtube,UC-B-BpEQHxIECP3Xy0zW8KA,AM9DHDaejLs
youtube,UC-B-BpEQHxIECP3Xy0zW8KA,Ubd7jn57ZUY
youtube,UC-B-UND0gx8CiATrK-vRpQQ,FIdjzMBanbE
youtube,UC-B-UND0gx8CiATrK-vRpQQ,iKRZpFWf8Zk
youtube,UC-B-UND0gx8CiATrK-vRpQQ,l08Uog-u7iI
youtube,UC-B-UND0gx8CiATrK-vRpQQ,xe6haOawEjo
youtube,UC-B-VsRl2I1FgCbvCdGn1bQ,7IpsRN7taHA
youtube,UC-B-VsRl2I1FgCbvCdGn1bQ,_AxnP13S7_c
youtube,UC-B-VsRl2I1FgCbvCdGn1bQ,acED_UZEPZE
youtube,UC-B-VsRl2I1FgCbvCdGn1bQ,AgtwfHNEqhs
youtube,UC-B-VsRl2I1FgCbvCdGn1bQ,aJK2LwKzXdA
youtube,UC-B-VsRl2I1FgCbvCdGn1bQ,anEY5eCcumY
youtube,UC-B-VsRl2I1FgCbvCdGn1bQ,BmlQ2Yp26yw
youtube,UC-B-VsRl2I1FgCbvCdGn1bQ,cSDt7gZVorg
youtube,UC-B-VsRl2I1FgCbvCdGn1bQ,DNmXkRkhp24
youtube,UC-B-VsRl2I1FgCbvCdGn1bQ,gPYJDUh870A
youtube,UC-B-VsRl2I1FgCbvCdGn1bQ,hVb7-TNg1jE
youtube,UC-B-VsRl2I1FgCbvCdGn1bQ,J12B-NoRFHc
youtube,UC-B-VsRl2I1FgCbvCdGn1bQ,kziHaUZ9ZDI
youtube,UC-B-VsRl2I1FgCbvCdGn1bQ,L-_mSy9kXTY
youtube,UC-B-VsRl2I1FgCbvCdGn1bQ,lWwODfFMJfA
youtube,UC-B-VsRl2I1FgCbvCdGn1bQ,mw5lQKO3s8I
youtube,UC-B-VsRl2I1FgCbvCdGn1bQ,oaaT9NPBoHQ
youtube,UC-B-VsRl2I1FgCbvCdGn1bQ,OMzArvlD0Vg
youtube,UC-B-VsRl2I1FgCbvCdGn1bQ,OtisyzP9P34
youtube,UC-B-VsRl2I1FgCbvCdGn1bQ,pSxHs6HeCws
youtube,UC-B-VsRl2I1FgCbvCdGn1bQ,q4kkYK5qO70
youtube,UC-B-VsRl2I1FgCbvCdGn1bQ,sN7zPeGs4R8
youtube,UC-B-VsRl2I1FgCbvCdGn1bQ,tfVfK-H8wtA
youtube,UC-B-VsRl2I1FgCbvCdGn1bQ,VaZXit-UK50
youtube,UC-B-VsRl2I1FgCbvCdGn1bQ,xbepeLQqq6A
youtube,UC-B-VsRl2I1FgCbvCdGn1bQ,xe6haOawEjo
youtube,UC-B-VsRl2I1FgCbvCdGn1bQ,xj02S2waGOw
youtube,UC-B-VsRl2I1FgCbvCdGn1bQ,XX4HNMULUzM
youtube,UC-B-VsRl2I1FgCbvCdGn1bQ,YpXUX2SRHyM
youtube,UC-B-VsRl2I1FgCbvCdGn1bQ,zzSoODsFRhE
youtube,UC-b-YsADZ3_lAemPt1lVCIw,-RgCMNYIQWI
youtube,UC-b-YsADZ3_lAemPt1lVCIw,-xLBlaz9hms
youtube,UC-b-YsADZ3_lAemPt1lVCIw,0o28kdRWfd8
youtube,UC-b-YsADZ3_lAemPt1lVCIw,1CSrM41rUfg
youtube,UC-b-YsADZ3_lAemPt1lVCIw,2-46zRaRVdc
youtube,UC-b-YsADZ3_lAemPt1lVCIw,2kEUi6sdc9Y
youtube,UC-b-YsADZ3_lAemPt1lVCIw,5IwKSGRbzoU
youtube,UC-b-YsADZ3_lAemPt1lVCIw,5ORrxlWNHII
youtube,UC-b-YsADZ3_lAemPt1lVCIw,6gH28b2K4fQ
youtube,UC-b-YsADZ3_lAemPt1lVCIw,7ETGcFImxCM
youtube,UC-b-YsADZ3_lAemPt1lVCIw,Ab0VCeXNM9E
youtube,UC-b-YsADZ3_lAemPt1lVCIw,bTMogXZRVsQ
youtube,UC-b-YsADZ3_lAemPt1lVCIw,CfYTKW6FPsM
youtube,UC-b-YsADZ3_lAemPt1lVCIw,CHKAY663jww
youtube,UC-b-YsADZ3_lAemPt1lVCIw,CvHsAio2Ews
youtube,UC-b-YsADZ3_lAemPt1lVCIw,eGF0JCLnuYQ
youtube,UC-b-YsADZ3_lAemPt1lVCIw,eGudHMqMsAs
youtube,UC-b-YsADZ3_lAemPt1lVCIw,EHV6KBqIis8
youtube,UC-b-YsADZ3_lAemPt1lVCIw,eIDV1ynBCPI
youtube,UC-b-YsADZ3_lAemPt1lVCIw,EnKMJnZ5VwU
youtube,UC-b-YsADZ3_lAemPt1lVCIw,FwAcjlOz3hI
youtube,UC-b-YsADZ3_lAemPt1lVCIw,G3wLYX8e4h0
youtube,UC-b-YsADZ3_lAemPt1lVCIw,GCVNBUeFKJM
youtube,UC-b-YsADZ3_lAemPt1lVCIw,H01qUPXE9Rs
youtube,UC-b-YsADZ3_lAemPt1lVCIw,j9UEDV-p8Z0
youtube,UC-b-YsADZ3_lAemPt1lVCIw,kSNWSVGlBUE
youtube,UC-b-YsADZ3_lAemPt1lVCIw,m42-090ZtSU
youtube,UC-b-YsADZ3_lAemPt1lVCIw,MhMvc6UciPQ
youtube,UC-b-YsADZ3_lAemPt1lVCIw,MOYwxO280QU
youtube,UC-b-YsADZ3_lAemPt1lVCIw,nNjGZck9Vbk
youtube,UC-b-YsADZ3_lAemPt1lVCIw,oJRanZYJOfM
youtube,UC-b-YsADZ3_lAemPt1lVCIw,OpvuVzaaijY
youtube,UC-b-YsADZ3_lAemPt1lVCIw,OQvg9T3bVtY
youtube,UC-b-YsADZ3_lAemPt1lVCIw,P4hAOQi2Xzw
youtube,UC-b-YsADZ3_lAemPt1lVCIw,pwXs7IA94Zk
youtube,UC-b-YsADZ3_lAemPt1lVCIw,pz29k_8VoEM
youtube,UC-b-YsADZ3_lAemPt1lVCIw,qP3tuo9nqEA
youtube,UC-b-YsADZ3_lAemPt1lVCIw,StpBnKbW1V0
youtube,UC-b-YsADZ3_lAemPt1lVCIw,Ts2X1K-r118
youtube,UC-b-YsADZ3_lAemPt1lVCIw,u-57qtOukP0
youtube,UC-b-YsADZ3_lAemPt1lVCIw,U1sd7zus4sM
youtube,UC-b-YsADZ3_lAemPt1lVCIw,uE2YouVgrh4
youtube,UC-b-YsADZ3_lAemPt1lVCIw,ujmbCesOcSI
youtube,UC-b-YsADZ3_lAemPt1lVCIw,v3AH_vjWkvg
youtube,UC-b-YsADZ3_lAemPt1lVCIw,W1nwml5gCpM
youtube,UC-b-YsADZ3_lAemPt1lVCIw,xdy5Griwtq0
youtube,UC-b-YsADZ3_lAemPt1lVCIw,xIDGoWuVbUU
youtube,UC-b-YsADZ3_lAemPt1lVCIw,XsPIqNYfLBQ
youtube,UC-b-YsADZ3_lAemPt1lVCIw,XXj6CjM5K8s
youtube,UC-b-YsADZ3_lAemPt1lVCIw,yI0pFshuw7s
youtube,UC-b-YsADZ3_lAemPt1lVCIw,ZU3IT5cHCyk
youtube,UC-b0AfeWLfDQUCxVQ0DTiJg,8DbziW2P2rk
youtube,UC-b0AfeWLfDQUCxVQ0DTiJg,qP3tuo9nqEA
youtube,UC-B0j8uN2UVKcC_ioRLaqIQ,dJ9M0dXLyDA
youtube,UC-B0j8uN2UVKcC_ioRLaqIQ,QXwOe-cwrEw
youtube,UC-B0j8uN2UVKcC_ioRLaqIQ,uYKCuXZA5iY
youtube,UC-B0lBsqkaiaQN-SiQWjh2A,AgtwfHNEqhs
youtube,UC-b152cgaaQuKOhd4DCqOFQ,AQxbUfCjnbk
youtube,UC-b16oPtDdgTeYQW37smRtA,01pwAg6vVCI
youtube,UC-b16oPtDdgTeYQW37smRtA,47MhgR0oaao
youtube,UC-b16oPtDdgTeYQW37smRtA,eIDV1ynBCPI
youtube,UC-b16oPtDdgTeYQW37smRtA,GIr981_k4sI
youtube,UC-b16oPtDdgTeYQW37smRtA,iDOqYjfH7jg
youtube,UC-b16oPtDdgTeYQW37smRtA,pF-wFgw94FM
youtube,UC-b16oPtDdgTeYQW37smRtA,w0k1t1QqksI
youtube,UC-b16oPtDdgTeYQW37smRtA,XK5Spb68xsE
youtube,UC-b16oPtDdgTeYQW37smRtA,z5RDLloS9rI
youtube,UC-b16oPtDdgTeYQW37smRtA,zccpKWTHRZ8
youtube,UC-B1GrTrj8ibBv-13_SXTiw,AgtwfHNEqhs
youtube,UC-B1GrTrj8ibBv-13_SXTiw,kJxgKY17PlY
youtube,UC-B1GrTrj8ibBv-13_SXTiw,l08Uog-u7iI
youtube,UC-B1GrTrj8ibBv-13_SXTiw,PtIimzStK_E
youtube,UC-B2cy-5PNjBuVWlh5LaT_A,Ec16l9b_7oA
youtube,UC-B2cy-5PNjBuVWlh5LaT_A,nazReUNW224
youtube,UC-b2eLyc86AMXihdzn42_cQ,09LSf6gh1YM
youtube,UC-b2eLyc86AMXihdzn42_cQ,33SHuyfLDbU
youtube,UC-b2eLyc86AMXihdzn42_cQ,5xncs-QC-Bg
youtube,UC-b2eLyc86AMXihdzn42_cQ,7E7sgB3P2i8
youtube,UC-b2eLyc86AMXihdzn42_cQ,bEVFdPXD_V8
youtube,UC-b2eLyc86AMXihdzn42_cQ,gAKxh44h2tA
youtube,UC-b2eLyc86AMXihdzn42_cQ,lNCszsia-CE
youtube,UC-b2eLyc86AMXihdzn42_cQ,Xc82pXqoHK0
youtube,UC-b2jSDikn_QclXfUPCxDMQ,iQKc_paVejM
youtube,UC-B3T4g7n75PnqNd3zDoN-A,pir5idtXElc
youtube,UC-B3T9DAdCRkep7fNbOcxEQ,DYs44RIQKyo
youtube,UC-B3Z1v58HCS3JxKNFUsyog,6qT4WLo2OMI
youtube,UC-B3Z1v58HCS3JxKNFUsyog,IAznGGEyYV8
youtube,UC-B3Z1v58HCS3JxKNFUsyog,isUYGAgcP60
youtube,UC-B3Z1v58HCS3JxKNFUsyog,qNvnOTVvBck
youtube,UC-B3Z1v58HCS3JxKNFUsyog,Sp5s8zEBcZ0
youtube,UC-B4oQRLhHuPnIbaUvVpXaA,kziHaUZ9ZDI
youtube,UC-b5CXxVgH2eV5mB_RI967w,lf4eXFjfQmA
youtube,UC-b5CXxVgH2eV5mB_RI967w,VfFTYeP6cSI
youtube,UC-B5V8LF0qL1XaWA96MuTnQ,A1LzxFbtuNM
youtube,UC-b6EH_DqLCWl929OckvYCg,M1kwHaCD7gs
youtube,UC-b6FzGyefFaiIw1u947saw,Ubd7jn57ZUY
youtube,UC-B7HE9pOxmdX6qmVEPPpcg,rXiSHPlJ5kI
youtube,UC-B7ids8ozZXnUNkhCr-Tvw,i_CohjXgsYA
youtube,UC-B7ids8ozZXnUNkhCr-Tvw,x2PdVyKkMJI
youtube,UC-b7q4egy20WVMC2V6aud_g,JKAsT-I2d_8
youtube,UC-B7vp4MjrATqiTAvPwa89g,ksCml2LMHsg
youtube,UC-B7vp4MjrATqiTAvPwa89g,ZL4kw3rq1YA
youtube,UC-B88S4owc-j--UhIGVnqOw,mm5_reahFls
youtube,UC-B8leHUu59pWTA83BB9DRg,ZEGyaBZHC_Q
youtube,UC-B91XogpxqePy59ebkVqiA,lNCszsia-CE
youtube,UC-b9b8-WRx6EbYnG1CtY6gA,T_axF2Lki14
youtube,UC-b9fmmQDwT2NY13iQprJAg,iDaOObfZxoc
youtube,UC-B9iPehHn1_v6TG0ni6zIQ,j_kygqVfOYY
youtube,UC-B9iPehHn1_v6TG0ni6zIQ,OpvuVzaaijY
youtube,UC-B9m9jjNjDcAHDfVe4gPdQ,mBhAem9KBcs
youtube,UC-B9tD0o5jjL0htKZZrkjqQ,3i4xoUmwuRY
youtube,UC-B9WctxkwgtKkgYursQ4zw,B1q2AFJFFi0
youtube,UC-B9WctxkwgtKkgYursQ4zw,MsPVGi2_llw
youtube,UC-B9WctxkwgtKkgYursQ4zw,nPTcmB4Pgo8
youtube,UC-B9WctxkwgtKkgYursQ4zw,SrEDIpcKMJs
youtube,UC-b_-gPsdvLzu8Zcw34Tn1Q,2ynsKm1Y6Pk
youtube,UC-b_-gPsdvLzu8Zcw34Tn1Q,KNvJjoXRsio
youtube,UC-b_7zRL5k2W70rdJoHsDtQ,IxfN6ugPjoM
youtube,UC-b_7zRL5k2W70rdJoHsDtQ,p35-TM1x85g
youtube,UC-b_ZOzn3zgNQilDjk2YCEA,Fpsso1Ufgkk
youtube,UC-b_ZOzn3zgNQilDjk2YCEA,hYO5u2ERpGY
youtube,UC-b_ZOzn3zgNQilDjk2YCEA,tSa3M89I4dA
youtube,UC-b_ZOzn3zgNQilDjk2YCEA,xj02S2waGOw
youtube,UC-Ba4ienVatGUy8kNn7-Y5w,tnp0zaQGmJw
youtube,UC-BA9W0-KArmE7gjltoDNww,DAsZU-ZfEhk
youtube,UC-bAdUAqu132lDNCIO-ExxA,dNVSHWiOS8Y
youtube,UC-bAf00rL8xX8mjqyFPtEAQ,YPQfPpBy7vc
youtube,UC-BaHXbcoMt78a_GtDoPU7Q,0IuO84Hehfc
youtube,UC-BaHXbcoMt78a_GtDoPU7Q,7E7sgB3P2i8
youtube,UC-BaHXbcoMt78a_GtDoPU7Q,Br2vp4Yp5HY
youtube,UC-BaHXbcoMt78a_GtDoPU7Q,ODF2_tfeKOQ
youtube,UC-BaHXbcoMt78a_GtDoPU7Q,qJSfCGUMlBc
youtube,UC-BaHXbcoMt78a_GtDoPU7Q,wH69nzVnm6Y
youtube,UC-baKIdlT2XHAE8Gtm57K5w,ajmK9kxRxvE
youtube,UC-baKIdlT2XHAE8Gtm57K5w,LbYThEp_zWk
youtube,UC-BALF4ZUTctcvqpMMySSnQ,BTFA4CgM40Y
youtube,UC-baOG9zVm91cfXV2-EpC-A,s5JwuDhEKDk
youtube,UC-BAs372E92djmsSs3ckOdQ,3AVaz5ZpZiw
youtube,UC-BAs372E92djmsSs3ckOdQ,kCEUC1EEjbQ
youtube,UC-BAs372E92djmsSs3ckOdQ,lKCaJ-Fa6u4
youtube,UC-BAs372E92djmsSs3ckOdQ,m_8XdI8dZ84
youtube,UC-BAs372E92djmsSs3ckOdQ,Pn6LAeY4-h0
youtube,UC-BAs372E92djmsSs3ckOdQ,UUAfsvfmQgA
youtube,UC-baxKWvSe0aUgJrZA03y-w,MtdmGpIbRko
youtube,UC-BB-gQ9VNKg5ymo__ZgPOA,0_dghZEyVSs
youtube,UC-BB-gQ9VNKg5ymo__ZgPOA,2X29_ECAYeg
youtube,UC-BB-gQ9VNKg5ymo__ZgPOA,CyW2x-5_CM0
youtube,UC-BB-gQ9VNKg5ymo__ZgPOA,EHV6KBqIis8
youtube,UC-BB-gQ9VNKg5ymo__ZgPOA,JuYnKYfbGdQ
youtube,UC-BB-gQ9VNKg5ymo__ZgPOA,RmtEFWHbmGw
youtube,UC-BB-gQ9VNKg5ymo__ZgPOA,TzmHlml7yw8
youtube,UC-BB-gQ9VNKg5ymo__ZgPOA,yA40Czemcy4
youtube,UC-BB5LKnzPkJIFa87HZs00A,hf2wGD1O4Q4
youtube,UC-BB5LKnzPkJIFa87HZs00A,id29jfIyCro
youtube,UC-bbdj8wc17H2r7HPG2GhXw,6Ojm0kobtUM
youtube,UC-bbdj8wc17H2r7HPG2GhXw,EOhiALOGk8c
youtube,UC-bbdj8wc17H2r7HPG2GhXw,YdEZx2gEs8Q
youtube,UC-bBgOXWR6Y8hb0Wb7JJyaQ,cyF3kAxKdrQ
youtube,UC-bBgOXWR6Y8hb0Wb7JJyaQ,zOjc8foVTF0
youtube,UC-bBh_UnGJLDtNu1LAMjQyg,2s3rXM2U8YU
youtube,UC-bBh_UnGJLDtNu1LAMjQyg,iADENG6Ldsk
youtube,UC-bBh_UnGJLDtNu1LAMjQyg,L3A0TCt-1p4
youtube,UC-bBiu_Mel9YS-uRreHYHMg,DLKT_AdN3Hc
youtube,UC-bBiu_Mel9YS-uRreHYHMg,HfzkngkGnjY
youtube,UC-bBiu_Mel9YS-uRreHYHMg,lSmmBChlAMo
youtube,UC-bBiu_Mel9YS-uRreHYHMg,VnPOaQb_ltc
youtube,UC-BBJy5fpVAh-9KSQNVkr2g,_xqD4duaUwI
youtube,UC-BBJy5fpVAh-9KSQNVkr2g,eUlio_EJJlo
youtube,UC-BBJy5fpVAh-9KSQNVkr2g,zsDHFkX4mjI
youtube,UC-BBWAs9aGfpfhz_MDwroPw,9KYq67XzHEU
youtube,UC-BBWAs9aGfpfhz_MDwroPw,HMmu5CjslQk
youtube,UC-bc6XAlc9pW3YOFwjKd0GQ,2YhFUeZZrbs
youtube,UC-bc6XAlc9pW3YOFwjKd0GQ,3gJgmSyKOvI
youtube,UC-bc6XAlc9pW3YOFwjKd0GQ,FIXBjICv4iw
youtube,UC-bc6XAlc9pW3YOFwjKd0GQ,TgDSlPv9jeE
youtube,UC-bcBRBkTbZ5gJ9uMshLfmw,caFY_3poSog
youtube,UC-BCCajWwOfjioGYPJ59fHQ,x_D4U1dusEc
youtube,UC-BcD4TdMMdhnG78e2E-e0Q,2NtBRdkF9dQ
youtube,UC-BCrsGo3d-7iYNBenDMpTQ,DJc4MpMkdnI
youtube,UC-BCrsGo3d-7iYNBenDMpTQ,gbvG1MjLRQ0
youtube,UC-BCrsGo3d-7iYNBenDMpTQ,gPYJDUh870A
youtube,UC-BCrsGo3d-7iYNBenDMpTQ,mg6sanuPR_Q
youtube,UC-BCrsGo3d-7iYNBenDMpTQ,mW07S32VQKc
youtube,UC-BCrsGo3d-7iYNBenDMpTQ,Q3UT10nBJTI
youtube,UC-BCrsGo3d-7iYNBenDMpTQ,QX1nVDTcUcg
youtube,UC-BCrsGo3d-7iYNBenDMpTQ,sN7zPeGs4R8
youtube,UC-bCUMse1Xm0n5v7E2sKULA,rXiSHPlJ5kI
youtube,UC-Bd7QuaC2o9nbcchokZnWw,w8nnsV9Si1U
youtube,UC-BD_xVWE-wMw_MgVlkgdyQ,mUWUbnDHnDU
youtube,UC-BDD91dgoItJsFc7iklmfg,PQn-6GCD5F4
youtube,UC-BDK41tgmr2vyPlXfzOlyw,c4N0lR_nrRQ
youtube,UC-BDK41tgmr2vyPlXfzOlyw,p7RuXFBVqVc
youtube,UC-bDR5L5cCN1kjDp_gtSqPg,8YaZIqnxi9k
youtube,UC-bDSMaCgHqPRfyfcNCAdKQ,syGfQZJO82E
youtube,UC-bdvdi7vF4E63SmoFGJjvQ,X0c88mdy8eQ
youtube,UC-bdvR5Aqfu2vvs65AGIkKA,jjXLPNp8MOo
youtube,UC-bdybHi1MbGPz4EPfHeOiw,tBWJVgSAxGU
youtube,UC-BdZm0PdpwXeuwkwJ2799A,2XGxbUtR41s
youtube,UC-BdZm0PdpwXeuwkwJ2799A,33SHuyfLDbU
youtube,UC-BdZm0PdpwXeuwkwJ2799A,6zmmQaUqqnc
youtube,UC-BdZm0PdpwXeuwkwJ2799A,ARwTqxxlvAo
youtube,UC-BdZm0PdpwXeuwkwJ2799A,cpKH6JI2wls
youtube,UC-BdZm0PdpwXeuwkwJ2799A,H7mzwZ_Q9Uc
youtube,UC-BdZm0PdpwXeuwkwJ2799A,nop5FheGcj8
youtube,UC-BdZm0PdpwXeuwkwJ2799A,pquhKOssrBo
youtube,UC-BdZm0PdpwXeuwkwJ2799A,PYVl0YSZwRw
youtube,UC-Be87z__S7g1Aq2xn6JTdA,lNCszsia-CE
youtube,UC-bEBdVdPiZ9gibuAM93YNQ,dz3AHPZ6LSY
youtube,UC-beCxhn2-YtV6rBt1kUFoQ,9jFZiMZM2NA
youtube,UC-beCxhn2-YtV6rBt1kUFoQ,Q0AjT6aiyNs
youtube,UC-beCxhn2-YtV6rBt1kUFoQ,yRS_x5cPQMA
youtube,UC-BEOmTqHZFk0h1jkzDb03w,2XGxbUtR41s
youtube,UC-BEOmTqHZFk0h1jkzDb03w,87MwqzemlRQ
youtube,UC-BeWTuryYwyz8LNXWo0g0g,CnsrSwWgJ2o
youtube,UC-BeWTuryYwyz8LNXWo0g0g,QX1nVDTcUcg
youtube,UC-BeWTuryYwyz8LNXWo0g0g,sN7zPeGs4R8
youtube,UC-bfA0cGOSkWPOzMZGYgNIA,9MAaNQ1sY98
youtube,UC-bfA0cGOSkWPOzMZGYgNIA,aOSoNvpYH7w
youtube,UC-bfA0cGOSkWPOzMZGYgNIA,GI-QrXrgAjg
youtube,UC-bfA0cGOSkWPOzMZGYgNIA,GIr981_k4sI
youtube,UC-BFqvcZrZdfX2MKb-hMQ8w,A1jgTsG-Wdk
youtube,UC-bFRIANr8QfKWMIuWzmItQ,6DkVxFEyAss
youtube,UC-bFRIANr8QfKWMIuWzmItQ,9bA1XtnrjiY
youtube,UC-bFRIANr8QfKWMIuWzmItQ,bNy-fI-FZ_0
youtube,UC-bFRIANr8QfKWMIuWzmItQ,TskGnMnKfYc
youtube,UC-bFRIANr8QfKWMIuWzmItQ,yi-Oh4rLvVU
youtube,UC-bFRIANr8QfKWMIuWzmItQ,yl8P3gpUqNI
youtube,UC-BG7AUpPrn1J9t_H_Y1L-w,kP7m_aH_Dv0
youtube,UC-BG7m1TTBztCgH-qplqr0w,GurYhZNduBE
youtube,UC-BG7m1TTBztCgH-qplqr0w,YSKFFO-4ezo
youtube,UC-Bg_NFNdhgp79c28AzpRDA,ThTT7FoQQ5o
youtube,UC-bGDI_H7cN-GZp4XO0mnNw,DRw_ibZNXdY
youtube,UC-bGGoQEKAj2eN1E-mHdZgw,zgxidoI1KXM
youtube,UC-bGmW0pvBRzvAgVkpBU3Ag,YYoNdQgmY_c
youtube,UC-BGrw1_5-g0v2U0rTS6qwg,HMByjbtmT88
youtube,UC-BH6_cB2VQewA67UWix9Sw,AU5nAvuodeQ
youtube,UC-BHBrwtK2BJA6d6Kf0pOgA,ij8vr3-DuG0
youtube,UC-BHOAlm3uC5DTKxz9RmHYw,8oIHXoB1GtE
youtube,UC-bHq8gIilMdiPS9SjgL-hQ,SwWxlW0KWs0
youtube,UC-bhTA69db9x_AugtxpTSTQ,1j_LaklAkxw
youtube,UC-bhTA69db9x_AugtxpTSTQ,5GDlBby2pBA
youtube,UC-bhTA69db9x_AugtxpTSTQ,_AxnP13S7_c
youtube,UC-bhTA69db9x_AugtxpTSTQ,AHxDF2QZycw
youtube,UC-bhTA69db9x_AugtxpTSTQ,mg6sanuPR_Q
youtube,UC-bhTA69db9x_AugtxpTSTQ,mqd3a9ObvVU
youtube,UC-bhTA69db9x_AugtxpTSTQ,PPuQMb2iwOM
youtube,UC-bhTA69db9x_AugtxpTSTQ,QDcjEpaaujU
youtube,UC-bhTA69db9x_AugtxpTSTQ,QlD2eV8Yat0
youtube,UC-bhTA69db9x_AugtxpTSTQ,Sp_MpYYyXVk
youtube,UC-bhTA69db9x_AugtxpTSTQ,vnPyS9vvjgQ
youtube,UC-bhTA69db9x_AugtxpTSTQ,wZT1ih430cw
youtube,UC-bhTA69db9x_AugtxpTSTQ,YpXUX2SRHyM
youtube,UC-bhTA69db9x_AugtxpTSTQ,Zm1MfRuFSAk
youtube,UC-bHUQaXCDA3mnhp-pp2Mgg,BTFA4CgM40Y
youtube,UC-bHzsTly5m7CIi0DhO5DtA,JKAsT-I2d_8
youtube,UC-bIMxr633SOtSZy88wqEuw,HvUD4rtlUMM
youtube,UC-bIMxr633SOtSZy88wqEuw,MHBK88pSk_o
youtube,UC-bIMxr633SOtSZy88wqEuw,XsPIqNYfLBQ
youtube,UC-BINX49RRxZyQp9XqwaNbw,PYVl0YSZwRw
youtube,UC-BioHBIg9-yYdKm-P9Jkag,QSAiPyxJd7A
youtube,UC-BiTHEW42xUvb-lO-Mg8QQ,1r0fdslVM0U
youtube,UC-BiTHEW42xUvb-lO-Mg8QQ,79ACo4016wA
youtube,UC-BiTHEW42xUvb-lO-Mg8QQ,8eOLhIDRZ3k
youtube,UC-BiTHEW42xUvb-lO-Mg8QQ,bbCVLlxqNmU
youtube,UC-BiTHEW42xUvb-lO-Mg8QQ,dZcX0Zu-QhU
youtube,UC-BiTHEW42xUvb-lO-Mg8QQ,Ep7TiflmJGo
youtube,UC-BiTHEW42xUvb-lO-Mg8QQ,fOpxp6xusjo
youtube,UC-BiTHEW42xUvb-lO-Mg8QQ,GVG-Rwne2Mc
youtube,UC-BiTHEW42xUvb-lO-Mg8QQ,J4OOvaFCvSo
youtube,UC-BiTHEW42xUvb-lO-Mg8QQ,KaoTcH5tWRo
youtube,UC-BiTHEW42xUvb-lO-Mg8QQ,KHKLZoY_uTw
youtube,UC-BiTHEW42xUvb-lO-Mg8QQ,MU_IikB0IcM
youtube,UC-BiTHEW42xUvb-lO-Mg8QQ,O3iXOZk5NL8
youtube,UC-BiTHEW42xUvb-lO-Mg8QQ,yZPDUGkosXY
youtube,UC-bIW2Q1ello4rsy21T9bgA,uR7ZMNcap9o
youtube,UC-bJCW5NNvxZxE2bhRZYRuw,qNvnOTVvBck
youtube,UC-bJDVtQ7HJV_c7Wusd5LBw,kCEUC1EEjbQ
youtube,UC-bJDVtQ7HJV_c7Wusd5LBw,KZ4nQ4BbvEk
youtube,UC-bjsFygRWf0896UlVJNKIw,5YDxcQA-kG4
youtube,UC-BjUWWMb7l4p0N7tIPBuGw,09LSf6gh1YM
youtube,UC-bJxjIPnya8N8a5JzBqUGg,tzHEuiA141Y
youtube,UC-BJZgTbnFQU5bQoIGg1yqw,lkKbjaTILy4
youtube,UC-Bk9XS81qPuB5jlBKuotKA,6Ojm0kobtUM
youtube,UC-Bk9XS81qPuB5jlBKuotKA,9KWVKG6DuWc
youtube,UC-Bk9XS81qPuB5jlBKuotKA,Cdy9pPcvFLc
youtube,UC-Bk9XS81qPuB5jlBKuotKA,dPmN1PS8daI
youtube,UC-Bk9XS81qPuB5jlBKuotKA,isUYGAgcP60
youtube,UC-Bk9XS81qPuB5jlBKuotKA,NoTIZ0b_m5s
youtube,UC-Bk9XS81qPuB5jlBKuotKA,yG70khXb0IQ
youtube,UC-BkhkfXnZ0h40XefbnOq5Q,09LSf6gh1YM
youtube,UC-BkhkfXnZ0h40XefbnOq5Q,EB2CUh8waZw
youtube,UC-BkolrFPVdlDkqlOD_nHCA,-RgCMNYIQWI
youtube,UC-BkWlgQA5lmXIxFJ1eJtOg,zIQ6daeVqzg
youtube,UC-bL-UspLJp3tsLZ8US4cXw,QMEMg0GhOuQ
youtube,UC-bL-UspLJp3tsLZ8US4cXw,xj02S2waGOw
youtube,UC-bl9BP7suVLp_gaBVQsyzQ,hCLIquQv774
youtube,UC-bl9BP7suVLp_gaBVQsyzQ,iADENG6Ldsk
youtube,UC-BLG7P5eq5s8BKdCNqLGWQ,kRVRIPt6RlA
youtube,UC-blJ1TNo_VzaL7skov-fag,hBpkEXWf0Jw
youtube,UC-bLlWNu7tyT0SSEJI1gtMA,AufSG5H394E
youtube,UC-bLlWNu7tyT0SSEJI1gtMA,EgNRI_a8VSQ
youtube,UC-bLV0KZpLVL_LXxiu38Rjw,RkLJ0k0kSek
youtube,UC-blZchHQfuxxRJcpZ6X3cg,rdCY_WEpsF8
youtube,UC-blZchHQfuxxRJcpZ6X3cg,Vx8lb8CFs48
youtube,UC-BM1105B_9OMazY-rl-0Og,LjxXnldlfwQ
youtube,UC-BM1i8CqRo5ewIhpUB4l4w,NeAn5Stomik
youtube,UC-BMSFqlQ0WorKMHxNkZaiw,U-qt0b5VmTI
youtube,UC-BMSFqlQ0WorKMHxNkZaiw,y4dPPlc36i0
youtube,UC-BMSFqlQ0WorKMHxNkZaiw,ysY-KkSvBt8
youtube,UC-BmWaWFl6xd_vpzAzqP2oA,lASWXQ5x3vc
youtube,UC-bMWXxqtk0NmTbpUJDkcxw,RKvjn9Ibpfc
youtube,UC-bn3lpTOTJK8jxEnGiowHg,3i4xoUmwuRY
youtube,UC-bNaR5wsqLBeG04nz2l6GQ,gPYJDUh870A
youtube,UC-BnaWgw40oS2SnF_c2I7yg,DXnnT2DkIfc
youtube,UC-bNJRAieUtYu6LDJVCVNHQ,ly4hZ70hJ28
youtube,UC-BNJrzyqkKMQVBZr0uV7xg,9xiM-TVUSDw
youtube,UC-BNnWPvc4VjMuQdDWJXJpg,2NtBRdkF9dQ
youtube,UC-BNnWPvc4VjMuQdDWJXJpg,JUOfrlYgSrQ
youtube,UC-bNs4iScVits0Y6Stgihgw,JKAsT-I2d_8
youtube,UC-bO3CpM_BxZlIxMc3QkBng,ly4hZ70hJ28
youtube,UC-Bo589lTHhEAOFW8Lb62Mg,GI60RpiTJ9U
youtube,UC-bOd28AHVS_ma5g7NbtrZw,AgtwfHNEqhs
youtube,UC-BohYJKYfwHPr1537rRlkg,DDHozKJOSaA
youtube,UC-BohYJKYfwHPr1537rRlkg,NKL_1U3xc6o
youtube,UC-BohYJKYfwHPr1537rRlkg,no-veiac42Q
youtube,UC-BohYJKYfwHPr1537rRlkg,pF589UkzLmM
youtube,UC-BOMz5Z64FsQENA0jeC4hA,7q8GZKqE30Q
youtube,UC-BonKmUjQ9XxyuE9htk78A,pgkxHKxj6_g
youtube,UC-BOXPOJHxmO8iL9UDzDyxQ,3i4xoUmwuRY
youtube,UC-BOXxfKC0tRTqMkZUfKCrQ,qOxUL9KrNZs
youtube,UC-bP4pXAUrfwYUT9ga5BZhQ,yl1w_zYw7wM
youtube,UC-bpTVGFBMOZqMUfhWMh9zQ,27zzPvIhoMU
youtube,UC-bpTVGFBMOZqMUfhWMh9zQ,A_USZ2b-OVw
youtube,UC-bpTVGFBMOZqMUfhWMh9zQ,kR_rLlYTGsA
youtube,UC-bpTVGFBMOZqMUfhWMh9zQ,mBhAem9KBcs
youtube,UC-Bpv3tv-i039n85BPbtG7Q,33SHuyfLDbU
youtube,UC-BQ5_zOLgTLMONk6R8hRdw,-RgCMNYIQWI
youtube,UC-BQ5_zOLgTLMONk6R8hRdw,33SHuyfLDbU
youtube,UC-BQ5_zOLgTLMONk6R8hRdw,3aIT34DmF3Y
youtube,UC-BQ5_zOLgTLMONk6R8hRdw,4Y3MVWm28G4
youtube,UC-BQ5_zOLgTLMONk6R8hRdw,Cdy9pPcvFLc
youtube,UC-BQ5_zOLgTLMONk6R8hRdw,DDHozKJOSaA
youtube,UC-BQ5_zOLgTLMONk6R8hRdw,EcGyX5ojzRQ
youtube,UC-BQ5_zOLgTLMONk6R8hRdw,EDVtPwCbz7A
youtube,UC-BQ5_zOLgTLMONk6R8hRdw,iqa90w-y81s
youtube,UC-BQ5_zOLgTLMONk6R8hRdw,j47rbfhgGd8
youtube,UC-BQ5_zOLgTLMONk6R8hRdw,jEYNPU9z1lU
youtube,UC-BQ5_zOLgTLMONk6R8hRdw,o6fLPh5JGcI
youtube,UC-BQ5_zOLgTLMONk6R8hRdw,PWpG_1BVBnw
youtube,UC-BQ5_zOLgTLMONk6R8hRdw,sqv5LlTqL5g
youtube,UC-BQ5_zOLgTLMONk6R8hRdw,TskGnMnKfYc
youtube,UC-BQ5_zOLgTLMONk6R8hRdw,u-57qtOukP0
youtube,UC-BQ5_zOLgTLMONk6R8hRdw,w0k1t1QqksI
youtube,UC-BQ5_zOLgTLMONk6R8hRdw,yfGe_srWO74
youtube,UC-bQ_Oyx_FmHwyWbE-3jczA,9Glrq39hIT4
youtube,UC-bQ_Oyx_FmHwyWbE-3jczA,B_lfet8d-wE
youtube,UC-bQ_Oyx_FmHwyWbE-3jczA,buaHrPF5Dic
youtube,UC-bQ_Oyx_FmHwyWbE-3jczA,FIdjzMBanbE
youtube,UC-bqKJzwIPBU8hVV_qOaqzw,gAKxh44h2tA
youtube,UC-BQtqKqgDHytNdzIAnPG1g,OFf61VM-0Mg
youtube,UC-BQtqKqgDHytNdzIAnPG1g,RMjdHG8FSvQ
youtube,UC-BQtqKqgDHytNdzIAnPG1g,tlrd2a2HAfU
youtube,UC-bQwqE-eo-fPWj3qLGp7vA,0-PV7kNMsK4
youtube,UC-bQyH553SW1eVbhSmfSgwg,Hn2DWZm6-KM
youtube,UC-Br-o7raVpzDdelY38ZwIw,NoTIZ0b_m5s
youtube,UC-Br-o7raVpzDdelY38ZwIw,NwwnpXH9bQw
youtube,UC-br92LA0Yo79uyKw6xHEfw,2DkMFHqZIIY
youtube,UC-br92LA0Yo79uyKw6xHEfw,5UJR2jXBjQo
youtube,UC-br92LA0Yo79uyKw6xHEfw,aGwVDzM4AAc
youtube,UC-br92LA0Yo79uyKw6xHEfw,BteldVrF4Rs
youtube,UC-br92LA0Yo79uyKw6xHEfw,c2pgzJD011o
youtube,UC-br92LA0Yo79uyKw6xHEfw,FZBf5biTpGI
youtube,UC-br92LA0Yo79uyKw6xHEfw,GDgG9YKFq2E
youtube,UC-br92LA0Yo79uyKw6xHEfw,gdM-lMmEbBE
youtube,UC-br92LA0Yo79uyKw6xHEfw,IpyjTGz0wsA
youtube,UC-br92LA0Yo79uyKw6xHEfw,kbi-6F9NtgQ
youtube,UC-br92LA0Yo79uyKw6xHEfw,N1Y5eWWQUcQ
youtube,UC-br92LA0Yo79uyKw6xHEfw,nPG52uBgEBU
youtube,UC-br92LA0Yo79uyKw6xHEfw,oKCKbWhrrEo
youtube,UC-br92LA0Yo79uyKw6xHEfw,PZ_O2mIcf20
youtube,UC-br92LA0Yo79uyKw6xHEfw,q2eLYmReKKc
youtube,UC-br92LA0Yo79uyKw6xHEfw,q3uidvu14oc
youtube,UC-br92LA0Yo79uyKw6xHEfw,QMEMg0GhOuQ
youtube,UC-br92LA0Yo79uyKw6xHEfw,rOul0ZvaVpU
youtube,UC-br92LA0Yo79uyKw6xHEfw,rS7axo1Tb8g
youtube,UC-br92LA0Yo79uyKw6xHEfw,STQfPKBtk6A
youtube,UC-br92LA0Yo79uyKw6xHEfw,UMBNgaj_aSw
youtube,UC-br92LA0Yo79uyKw6xHEfw,UzuS-AYdjZw
youtube,UC-br92LA0Yo79uyKw6xHEfw,WC81hsIg5jo
youtube,UC-br92LA0Yo79uyKw6xHEfw,who0UKZ5mnM
youtube,UC-br92LA0Yo79uyKw6xHEfw,wZT1ih430cw
youtube,UC-br92LA0Yo79uyKw6xHEfw,yWJj62ERmig
youtube,UC-br92LA0Yo79uyKw6xHEfw,Z2XbAPnuZ2A
youtube,UC-br92LA0Yo79uyKw6xHEfw,zyDFK_9pl6M
youtube,UC-bR9InlwavremcSeWxSjrQ,uuEGkHZecdo
youtube,UC-bRbOuAK9k6DcCeu5OOCVw,q52vytCiFVM
youtube,UC-bRC3V1ZmGYsNvBguf9Qrw,jqF9nmUanBo
youtube,UC-brcP-9dPMCbE0_zxtid9g,VADdtNgkHqc
youtube,UC-BrF0qegJt2A--R5pN8NmQ,4TYfMzSpm7Q
youtube,UC-BRGILF3oUE5rqVD8vTTdg,09LSf6gh1YM
youtube,UC-BRGILF3oUE5rqVD8vTTdg,2zJm_kOl9NM
youtube,UC-BRGILF3oUE5rqVD8vTTdg,_t8Z8emv0jI
youtube,UC-BRGILF3oUE5rqVD8vTTdg,K8t-qJM0DSY
youtube,UC-BRGILF3oUE5rqVD8vTTdg,Q4YWZHfKSXI
youtube,UC-brHnzaPpi3AagAYwnXUoA,D9wOLD1gV04
youtube,UC-brHnzaPpi3AagAYwnXUoA,igQQxvDay2A
youtube,UC-BRjJKjQN0e1LF59YVLwDw,QGY3OrgxHRk
youtube,UC-BRU5ncJPWKcqUmJdk23vA,AytOxrwobd4
youtube,UC-BsK601RGuu30zsUpvjqlQ,KmYPzGZIHqw
youtube,UC-BsK601RGuu30zsUpvjqlQ,l08Uog-u7iI
youtube,UC-BsK601RGuu30zsUpvjqlQ,MlhArCQvL5o
youtube,UC-BSTh4l4hOW3XSRHFv_K6g,lNCszsia-CE
youtube,UC-BSxft7yfzNQMFDG90ALSQ,09LSf6gh1YM
youtube,UC-bt5r3ucPK8-SuOSIcJwQA,5xncs-QC-Bg
youtube,UC-bt5r3ucPK8-SuOSIcJwQA,_eepu6M-V7k
youtube,UC-bt5r3ucPK8-SuOSIcJwQA,A1LzxFbtuNM
youtube,UC-Bt8lXS256hej8OGmO4Hcw,6lvu0MSdeSQ
youtube,UC-Bt8lXS256hej8OGmO4Hcw,7eRu_lKEKf0
youtube,UC-BtHsLvAEjRW-3wgJwzZdQ,IF8BT5lK0ko
youtube,UC-btKvq-J97281xb6yYAuLg,zARgkIIpx5s
youtube,UC-btuzXU9U2p2yBkNsOdb2Q,4FNmoax0qXE
youtube,UC-btuzXU9U2p2yBkNsOdb2Q,aY3AulE6fQA
youtube,UC-bTVwMDAM4bLganBNWLkvQ,8W6IJ-N5ef0
youtube,UC-bTVwMDAM4bLganBNWLkvQ,MVQBDtqMgvU
youtube,UC-bTVwMDAM4bLganBNWLkvQ,yE4HoFMOaOc
youtube,UC-bTWMXiw9urRgFvqlfSqLA,hyUEZTA-YJQ
youtube,UC-bTWMXiw9urRgFvqlfSqLA,sM8dzaLwgEg
youtube,UC-BTxcvyB5AS21TsUOou_cw,SLsYKelRBAU
youtube,UC-BU8mpCykZv5Cls6-s_LVA,eRig2mRjoAM
youtube,UC-BU8mpCykZv5Cls6-s_LVA,jRF_-RSqXCs
youtube,UC-BuedkAJC8PWawPh0d88kw,as0W3dtVy8Y
youtube,UC-BuedkAJC8PWawPh0d88kw,TeXdSvREam0
youtube,UC-bUGbH8WOro9R4kg6M6eLQ,pMbzaygsY4w
youtube,UC-bui8N3WdZ6Ny6Pg2T6MDw,__ENHC2ArGQ
youtube,UC-BUl1u6sGPs5Fnl2G96WPQ,13EYMjtyVIg
youtube,UC-BUl1u6sGPs5Fnl2G96WPQ,1Sa0wIexVCM
youtube,UC-BUl1u6sGPs5Fnl2G96WPQ,5AlKEcnms7A
youtube,UC-BUl1u6sGPs5Fnl2G96WPQ,5WQwqlDismE
youtube,UC-BUl1u6sGPs5Fnl2G96WPQ,860ENlNbFmU
youtube,UC-BUl1u6sGPs5Fnl2G96WPQ,8zCyEcJ_zwI
youtube,UC-BUl1u6sGPs5Fnl2G96WPQ,9_vJiK6W624
youtube,UC-BUl1u6sGPs5Fnl2G96WPQ,AgtwfHNEqhs
youtube,UC-BUl1u6sGPs5Fnl2G96WPQ,blp5dRzvq34
youtube,UC-BUl1u6sGPs5Fnl2G96WPQ,BteldVrF4Rs
youtube,UC-BUl1u6sGPs5Fnl2G96WPQ,djjJQp3-6ho
youtube,UC-BUl1u6sGPs5Fnl2G96WPQ,Fj4NuOsLclM
youtube,UC-BUl1u6sGPs5Fnl2G96WPQ,FrGxRMA3dQ0
youtube,UC-BUl1u6sGPs5Fnl2G96WPQ,jLl5V2yDTlU
youtube,UC-BUl1u6sGPs5Fnl2G96WPQ,l08Uog-u7iI
youtube,UC-BUl1u6sGPs5Fnl2G96WPQ,L2apKXfoVZ0
youtube,UC-BUl1u6sGPs5Fnl2G96WPQ,mIGxHqXOVpo
youtube,UC-BUl1u6sGPs5Fnl2G96WPQ,Mq8K_kKf94A
youtube,UC-BUl1u6sGPs5Fnl2G96WPQ,ocq8DGej8SA
youtube,UC-BUl1u6sGPs5Fnl2G96WPQ,OENbgAhnVWM
youtube,UC-BUl1u6sGPs5Fnl2G96WPQ,qmEuMgohNYI
youtube,UC-BUl1u6sGPs5Fnl2G96WPQ,QvUImi2dU6Y
youtube,UC-BUl1u6sGPs5Fnl2G96WPQ,rxuYAZjzXwY
youtube,UC-BUl1u6sGPs5Fnl2G96WPQ,U89JXI3Gp9k
youtube,UC-BUl1u6sGPs5Fnl2G96WPQ,uRSOaTfN2BQ
youtube,UC-BUl1u6sGPs5Fnl2G96WPQ,VaHeq8T479c
youtube,UC-BUl1u6sGPs5Fnl2G96WPQ,VnPOaQb_ltc
youtube,UC-BUl1u6sGPs5Fnl2G96WPQ,vqkHksT29x4
youtube,UC-BUl1u6sGPs5Fnl2G96WPQ,wZT1ih430cw
youtube,UC-BUl1u6sGPs5Fnl2G96WPQ,YYoNdQgmY_c
youtube,UC-BUwPmI4V9t-AW36sLqM2Q,J4P31n_wczg
youtube,UC-bUwW7rqjpdLVkAOlXYGAg,WBq-8QChtdo
youtube,UC-bvACOwHKz_HT371DSxD-A,mS6MvoRhbBc
youtube,UC-bvACOwHKz_HT371DSxD-A,Q_1BqFWTfXU
youtube,UC-bvACOwHKz_HT371DSxD-A,SYoI774GkK8
youtube,UC-bvACOwHKz_HT371DSxD-A,VnhPsE4DLBw
youtube,UC-bVKPQUUgEydv2rqJjiEqA,DTvXoF-ZTMM
youtube,UC-bVKPQUUgEydv2rqJjiEqA,dz3AHPZ6LSY
youtube,UC-bVKPQUUgEydv2rqJjiEqA,XEnVcvg-HRw
youtube,UC-bvPPYSbLTapMndXNEM12Q,Ygow8V7ruC0
youtube,UC-BvqpCvZEUtEpliWleD93w,kP7m_aH_Dv0
youtube,UC-BVR0WcA6a4uq0_YJMtvLg,0uigcfHqYG0
youtube,UC-bvSnuDa9MpNRn7u9jwEAA,OLLguVRTtqY
youtube,UC-bVxR1Y4zB32ZUVw7zs6Kw,mfaComDoKLE
youtube,UC-Bw39g71Jtpjjd6cPOlaXw,Cp0WJP3TcS8
youtube,UC-Bw39g71Jtpjjd6cPOlaXw,s5JwuDhEKDk
youtube,UC-bWbuhgcHMbr8PdknujcmA,0K3OgMrUqv8
youtube,UC-bWbuhgcHMbr8PdknujcmA,9xiM-TVUSDw
youtube,UC-bWbuhgcHMbr8PdknujcmA,hcZg-IjH-TA
youtube,UC-BwdHjBrIpQ5QK63RC-WBQ,5aW3FGKr4g4
youtube,UC-BwdHjBrIpQ5QK63RC-WBQ,hYO5u2ERpGY
youtube,UC-BWi2so6fJlTbV8cNAmoVg,5xncs-QC-Bg
youtube,UC-BwKJRaqyIqwCHkDWi7mTg,hRuJlmERsN8
youtube,UC-BWpJUVO2WSRMJbKnz3HvQ,1FA6C0_Gads
youtube,UC-BWpJUVO2WSRMJbKnz3HvQ,1LTuWQD5m-4
youtube,UC-BWpJUVO2WSRMJbKnz3HvQ,isq1A08tvJQ
youtube,UC-BWpJUVO2WSRMJbKnz3HvQ,jjXyxqXBZvE
youtube,UC-BWpJUVO2WSRMJbKnz3HvQ,Kj8vK9JGp_M
youtube,UC-BWpJUVO2WSRMJbKnz3HvQ,sjHOuJkSVlU
youtube,UC-BWpJUVO2WSRMJbKnz3HvQ,yEPo2vkvpOo
youtube,UC-bx0RhMy8LBUa0D86arbOg,wT0hG1f79Q4
youtube,UC-BX4nbXYt-eGljI5iGYrIA,GCVNBUeFKJM
youtube,UC-BX4nbXYt-eGljI5iGYrIA,gVn-ne6saq4
youtube,UC-BX4nbXYt-eGljI5iGYrIA,HlccZwUBBVU
youtube,UC-BX4nbXYt-eGljI5iGYrIA,jaF5kGzHt2I
youtube,UC-BX4nbXYt-eGljI5iGYrIA,zD-RCOVll7o
youtube,UC-bx6Vk8aA05Ewg_9lwbq0Q,0lVCcJrGKX0
youtube,UC-bx6Vk8aA05Ewg_9lwbq0Q,9Eg8VjTO4ko
youtube,UC-bXcvrW9aa8EESHoowsNNg,2evuYOhfiXA
youtube,UC-bXcvrW9aa8EESHoowsNNg,40z4cKxImnk
youtube,UC-bXcvrW9aa8EESHoowsNNg,LZx2GCEeS5c
youtube,UC-BxJUfyXhnC6l6sq_tb-sQ,BTFA4CgM40Y
youtube,UC-BxJUfyXhnC6l6sq_tb-sQ,c6apUb06L50
youtube,UC-BxJUfyXhnC6l6sq_tb-sQ,cHYLL1W3RZw
youtube,UC-bXMdkwuFC8IqnKt_yi5Mg,9rbxtbNgBz4
youtube,UC-bXMdkwuFC8IqnKt_yi5Mg,bTMogXZRVsQ
youtube,UC-bXMdkwuFC8IqnKt_yi5Mg,CfYTKW6FPsM
youtube,UC-BXMGjYATCDaQkID553hzQ,3Pxq1ftizV8
youtube,UC-BXMGjYATCDaQkID553hzQ,6NI8YjHit8Y
youtube,UC-BXMGjYATCDaQkID553hzQ,e36vceMyjGI
youtube,UC-BXMGjYATCDaQkID553hzQ,HMmu5CjslQk
youtube,UC-BXMGjYATCDaQkID553hzQ,JMzBzeRzOoo
youtube,UC-BXMGjYATCDaQkID553hzQ,mg6sanuPR_Q
youtube,UC-BXMGjYATCDaQkID553hzQ,sdJ1n_Uk8mI
youtube,UC-BXMGjYATCDaQkID553hzQ,WYmNElaQQcA
youtube,UC-bxNUBR5crWSg2And65N9w,-R1E9TdUCYQ
youtube,UC-bxNUBR5crWSg2And65N9w,MlhArCQvL5o
youtube,UC-bXO0FtTI5DGLSO1E_4RgA,JUOfrlYgSrQ
youtube,UC-bxW4wPTTNZt0zSG2QIYkA,3aIT34DmF3Y
youtube,UC-bxW4wPTTNZt0zSG2QIYkA,3i4xoUmwuRY
youtube,UC-bxW4wPTTNZt0zSG2QIYkA,AtC8mPHQHT4
youtube,UC-bxW4wPTTNZt0zSG2QIYkA,CbD38jetjt0
youtube,UC-bxW4wPTTNZt0zSG2QIYkA,eNO_ZqT4dDk
youtube,UC-bxW4wPTTNZt0zSG2QIYkA,k7D5erBB-LE
youtube,UC-bxW4wPTTNZt0zSG2QIYkA,LINYkRDPPoM
youtube,UC-bxW4wPTTNZt0zSG2QIYkA,n8K4pZO8Pq0
youtube,UC-bxW4wPTTNZt0zSG2QIYkA,yz2soGmycqg
youtube,UC-bXwCpE7kLoOQcEJHRwJ2w,_xQrvZcCE5U
youtube,UC-bXwCpE7kLoOQcEJHRwJ2w,ioC0-x12BfQ
youtube,UC-bXwCpE7kLoOQcEJHRwJ2w,mLrUC7yWrVM
youtube,UC-bXwCpE7kLoOQcEJHRwJ2w,Qq74cZ3CfcA
youtube,UC-bXwCpE7kLoOQcEJHRwJ2w,WLHdTM2ALJo
youtube,UC-bxxQnMfqUGXnZlsiaabSA,cQSo4i63fnA
youtube,UC-bxxQnMfqUGXnZlsiaabSA,IJ07PabwKXw
youtube,UC-bxxQnMfqUGXnZlsiaabSA,VKxHFso9TuM
youtube,UC-BxYAHEB_zZXwUero9lTow,d_Ileg0ikVk
youtube,UC-bY0acXz2PsGN-5R8XGdxQ,ZGbwUyWiI1w
youtube,UC-BybbWgkAqqeSF1PJrA0BQ,cHYLL1W3RZw
youtube,UC-BybbWgkAqqeSF1PJrA0BQ,EFIyWGm5FN0
youtube,UC-BybbWgkAqqeSF1PJrA0BQ,jaCGUwD9CGg
youtube,UC-BybbWgkAqqeSF1PJrA0BQ,NhbINNjEYzg
youtube,UC-BybbWgkAqqeSF1PJrA0BQ,SWn0lN1n5M0
youtube,UC-BybbWgkAqqeSF1PJrA0BQ,vaqMdKd8P78
youtube,UC-BybbWgkAqqeSF1PJrA0BQ,vH9z1sp2W4E
youtube,UC-BybbWgkAqqeSF1PJrA0BQ,vqQapveUxa0
youtube,UC-BybbWgkAqqeSF1PJrA0BQ,zARgkIIpx5s
youtube,UC-BybbWgkAqqeSF1PJrA0BQ,zKd4FNfUQvY
youtube,UC-BybbWgkAqqeSF1PJrA0BQ,zOjc8foVTF0
youtube,UC-BYHPazzOcZ_CTfdXeSEyg,aq9OXGxxwo4
youtube,UC-BYHPazzOcZ_CTfdXeSEyg,bbCVLlxqNmU
youtube,UC-BYHPazzOcZ_CTfdXeSEyg,BTFA4CgM40Y
youtube,UC-BYHPazzOcZ_CTfdXeSEyg,Cp0WJP3TcS8
youtube,UC-bYJUX1DX0ODPHM7O-8jeQ,LfT70mK1MrA
youtube,UC-ByNKmMTYDR86ghk0af1fA,5dZSZnbOKWE
youtube,UC-ByNKmMTYDR86ghk0af1fA,ecJW5Tqn_Rs
youtube,UC-ByNKmMTYDR86ghk0af1fA,HUTNFqXoByU
youtube,UC-ByNKmMTYDR86ghk0af1fA,hVb7-TNg1jE
youtube,UC-ByNKmMTYDR86ghk0af1fA,lASWXQ5x3vc
youtube,UC-ByNKmMTYDR86ghk0af1fA,luRhvZgAZk4
youtube,UC-ByNKmMTYDR86ghk0af1fA,NFFF03TmnKc
youtube,UC-ByNKmMTYDR86ghk0af1fA,tALxqiutfy8
youtube,UC-ByNKmMTYDR86ghk0af1fA,XjVihTIl0f8
youtube,UC-BYTNaJqxjE8bMwVd3Z6xA,pddHB6tFgnA
youtube,UC-ByxzUHVoTyCA79F16vNag,CobaU-vV3gQ
youtube,UC-bYyVKKL5FV5ffDwOjmDiQ,0uigcfHqYG0
youtube,UC-bYyVKKL5FV5ffDwOjmDiQ,3jH32gQBj0k
youtube,UC-bYyVKKL5FV5ffDwOjmDiQ,p-TBUW0cClw
youtube,UC-Bz1nOn1K5mlHIogPTlv2w,5GDlBby2pBA
youtube,UC-Bz1nOn1K5mlHIogPTlv2w,JYJtdwNVPPs
youtube,UC-BzBKV8Akw9mDOD6iRftOQ,JlfUZExQ6AU
youtube,UC-bZhB0CmPIHOWANdlLAXog,J4P31n_wczg
youtube,UC-bZigmlOrJik17vCcoeCBg,1473HZjq-xE
youtube,UC-bZmsYqsWtKGm_NoAx7NVQ,3g9cMjUhxHo
youtube,UC-BzOxdgRc3aQYRT7fOqfpQ,8F7gy8GMuO4
youtube,UC-bzQlM7aBqm9iCKPGHbVVg,AgtwfHNEqhs
youtube,UC-BZYVQikr14yAj0zrOIFBQ,oaaT9NPBoHQ
youtube,UC-BZYVQikr14yAj0zrOIFBQ,yl1w_zYw7wM
youtube,UC-c-fOIBAu1QQvuKwer4r6A,kCEUC1EEjbQ
youtube,UC-c-fOIBAu1QQvuKwer4r6A,s54N7CwjW9c
youtube,UC-c-fOqkYX6aOxVIkXRMW5w,cSDt7gZVorg
youtube,UC-C-j60-vOKGA3Haz-xuD1g,AgtwfHNEqhs
youtube,UC-C-px2_ftMOHr8c372e6pw,yrmuEWbawng
youtube,UC-c-Vs5NdHuHAMkvYp2s2rQ,9xiM-TVUSDw
youtube,UC-c-Vs5NdHuHAMkvYp2s2rQ,_g8LslMW4w0
youtube,UC-c-Vs5NdHuHAMkvYp2s2rQ,DOnSdswLjQA
youtube,UC-c-Vs5NdHuHAMkvYp2s2rQ,Iwasi7S0zwk
youtube,UC-c-Vs5NdHuHAMkvYp2s2rQ,jaCGUwD9CGg
youtube,UC-c-Vs5NdHuHAMkvYp2s2rQ,k3Vv2Cg_lYI
youtube,UC-c-Vs5NdHuHAMkvYp2s2rQ,KmSgm-RaRwM
youtube,UC-c-Vs5NdHuHAMkvYp2s2rQ,YW5ZrOsu5mY
youtube,UC-C0bNqyfHxnAAZMfSyqnaA,qBhiDZUuGzo
youtube,UC-C0oyY3HEJg9v_qTv4xYZg,4viQT0MN6Ko
youtube,UC-C0oyY3HEJg9v_qTv4xYZg,_Fi9woCYiAU
youtube,UC-c0peXVFhM9qtRoTWa5oqA,fTZGvhnJYKU
youtube,UC-c0tt7qM3hS7Q62ZjDK7Ww,Ieprs3mtHHc
youtube,UC-C11LENsu6isXF2cFXXgTA,BOW2VUn-grE
youtube,UC-C11LENsu6isXF2cFXXgTA,U1qp00kdMQE
youtube,UC-c12TBnTSLZzFnBdxCcqqA,B7zW6CGxjyE
youtube,UC-c12TBnTSLZzFnBdxCcqqA,QX1nVDTcUcg
youtube,UC-C166vbSojxaoxyezSKFdg,_w8AqBj2rfA
youtube,UC-C166vbSojxaoxyezSKFdg,l8aXzJGQlgA
youtube,UC-C166vbSojxaoxyezSKFdg,YPKEroO6UnE
youtube,UC-c1lFwnuitZvj84C1204-g,5GDlBby2pBA
youtube,UC-C1PoLEFnykZl3Du2IloCg,RC-BskFArZQ
youtube,UC-C1pTIclG9yDvjhfuNGsPg,rp53CT69nDM
youtube,UC-C20G7NylT0wLldV-89pnw,1wPNs31IS2M
youtube,UC-C20G7NylT0wLldV-89pnw,3Hq_5OqrSCM
youtube,UC-C20G7NylT0wLldV-89pnw,3tTXJ2wszT8
youtube,UC-C20G7NylT0wLldV-89pnw,4PsFxYAPPKk
youtube,UC-C20G7NylT0wLldV-89pnw,57yM64DnKfA
youtube,UC-C20G7NylT0wLldV-89pnw,5AT6WNuBLFo
youtube,UC-C20G7NylT0wLldV-89pnw,9AO9wNuQy8w
youtube,UC-C20G7NylT0wLldV-89pnw,_aub8XTKkB0
youtube,UC-C20G7NylT0wLldV-89pnw,a3WbieYeqoA
youtube,UC-C20G7NylT0wLldV-89pnw,a5jH_-yMb8Q
youtube,UC-C20G7NylT0wLldV-89pnw,Ag5RkEUDkW8
youtube,UC-C20G7NylT0wLldV-89pnw,B6ZIILWETos
youtube,UC-C20G7NylT0wLldV-89pnw,B_RE0DKdgrs
youtube,UC-C20G7NylT0wLldV-89pnw,C2om1ffe3NQ
youtube,UC-C20G7NylT0wLldV-89pnw,CHKAY663jww
youtube,UC-C20G7NylT0wLldV-89pnw,cy3xPbsaaHw
youtube,UC-C20G7NylT0wLldV-89pnw,de4tDKbl51U
youtube,UC-C20G7NylT0wLldV-89pnw,DiCqVTt4H5g
youtube,UC-C20G7NylT0wLldV-89pnw,e_J-QDiJ8wQ
youtube,UC-C20G7NylT0wLldV-89pnw,eRig2mRjoAM
youtube,UC-C20G7NylT0wLldV-89pnw,F2JFbjRxEH0
youtube,UC-C20G7NylT0wLldV-89pnw,FhVP4x42qro
youtube,UC-C20G7NylT0wLldV-89pnw,GI-QrXrgAjg
youtube,UC-C20G7NylT0wLldV-89pnw,GORnaW_W4PU
youtube,UC-C20G7NylT0wLldV-89pnw,HGDzUvw_bjQ
youtube,UC-C20G7NylT0wLldV-89pnw,HjL_sfung3g
youtube,UC-C20G7NylT0wLldV-89pnw,hK2rnVHZ6r8
youtube,UC-C20G7NylT0wLldV-89pnw,IIuU8qsLCPQ
youtube,UC-C20G7NylT0wLldV-89pnw,iNKfOErKXa4
youtube,UC-C20G7NylT0wLldV-89pnw,j_kygqVfOYY
youtube,UC-C20G7NylT0wLldV-89pnw,joGj3P3q_gM
youtube,UC-C20G7NylT0wLldV-89pnw,Jsypt0hOv5E
youtube,UC-C20G7NylT0wLldV-89pnw,JuYnKYfbGdQ
youtube,UC-C20G7NylT0wLldV-89pnw,K8t-qJM0DSY
youtube,UC-C20G7NylT0wLldV-89pnw,L3A0TCt-1p4
youtube,UC-C20G7NylT0wLldV-89pnw,l8aXzJGQlgA
youtube,UC-C20G7NylT0wLldV-89pnw,lKZsV_EMKng
youtube,UC-C20G7NylT0wLldV-89pnw,lr0YyT-bVxw
youtube,UC-C20G7NylT0wLldV-89pnw,LXqrxI89-Ls
youtube,UC-C20G7NylT0wLldV-89pnw,mPG_uqnMOAU
youtube,UC-C20G7NylT0wLldV-89pnw,mS6MvoRhbBc
youtube,UC-C20G7NylT0wLldV-89pnw,mUWUbnDHnDU
youtube,UC-C20G7NylT0wLldV-89pnw,NAaZkQcsZMk
youtube,UC-C20G7NylT0wLldV-89pnw,nJK-Q6gdfSU
youtube,UC-C20G7NylT0wLldV-89pnw,OLvMDy4h89Q
youtube,UC-C20G7NylT0wLldV-89pnw,pscENe3tEv0
youtube,UC-C20G7NylT0wLldV-89pnw,Pu8i_VoMgss
youtube,UC-C20G7NylT0wLldV-89pnw,PUH_m2gB56A
youtube,UC-C20G7NylT0wLldV-89pnw,pZS1qafk_Nc
youtube,UC-C20G7NylT0wLldV-89pnw,QEYuf8tyDvU
youtube,UC-C20G7NylT0wLldV-89pnw,qPs42X0JWAY
youtube,UC-C20G7NylT0wLldV-89pnw,R2jiRm9skXA
youtube,UC-C20G7NylT0wLldV-89pnw,R2t31fhT6cs
youtube,UC-C20G7NylT0wLldV-89pnw,rcRyLWvvsg0
youtube,UC-C20G7NylT0wLldV-89pnw,RSCCA9x5TXg
youtube,UC-C20G7NylT0wLldV-89pnw,Rt655LBiqdg
youtube,UC-C20G7NylT0wLldV-89pnw,rtwGjG8a5os
youtube,UC-C20G7NylT0wLldV-89pnw,s54N7CwjW9c
youtube,UC-C20G7NylT0wLldV-89pnw,sP3BC45cggE
youtube,UC-C20G7NylT0wLldV-89pnw,SpzWZFG2X8E
youtube,UC-C20G7NylT0wLldV-89pnw,ssX9onEbbT0
youtube,UC-C20G7NylT0wLldV-89pnw,t8457oMQkso
youtube,UC-C20G7NylT0wLldV-89pnw,t8v1GidXLvg
youtube,UC-C20G7NylT0wLldV-89pnw,TO2o01Gj9pA
youtube,UC-C20G7NylT0wLldV-89pnw,WgxAVUbyqek
youtube,UC-C20G7NylT0wLldV-89pnw,XY2rpOyyGy4
youtube,UC-C20G7NylT0wLldV-89pnw,Yj_J7x-4P4k
youtube,UC-C20G7NylT0wLldV-89pnw,YYoNdQgmY_c
youtube,UC-C20G7NylT0wLldV-89pnw,Z-L1KJTbzQA
youtube,UC-C20G7NylT0wLldV-89pnw,Z_WD2GOn3rI
youtube,UC-C20G7NylT0wLldV-89pnw,zKVkixLh9fk
youtube,UC-c26Uw7NI1ylkAT0MyhxRA,ghp98qjhK-0
youtube,UC-c2xE-vyRitoylYYdfg_bw,09LSf6gh1YM
youtube,UC-c2xE-vyRitoylYYdfg_bw,51N7VjcuM3M
youtube,UC-c2xE-vyRitoylYYdfg_bw,bEVFdPXD_V8
youtube,UC-c2xE-vyRitoylYYdfg_bw,DJc4MpMkdnI
youtube,UC-c3D4YHqcuvu6oT2-vZjGQ,baRdC9kr1rk
youtube,UC-C3m4p3LEkSQcMwTCaZJUg,D0Juysa-2Co
youtube,UC-C4fI1U_AR1glOm2Sbu18g,dz3AHPZ6LSY
youtube,UC-c51XSsQhlSy2VoUFoTrPQ,oMFn_Wat78U
youtube,UC-c51XSsQhlSy2VoUFoTrPQ,p-TBUW0cClw
youtube,UC-C53oUS8yZx6x7yb-Fvy7Q,5k53ya60RWk
youtube,UC-C53oUS8yZx6x7yb-Fvy7Q,_xqD4duaUwI
youtube,UC-C53oUS8yZx6x7yb-Fvy7Q,cu-81boDJ3E
youtube,UC-C53oUS8yZx6x7yb-Fvy7Q,EOhiALOGk8c
youtube,UC-C53oUS8yZx6x7yb-Fvy7Q,GurYhZNduBE
youtube,UC-C53oUS8yZx6x7yb-Fvy7Q,L-gTm0qWC68
youtube,UC-C53oUS8yZx6x7yb-Fvy7Q,n82YZqfA4Q0
youtube,UC-C53oUS8yZx6x7yb-Fvy7Q,XY2rpOyyGy4
youtube,UC-c5BydRIXWTUDh7oCBSCKg,GYRgFt9UMiw
youtube,UC-c5esKzX4eYGjnXGFDgfJQ,9xiM-TVUSDw
youtube,UC-c5esKzX4eYGjnXGFDgfJQ,YW5ZrOsu5mY
youtube,UC-c5i8WKeHDkEvu1_DpZwNw,0JQ9M3UbFxU
youtube,UC-c5i8WKeHDkEvu1_DpZwNw,A1jgTsG-Wdk
youtube,UC-c5i8WKeHDkEvu1_DpZwNw,hcZg-IjH-TA
youtube,UC-c5i8WKeHDkEvu1_DpZwNw,kDYtqZm1ZPw
youtube,UC-c5i8WKeHDkEvu1_DpZwNw,QGY3OrgxHRk
youtube,UC-c5i8WKeHDkEvu1_DpZwNw,qmEuMgohNYI
youtube,UC-c5i8WKeHDkEvu1_DpZwNw,QvUImi2dU6Y
youtube,UC-c5i8WKeHDkEvu1_DpZwNw,tV7ca_WEloM
youtube,UC-c5L5Ceb9-bd5qQIYwq3OA,Y5saulpCmis
youtube,UC-c5MQySmNIaLz7dWXpQSOg,V0K1JN7edIw
youtube,UC-c5xbD3CpM0Zkmsp4CMJwg,19bLBNqvo-k
youtube,UC-c5xbD3CpM0Zkmsp4CMJwg,Iwasi7S0zwk
youtube,UC-c5xbD3CpM0Zkmsp4CMJwg,r3sLmMb8XNQ
youtube,UC-c5xbD3CpM0Zkmsp4CMJwg,tzHEuiA141Y
youtube,UC-c5xbD3CpM0Zkmsp4CMJwg,xgwScPx9nys
youtube,UC-c5xbD3CpM0Zkmsp4CMJwg,yt_AJ2YUDw4
youtube,UC-C5yMeGxd78-KT9JwiiBQg,1473HZjq-xE
youtube,UC-C5yMeGxd78-KT9JwiiBQg,GYRgFt9UMiw
youtube,UC-C5yMeGxd78-KT9JwiiBQg,kkW7WwrPAKw
youtube,UC-c5ZJmxpYWkE4OJ8eHh8Rw,0nZmLMa1hDo
youtube,UC-c5ZJmxpYWkE4OJ8eHh8Rw,6ZXXGuKWZdA
youtube,UC-c5ZJmxpYWkE4OJ8eHh8Rw,hyUEZTA-YJQ
youtube,UC-c5ZJmxpYWkE4OJ8eHh8Rw,Y33XWO8Jsps
youtube,UC-C62h-zJ5km9uGG2dchlqQ,33SHuyfLDbU
youtube,UC-C62h-zJ5km9uGG2dchlqQ,3rwUTbTX46U
youtube,UC-C62h-zJ5km9uGG2dchlqQ,9Lr8KzASZoY
youtube,UC-C62h-zJ5km9uGG2dchlqQ,Ac9WmvvHGtI
youtube,UC-C62h-zJ5km9uGG2dchlqQ,e39V2Osx6wk
youtube,UC-C62h-zJ5km9uGG2dchlqQ,fDU8K1ZmLh0
youtube,UC-C62h-zJ5km9uGG2dchlqQ,kSNWSVGlBUE
youtube,UC-C62h-zJ5km9uGG2dchlqQ,np8Kl-uy4uo
youtube,UC-C62h-zJ5km9uGG2dchlqQ,uwP704n1VXk
youtube,UC-c63i5mW7OYGBZ3bO4bODw,vZC9OKh1nag
youtube,UC-C6KlO9ESmh8-9twAOP7og,OQs3YEq7y0I
youtube,UC-C6KlO9ESmh8-9twAOP7og,VgIveyvc9_E
youtube,UC-C6KlO9ESmh8-9twAOP7og,ZJjrCGIwN9s
youtube,UC-c6XAvf-BW3J9Fkylw-6Xw,LjxXnldlfwQ
youtube,UC-C7-0N13WZQO381zdZNtug,-RgCMNYIQWI
youtube,UC-C7-0N13WZQO381zdZNtug,-xLBlaz9hms
youtube,UC-C7-0N13WZQO381zdZNtug,1CSrM41rUfg
youtube,UC-C7-0N13WZQO381zdZNtug,8gCcpgmyeDQ
youtube,UC-C7-0N13WZQO381zdZNtug,8jES8jAxcKk
youtube,UC-C7-0N13WZQO381zdZNtug,Br2vp4Yp5HY
youtube,UC-C7-0N13WZQO381zdZNtug,bTMogXZRVsQ
youtube,UC-C7-0N13WZQO381zdZNtug,bzrfHUpA2PI
youtube,UC-C7-0N13WZQO381zdZNtug,dKmH3TyZ9GM
youtube,UC-C7-0N13WZQO381zdZNtug,fXXa1KYJsfc
youtube,UC-C7-0N13WZQO381zdZNtug,gacvv7h4RNg
youtube,UC-C7-0N13WZQO381zdZNtug,JMxPlX7fKqU
youtube,UC-C7-0N13WZQO381zdZNtug,lENKo5zWl8s
youtube,UC-C7-0N13WZQO381zdZNtug,MP_x2i-JGFc
youtube,UC-C7-0N13WZQO381zdZNtug,mR-DhN8ylBA
youtube,UC-C7-0N13WZQO381zdZNtug,n_pjwYEv6PA
youtube,UC-C7-0N13WZQO381zdZNtug,peVovTHPVFI
youtube,UC-C7-0N13WZQO381zdZNtug,PWTg0GXQIRk
youtube,UC-C7-0N13WZQO381zdZNtug,qjqGZipGe0A
youtube,UC-C7-0N13WZQO381zdZNtug,r8apmQw9sKg
youtube,UC-C7-0N13WZQO381zdZNtug,rcRyLWvvsg0
youtube,UC-C7-0N13WZQO381zdZNtug,TgDSlPv9jeE
youtube,UC-C7-0N13WZQO381zdZNtug,TskGnMnKfYc
youtube,UC-C7-0N13WZQO381zdZNtug,uGq5ZnwIKeo
youtube,UC-C7-0N13WZQO381zdZNtug,yhwHLAR2PdM
youtube,UC-c7FInsHAkR2hwBZMiNdHA,bTMogXZRVsQ
youtube,UC-C7kyjGKf6XnbbJKKMaQXg,2NtBRdkF9dQ
youtube,UC-C7kyjGKf6XnbbJKKMaQXg,J48GOpxXY9w
youtube,UC-C7kyjGKf6XnbbJKKMaQXg,pz29k_8VoEM
youtube,UC-C7kyjGKf6XnbbJKKMaQXg,s6aAZdo_Cyc
youtube,UC-C7kyjGKf6XnbbJKKMaQXg,UPfI-l9TdO0
youtube,UC-C7kyjGKf6XnbbJKKMaQXg,VhVBCFqGfM0
youtube,UC-C7kyjGKf6XnbbJKKMaQXg,xgi7GqtEZFQ
youtube,UC-C7kyjGKf6XnbbJKKMaQXg,XsPIqNYfLBQ
youtube,UC-C8f0dpadaPlI_cuDXZxVw,r8apmQw9sKg
youtube,UC-c8FFoKPgCoCcWrvfhEgWw,cyF3kAxKdrQ
youtube,UC-c8FFoKPgCoCcWrvfhEgWw,tnp0zaQGmJw
youtube,UC-C8G-3QHgdPo7Y8dGP_K7g,2IuDzzoeh4Q
youtube,UC-c8ItvWJQhVX2D-8WYbuIA,hcZg-IjH-TA
youtube,UC-C9AD2BxMpoW67Nzngv5pQ,RS23sWwL0g4
youtube,UC-C9kxqG_gP0KgbYq9zFEfQ,g6hajRRtBX0
youtube,UC-C9RF6HBDgDnps8FGL7dKQ,BTX8yVisKMM
youtube,UC-C9RF6HBDgDnps8FGL7dKQ,kwMEgIwcA8k
youtube,UC-C_2eDZlprfbt2oPWCnwqg,wiMm6sn0tjY
youtube,UC-c_6vtep_9HJhSmr2VCwSw,DDHozKJOSaA
youtube,UC-c_gF1L3QsrXOaio-cTlsQ,5c8c5ZnsdxE
youtube,UC-c_gF1L3QsrXOaio-cTlsQ,6NMxN_YqXlc
youtube,UC-c_gF1L3QsrXOaio-cTlsQ,7GY3lHNTQeY
youtube,UC-c_gF1L3QsrXOaio-cTlsQ,BQXDI9D-cOM
youtube,UC-c_gF1L3QsrXOaio-cTlsQ,dpHuq7PmXb8
youtube,UC-c_gF1L3QsrXOaio-cTlsQ,JD9xoMzf4P4
youtube,UC-c_gF1L3QsrXOaio-cTlsQ,LTnu4G_Ik6w
youtube,UC-c_gF1L3QsrXOaio-cTlsQ,n5uQwKDQefM
youtube,UC-c_gF1L3QsrXOaio-cTlsQ,OGlolWfKuFk
youtube,UC-c_gF1L3QsrXOaio-cTlsQ,oOPZ2M69v5M
youtube,UC-c_gF1L3QsrXOaio-cTlsQ,pVxb0EW7eq0
youtube,UC-c_gF1L3QsrXOaio-cTlsQ,qmEuMgohNYI
youtube,UC-c_gF1L3QsrXOaio-cTlsQ,tCZSEJX5Dfg
youtube,UC-c_gF1L3QsrXOaio-cTlsQ,TsaPCDXUABY
youtube,UC-c_gF1L3QsrXOaio-cTlsQ,txmg7AXznJc
youtube,UC-C_qmMXPO-6WT1D7X7qBig,JcfnGYGjt_s
youtube,UC-c_r9KYgElRSL4t7oASZiA,tzHEuiA141Y
youtube,UC-c_Rc-vsCGo-C_blaaeNOA,c4N0lR_nrRQ
youtube,UC-C_ZknCTdPHuAzqRiY0GJA,lKZsV_EMKng
youtube,UC-C_zP0Aefl_OtYAx0_j0yg,11Pq977xWNU
youtube,UC-C_zP0Aefl_OtYAx0_j0yg,_t3yhbvmg4U
youtube,UC-C_zP0Aefl_OtYAx0_j0yg,KpWSLMJvFEo
youtube,UC-C_zP0Aefl_OtYAx0_j0yg,n1lNqpuWo50
youtube,UC-C_zP0Aefl_OtYAx0_j0yg,qd8xgxXFtfM
youtube,UC-C_zP0Aefl_OtYAx0_j0yg,QYZoFCS9zZo
youtube,UC-C_zP0Aefl_OtYAx0_j0yg,Xq31xO-6VWI
youtube,UC-Ca54i2Ub1286T1WJgnVmw,7u-D0gfzxCQ
youtube,UC-Ca60kotG1TNWLH4H6Nohg,Ap71ldh3hck
youtube,UC-Ca60kotG1TNWLH4H6Nohg,GSVT7Bmvn3Y
youtube,UC-caifz-i2f5vep2EQNgIIQ,G0DC3_sQC5I
youtube,UC-CajD-m7uhu6Spj26bH1ZA,Ib9fc9VFbR0
youtube,UC-CajD-m7uhu6Spj26bH1ZA,k3Vv2Cg_lYI
youtube,UC-CajD-m7uhu6Spj26bH1ZA,KukmLScsE3g
youtube,UC-CajD-m7uhu6Spj26bH1ZA,r8iy-rvdqRQ
youtube,UC-CajD-m7uhu6Spj26bH1ZA,VgAeiQ8FDuY
youtube,UC-CajD-m7uhu6Spj26bH1ZA,xj02S2waGOw
youtube,UC-CajhAoI3LNqFKM9E46Y-A,mRbe979JFVo
youtube,UC-CajhAoI3LNqFKM9E46Y-A,nw6RivBy8vE
youtube,UC-CajhAoI3LNqFKM9E46Y-A,OXWA9H_9CYI
youtube,UC-CajhAoI3LNqFKM9E46Y-A,PgzmtmZH_bA
youtube,UC-CajhAoI3LNqFKM9E46Y-A,PuyNC3jAQ2M
youtube,UC-CajhAoI3LNqFKM9E46Y-A,Q0AjT6aiyNs
youtube,UC-CajhAoI3LNqFKM9E46Y-A,zARgkIIpx5s
youtube,UC-CajhAoI3LNqFKM9E46Y-A,ZmvuKabp1sA
youtube,UC-caulpFFysKHhEwVhBL2DA,c4N0lR_nrRQ
youtube,UC-CaypFIPi4YQP6O0dmW_vw,52zTpCfdbg0
youtube,UC-CaypFIPi4YQP6O0dmW_vw,j6EcqS3Np54
youtube,UC-CaypFIPi4YQP6O0dmW_vw,jjGlMQeo3b4
youtube,UC-CaypFIPi4YQP6O0dmW_vw,kbHfYpw1kKg
youtube,UC-CaypFIPi4YQP6O0dmW_vw,TBtWLH1k8FM
youtube,UC-CaypFIPi4YQP6O0dmW_vw,TPwPQpSQVpY
youtube,UC-cb-ocjaDT9pfTdj7fCsBg,oY3jQoGvXs0
youtube,UC-cb-ocjaDT9pfTdj7fCsBg,s7sdylAzTGI
youtube,UC-cbcksZEGT46jTC0vQpdeg,oUDijhGKLY0
youtube,UC-cbnRyLfU09BliCYlG2KfA,5ZPY0stoKUk
youtube,UC-Cc4KPUauIJYw3kLeiBD3g,9rbxtbNgBz4
youtube,UC-CCCg3L7ncqlHCQaMZ33vg,MhMvc6UciPQ
youtube,UC-CcEFBjP7FPFAQi78D3o2w,zYhv5xBeDkE
youtube,UC-CCJ8xbmQaxtBgnaPmFQjw,SNwqumPDxes
youtube,UC-CCOksyn3rGAJihJSKehOg,pYfauEW8fJY
youtube,UC-cCuEmcYDY50YmDlPazrQg,9jFZiMZM2NA
youtube,UC-cCuEmcYDY50YmDlPazrQg,Fpsso1Ufgkk
youtube,UC-cCuEmcYDY50YmDlPazrQg,iqa90w-y81s
youtube,UC-cCuEmcYDY50YmDlPazrQg,pddHB6tFgnA
youtube,UC-cCuEmcYDY50YmDlPazrQg,RIircCJDAh4
youtube,UC-ccw1wQhOOOibZHnWID-tQ,2E2BEzW006s
youtube,UC-CD9poFGGUWeWDre9PLvag,9jFZiMZM2NA
youtube,UC-CD_zEkl5m5KVeeDUBsr1A,xe6haOawEjo
youtube,UC-cDAZBsNVt0yGwVAR6xb_w,n2xQ112p4Kg
youtube,UC-cDAZBsNVt0yGwVAR6xb_w,VjAYruLVL7A
youtube,UC-cdgG4ZCvtutPTlbpLClvg,lxK8RdIvQ3M
youtube,UC-cdgG4ZCvtutPTlbpLClvg,QoAWZGEnxEg
youtube,UC-cdNtYJ1NaZLJRW9MDeqkg,af6VGeSFWyA
youtube,UC-cdNtYJ1NaZLJRW9MDeqkg,Ds8rB8vLMBU
youtube,UC-cdNtYJ1NaZLJRW9MDeqkg,GYRgFt9UMiw
youtube,UC-cdNtYJ1NaZLJRW9MDeqkg,Ib9fc9VFbR0
youtube,UC-CDtQFSOeb9Ab0YyYLNBfA,_rzTeVdpmQk
youtube,UC-CDtQFSOeb9Ab0YyYLNBfA,CjrbEqzuPGw
youtube,UC-CDtQFSOeb9Ab0YyYLNBfA,np8Kl-uy4uo
youtube,UC-CdY9t7E9oYzq2IP8J3dWA,Iwasi7S0zwk
youtube,UC-CEHjXE-QFe--icY14CFYQ,2E2BEzW006s
youtube,UC-CEHjXE-QFe--icY14CFYQ,bEVFdPXD_V8
youtube,UC-CEHjXE-QFe--icY14CFYQ,nPTcmB4Pgo8
youtube,UC-CEHjXE-QFe--icY14CFYQ,t8457oMQkso
youtube,UC-Cep__6Mci5vCa1O4TXeAA,CX23FuFiL78
youtube,UC-Cep__6Mci5vCa1O4TXeAA,dG6VdIjIwfE
youtube,UC-cEVYOGOvd6SfZpfj6suAw,RK9lUIyfPBQ
youtube,UC-CeX-5WdGhitV3ko0rb41A,AgtwfHNEqhs
youtube,UC-CeX-5WdGhitV3ko0rb41A,oSPf7JhVoi8
youtube,UC-CeX-5WdGhitV3ko0rb41A,VnkUnvqwhQs
youtube,UC-CeX-5WdGhitV3ko0rb41A,WknWGBBoX5I
youtube,UC-cezr9wlw3DKQ8SgrlBTVw,FnNn942jSuc
youtube,UC-cezr9wlw3DKQ8SgrlBTVw,o9_ICIKKE4U
youtube,UC-cezr9wlw3DKQ8SgrlBTVw,oIw6FWDQ18Y
youtube,UC-cezr9wlw3DKQ8SgrlBTVw,WAYoH4ONZyg
youtube,UC-cezr9wlw3DKQ8SgrlBTVw,yOX4ciBsUV8
youtube,UC-CEZwsPkEBWRWS-_iSM_Kg,tzHEuiA141Y
youtube,UC-cfC0BI00NezmUdaViBWTQ,G5rrTUadTD0
youtube,UC-cfcBPfvDHkHmOXQA5yl0w,n2xQ112p4Kg
youtube,UC-CFdMnyqZVpMo4MdkSMKfQ,5l0S351Cxe8
youtube,UC-CFdMnyqZVpMo4MdkSMKfQ,hEJx7HoLaDU
youtube,UC-CfgJb9TotcRB5T9HpNnxA,G_bQQ5KiIyA
youtube,UC-CfgJb9TotcRB5T9HpNnxA,HAHy0ZLoHFs
youtube,UC-CfgJb9TotcRB5T9HpNnxA,W53ICxeLT0I
youtube,UC-CFh2l2tQELL-iURm4p2Iw,3g9cMjUhxHo
youtube,UC-CFh2l2tQELL-iURm4p2Iw,RFMZz7Btiw0
youtube,UC-CFnWiVXmutwklIF7cIY7A,EH_kRSLoZg8
youtube,UC-CFnWiVXmutwklIF7cIY7A,jMUkpElY1Eo
youtube,UC-CFnWiVXmutwklIF7cIY7A,xGOTWtXJCyU
youtube,UC-cfO8wc_01ANiVkZonH8uA,p3stw9y0lgY
youtube,UC-cFsrNPMTZpcgbn8dtOnvQ,B0steF7CRZM
youtube,UC-CFu_zQxlD81zOH4LiY5mg,e39V2Osx6wk
youtube,UC-cfWt0NPDZXGfpRe9tr8MA,HjL_sfung3g
youtube,UC-cfWt0NPDZXGfpRe9tr8MA,j47rbfhgGd8
youtube,UC-cfWt0NPDZXGfpRe9tr8MA,TgDSlPv9jeE
youtube,UC-cfzSskJUDhAIgbslLMu9A,yE4HoFMOaOc
youtube,UC-cfzSskJUDhAIgbslLMu9A,YYoNdQgmY_c
youtube,UC-cG1_oYiTeUG6CQAN9_ONw,Cp0WJP3TcS8
youtube,UC-cG39iXbBLUIvDjpLCKBgw,17NAa2iCfPM
youtube,UC-cG39iXbBLUIvDjpLCKBgw,JL8qE2-Duww
youtube,UC-cG39iXbBLUIvDjpLCKBgw,R87oR3silk0
youtube,UC-cG39iXbBLUIvDjpLCKBgw,t6rjvTm-E0Q
youtube,UC-CG3cJ_o4Oic4Th1Q-jcpA,EO9Ij1PhQSs
youtube,UC-CG4rZmSnfA9CGaQvvI80w,2765OK0QR64
youtube,UC-CG4rZmSnfA9CGaQvvI80w,8qAscmqI5Uo
youtube,UC-CG4rZmSnfA9CGaQvvI80w,bTMogXZRVsQ
youtube,UC-CG4rZmSnfA9CGaQvvI80w,lk1m7-uvGyc
youtube,UC-CG4rZmSnfA9CGaQvvI80w,oGtcLwk0lrk
youtube,UC-cgjjdkDyYozuPUsBISZfg,XW_gB_T0-NI
youtube,UC-cGOUyQhv-o1MpiazinXFQ,AgtwfHNEqhs
youtube,UC-cGOUyQhv-o1MpiazinXFQ,y3isK1bg7gQ
youtube,UC-cHiNoSsnKId2oFmKuX0hw,2y5VvtdRbx4
youtube,UC-cHiNoSsnKId2oFmKuX0hw,e_J7kdD5c7A
youtube,UC-cHiNoSsnKId2oFmKuX0hw,RTUlawFFKJ8
youtube,UC-cHjzDe3HMfAAc0WxmXVTQ,zARgkIIpx5s
youtube,UC-cho7_YERfq6peuBJ1XYLA,l_T6x6EBX30
youtube,UC-cho7_YERfq6peuBJ1XYLA,Og2QUVXRtaI
youtube,UC-CHWEk4Vn4PmxwLd5QQw0Q,4ZasC_0ymJM
youtube,UC-CHWEk4Vn4PmxwLd5QQw0Q,fF61LvMi8YI
youtube,UC-CHWEk4Vn4PmxwLd5QQw0Q,LbYThEp_zWk
youtube,UC-CHWEk4Vn4PmxwLd5QQw0Q,U-qt0b5VmTI
youtube,UC-CHWEk4Vn4PmxwLd5QQw0Q,ysY-KkSvBt8
youtube,UC-CIEejsrr5lbWlbGYwW3HQ,_P52gQZbXOM
youtube,UC-CIEejsrr5lbWlbGYwW3HQ,KmYPzGZIHqw
youtube,UC-CIEejsrr5lbWlbGYwW3HQ,q-AB5lpvnzs
youtube,UC-CIEejsrr5lbWlbGYwW3HQ,uepTO2apd1M
youtube,UC-CIEejsrr5lbWlbGYwW3HQ,uWMre3yZ4Lk
youtube,UC-CIEejsrr5lbWlbGYwW3HQ,VmbCVOzPf44
youtube,UC-CIEejsrr5lbWlbGYwW3HQ,WQK_1HJ2OdE
youtube,UC-CIEejsrr5lbWlbGYwW3HQ,XSqQ8Nk9OPc
youtube,UC-CIjS8ICQ_1u-yO-Tj3qAw,n2xQ112p4Kg
youtube,UC-CinlItTBMaSmuLfzTszUA,tzPQ4Mqv21o
youtube,UC-CIoxM_pOuQSNXR37MXSzQ,aTU2jP_BZXA
youtube,UC-civ7FflrUijK5-fZbk-cw,3AVaz5ZpZiw
youtube,UC-civ7FflrUijK5-fZbk-cw,51fzYNF5Lu4
youtube,UC-civ7FflrUijK5-fZbk-cw,DbmhDg_KC50
youtube,UC-civ7FflrUijK5-fZbk-cw,n2xQ112p4Kg
youtube,UC-CiY4Hmt8YRfjI13Y4AFsA,y17qDhy0NJc
youtube,UC-Ciy4zYRb011smhzySu5Sg,51QJ_B6WEXI
youtube,UC-Ciy4zYRb011smhzySu5Sg,6O4XZJV_zdI
youtube,UC-Ciy4zYRb011smhzySu5Sg,9WJx2pkFUM8
youtube,UC-Ciy4zYRb011smhzySu5Sg,_yX3gSeGo4E
youtube,UC-Ciy4zYRb011smhzySu5Sg,AufSG5H394E
youtube,UC-Ciy4zYRb011smhzySu5Sg,CT0xYXctz7c
youtube,UC-Ciy4zYRb011smhzySu5Sg,D-8iBh6b4BA
youtube,UC-Ciy4zYRb011smhzySu5Sg,EqFCAzC1Yqw
youtube,UC-Ciy4zYRb011smhzySu5Sg,gajGdB-LyKk
youtube,UC-Ciy4zYRb011smhzySu5Sg,GAYniio9qAg
youtube,UC-Ciy4zYRb011smhzySu5Sg,gPYJDUh870A
youtube,UC-Ciy4zYRb011smhzySu5Sg,hh3EopjrQNE
youtube,UC-Ciy4zYRb011smhzySu5Sg,JOcYFp9PYD0
youtube,UC-Ciy4zYRb011smhzySu5Sg,l08Uog-u7iI
youtube,UC-Ciy4zYRb011smhzySu5Sg,mg6sanuPR_Q
youtube,UC-Ciy4zYRb011smhzySu5Sg,mW07S32VQKc
youtube,UC-Ciy4zYRb011smhzySu5Sg,npsZ7FBbPHg
youtube,UC-Ciy4zYRb011smhzySu5Sg,OMzArvlD0Vg
youtube,UC-Ciy4zYRb011smhzySu5Sg,P9qAIUS0YTQ
youtube,UC-Ciy4zYRb011smhzySu5Sg,Pbze8shrqYA
youtube,UC-Ciy4zYRb011smhzySu5Sg,pWb53Cg1JNk
youtube,UC-Ciy4zYRb011smhzySu5Sg,qSM3KXk6PRU
youtube,UC-Ciy4zYRb011smhzySu5Sg,QX1nVDTcUcg
youtube,UC-Ciy4zYRb011smhzySu5Sg,r02IK-tJ4PU
youtube,UC-Ciy4zYRb011smhzySu5Sg,tOEpO_G0IDo
youtube,UC-Ciy4zYRb011smhzySu5Sg,VamugD0wSrc
youtube,UC-cJKLWVtnih2LItW9IFQMQ,3i4xoUmwuRY
youtube,UC-CjWDGQtdJHZd_Drewq0zw,2MivJVzsbwU
youtube,UC-CJWIpTnTce3A800ad9z4Q,H01qUPXE9Rs
youtube,UC-CJWIpTnTce3A800ad9z4Q,WqvnKvf_ho0
youtube,UC-cjYAtttA64m777nzIVg7g,5xncs-QC-Bg
youtube,UC-cjYAtttA64m777nzIVg7g,A1LzxFbtuNM
youtube,UC-cKEhMFvJ2e3w2JRnutUDQ,6Mgew_MsCxA
youtube,UC-CkIumiSi_r_E1MA7glQzA,LPKfQzYZzU8
youtube,UC-ckKu_USNCVL9wfdY1iTMQ,UKI1rp1NOeA
youtube,UC-Ckrm7TW6ik-FP4fds2_qw,QEEJSjdCqDw
youtube,UC-Ckrm7TW6ik-FP4fds2_qw,t8457oMQkso
youtube,UC-cKRS0X7GokZhVNfaJCw9Q,STsFlgArBhw
youtube,UC-cKRS0X7GokZhVNfaJCw9Q,tC7QEAFF9qw
youtube,UC-ckVkgm893cTDx8BgYnVJQ,XXj6CjM5K8s
youtube,UC-clF3hoGcSQ8vnseT2M1xg,kJwdA_-uZhM
youtube,UC-cLh8TbrR64UGgxqt9F29w,GYRgFt9UMiw
youtube,UC-cLwCctXn0ptv2U_bE5QAw,gAKxh44h2tA
youtube,UC-CM6m8fnlbV2luH3tWLooQ,W4Ra3uCdUxg
youtube,UC-CMG-wBVMsn6xrkFO2Nx6g,0uigcfHqYG0
youtube,UC-cMMS-jiRI4rjEFULAkzdw,lxunAGwAPwE
youtube,UC-cMMS-jiRI4rjEFULAkzdw,TskGnMnKfYc
youtube,UC-CMoqgm-PneAd2PExWgGdA,Axqryg75T08
youtube,UC-CMPG6N_ndwJ0uqFV3UX7A,s54N7CwjW9c
youtube,UC-cn08GBMN_sSLpup_kyAtw,-47q9QYbd1U
youtube,UC-cn08GBMN_sSLpup_kyAtw,6NI8YjHit8Y
youtube,UC-cn08GBMN_sSLpup_kyAtw,8eOLhIDRZ3k
youtube,UC-cn08GBMN_sSLpup_kyAtw,9xiM-TVUSDw
youtube,UC-cn08GBMN_sSLpup_kyAtw,bbCVLlxqNmU
youtube,UC-cn08GBMN_sSLpup_kyAtw,c6apUb06L50
youtube,UC-cn08GBMN_sSLpup_kyAtw,fNSnQAuRqoI
youtube,UC-cn08GBMN_sSLpup_kyAtw,Iwasi7S0zwk
youtube,UC-cn08GBMN_sSLpup_kyAtw,kKnTpQi-7lI
youtube,UC-cn08GBMN_sSLpup_kyAtw,npsZ7FBbPHg
youtube,UC-cn08GBMN_sSLpup_kyAtw,zyDFK_9pl6M
youtube,UC-CnapFxgHv7eu_n4FqVmAg,0NIvVtAXuJU
youtube,UC-CnapFxgHv7eu_n4FqVmAg,1QgcpHUn6lc
youtube,UC-CnapFxgHv7eu_n4FqVmAg,4oW1Y9tu3Oc
youtube,UC-CnapFxgHv7eu_n4FqVmAg,7xPAqPbhDaY
youtube,UC-CnapFxgHv7eu_n4FqVmAg,87MwqzemlRQ
youtube,UC-CnapFxgHv7eu_n4FqVmAg,_F_yE6kBlHQ
youtube,UC-CnapFxgHv7eu_n4FqVmAg,Ab9dOP0QEmI
youtube,UC-CnapFxgHv7eu_n4FqVmAg,ba9HnipUOGA
youtube,UC-CnapFxgHv7eu_n4FqVmAg,CvbpZoPXjpA
youtube,UC-CnapFxgHv7eu_n4FqVmAg,CW_YVrAPAlI
youtube,UC-CnapFxgHv7eu_n4FqVmAg,d-nNGfybTbA
youtube,UC-CnapFxgHv7eu_n4FqVmAg,DRw_ibZNXdY
youtube,UC-CnapFxgHv7eu_n4FqVmAg,e2ytQcbUMLQ
youtube,UC-CnapFxgHv7eu_n4FqVmAg,et_CBP7S0Dg
youtube,UC-CnapFxgHv7eu_n4FqVmAg,F8tEUwzHwTM
youtube,UC-CnapFxgHv7eu_n4FqVmAg,fLw2_gfmFVY
youtube,UC-CnapFxgHv7eu_n4FqVmAg,fnU5NFjb3AU
youtube,UC-CnapFxgHv7eu_n4FqVmAg,goI6saUibpw
youtube,UC-CnapFxgHv7eu_n4FqVmAg,gYgs1iPCb-Q
youtube,UC-CnapFxgHv7eu_n4FqVmAg,GZzoj238l0M
youtube,UC-CnapFxgHv7eu_n4FqVmAg,hnN8mrC9Nhs
youtube,UC-CnapFxgHv7eu_n4FqVmAg,IpyjTGz0wsA
youtube,UC-CnapFxgHv7eu_n4FqVmAg,Iwasi7S0zwk
youtube,UC-CnapFxgHv7eu_n4FqVmAg,Jo58Vv7WwpY
youtube,UC-CnapFxgHv7eu_n4FqVmAg,KaoTcH5tWRo
youtube,UC-CnapFxgHv7eu_n4FqVmAg,LfT70mK1MrA
youtube,UC-CnapFxgHv7eu_n4FqVmAg,LjxXnldlfwQ
youtube,UC-CnapFxgHv7eu_n4FqVmAg,n114PC70-Io
youtube,UC-CnapFxgHv7eu_n4FqVmAg,n7nEH7Gx2hE
youtube,UC-CnapFxgHv7eu_n4FqVmAg,NxtUdgevhP0
youtube,UC-CnapFxgHv7eu_n4FqVmAg,pSxHs6HeCws
youtube,UC-CnapFxgHv7eu_n4FqVmAg,pxhvzPGpu8Q
youtube,UC-CnapFxgHv7eu_n4FqVmAg,QlB8dIqubGA
youtube,UC-CnapFxgHv7eu_n4FqVmAg,RdSir9be42k
youtube,UC-CnapFxgHv7eu_n4FqVmAg,rfqzEdMzKKU
youtube,UC-CnapFxgHv7eu_n4FqVmAg,RS23sWwL0g4
youtube,UC-CnapFxgHv7eu_n4FqVmAg,Sfjsv_q7HKQ
youtube,UC-CnapFxgHv7eu_n4FqVmAg,SXaOz9T69Xs
youtube,UC-CnapFxgHv7eu_n4FqVmAg,t6FHdnzjhi0
youtube,UC-CnapFxgHv7eu_n4FqVmAg,U8VR-a-2tYk
youtube,UC-CnapFxgHv7eu_n4FqVmAg,UqJkWjEGCzI
youtube,UC-CnapFxgHv7eu_n4FqVmAg,usqaFopklC4
youtube,UC-CnapFxgHv7eu_n4FqVmAg,v_7fCwwRe5Q
youtube,UC-CnapFxgHv7eu_n4FqVmAg,vJc5pampiEI
youtube,UC-CnapFxgHv7eu_n4FqVmAg,VVE_Y5S8Rcg
youtube,UC-CnapFxgHv7eu_n4FqVmAg,vZC9OKh1nag
youtube,UC-CnapFxgHv7eu_n4FqVmAg,x_D4U1dusEc
youtube,UC-CnapFxgHv7eu_n4FqVmAg,XlfuUfCA8yI
youtube,UC-CnapFxgHv7eu_n4FqVmAg,Ye3twM3xadc
youtube,UC-CnapFxgHv7eu_n4FqVmAg,YwdE5bsqIGE
youtube,UC-CnapFxgHv7eu_n4FqVmAg,ZGRMJgXAVRQ
youtube,UC-CnapFxgHv7eu_n4FqVmAg,zl6toHqSBwQ
youtube,UC-CnapFxgHv7eu_n4FqVmAg,zOjc8foVTF0
youtube,UC-CnapFxgHv7eu_n4FqVmAg,zyE-TGQs-GI
youtube,UC-cneoU7T4bY2_D6em_qlVA,gp28zO0yJI4
youtube,UC-CnL_W9KO54W71KelbNKkw,WTD0H5ygUNs
youtube,UC-co-f_2MGwWOVcpxbYzuHQ,dbQk8NsaCIo
youtube,UC-coEBtuE0XC37rKkQjqG_g,hD2B3ZHFq5s
youtube,UC-COj1f4DIAghupSgHfrXDg,cHYLL1W3RZw
youtube,UC-coYMqlsNcgerq1SzH4Oqw,Ey2UZBfFRJI
youtube,UC-cp4_cjO9O3ImaELOCBWuw,SW1Bl31Kpnk
youtube,UC-CP7q5mTOIHeLuTiTdCDFQ,kCEUC1EEjbQ
youtube,UC-cPi71bZ6N4THISutqWqCQ,B2OHkoLYpEk
youtube,UC-cPmZ1_dSxDx1KtmzmNJug,HEE01_oufsE
youtube,UC-cPN-QhGL9csSwWsw2pPjA,iyKxyAWuUPw
youtube,UC-cPoyG5qxWWE9FUejAYqgA,I7yNmnAeefA
youtube,UC-cPQR8FjmjzlXN_h2pOYCQ,igQQxvDay2A
youtube,UC-cpszLuCRiR5Fawno-5jpQ,tNItefqIYoQ
youtube,UC-cpszLuCRiR5Fawno-5jpQ,ZKy0jhwD8ms
youtube,UC-cpvyWDFcJ-0w_vd4q1u_A,SoaNAQHkZyE
youtube,UC-cpvyWDFcJ-0w_vd4q1u_A,sW4Og8HXyOg
youtube,UC-cpvyWDFcJ-0w_vd4q1u_A,ZNG-LWwajSE
youtube,UC-cQ0ulb2nFTcpxhv0ioZ1A,oyup6RKjTm8
youtube,UC-cQ0ulb2nFTcpxhv0ioZ1A,QdEHTnACgBg
youtube,UC-cQ0ulb2nFTcpxhv0ioZ1A,qZoEVEXNbzs
youtube,UC-cQ0ulb2nFTcpxhv0ioZ1A,vkvVrAlLIFM
youtube,UC-Cq8bqjHYY9NSPhKuizgBw,3jH32gQBj0k
youtube,UC-Cq8bqjHYY9NSPhKuizgBw,8zl7PbFpebo
youtube,UC-cqdGjaMNNfxzY51D8k0XQ,6wHc-n9-TlI
youtube,UC-cQF_MOZQ4MGq7dWYkqttQ,xj02S2waGOw
youtube,UC-cqlgsZlqpqO_buRowHNfA,ZZLSSlZn2hQ
youtube,UC-CQMjB5IWjgWU5slio0BZw,4PTE-njs8zo
youtube,UC-CR5sYiuK7bCAfX8wQjQUg,D7VW0-nNYvE
youtube,UC-CR5sYiuK7bCAfX8wQjQUg,Ds8rB8vLMBU
youtube,UC-CR5sYiuK7bCAfX8wQjQUg,GYRgFt9UMiw
youtube,UC-CR5sYiuK7bCAfX8wQjQUg,oIw6FWDQ18Y
youtube,UC-CR5sYiuK7bCAfX8wQjQUg,ZJS2o4a3Ex4
youtube,UC-CRhfBpfpmKILX6gGAUzTw,fXXa1KYJsfc
youtube,UC-CrMG1s799M3Ot41gsCYlQ,kP7m_aH_Dv0
youtube,UC-crOG-JjwpEj2nI9m_SO7g,1Sa0wIexVCM
youtube,UC-crOG-JjwpEj2nI9m_SO7g,2YhFUeZZrbs
youtube,UC-crOG-JjwpEj2nI9m_SO7g,5BSQ3VP3zVU
youtube,UC-crOG-JjwpEj2nI9m_SO7g,6NI8YjHit8Y
youtube,UC-crOG-JjwpEj2nI9m_SO7g,AvzBqCEgyNw
youtube,UC-crOG-JjwpEj2nI9m_SO7g,B6v8V6liujE
youtube,UC-crOG-JjwpEj2nI9m_SO7g,BwdcG9va6ek
youtube,UC-crOG-JjwpEj2nI9m_SO7g,cHYLL1W3RZw
youtube,UC-crOG-JjwpEj2nI9m_SO7g,Dxn04-7S_60
youtube,UC-crOG-JjwpEj2nI9m_SO7g,g7DvysXw6-Q
youtube,UC-crOG-JjwpEj2nI9m_SO7g,hcZg-IjH-TA
youtube,UC-crOG-JjwpEj2nI9m_SO7g,ihYt-uH0Xdk
youtube,UC-crOG-JjwpEj2nI9m_SO7g,mvN5UimEEbg
youtube,UC-crOG-JjwpEj2nI9m_SO7g,QxYwG9QRrvo
youtube,UC-crOG-JjwpEj2nI9m_SO7g,tzHEuiA141Y
youtube,UC-crOG-JjwpEj2nI9m_SO7g,XEnVcvg-HRw
youtube,UC-crOG-JjwpEj2nI9m_SO7g,yt_AJ2YUDw4
youtube,UC-CrpZHhyJRtxB2uApP7vsA,2YeTgHeIiUA
youtube,UC-CrpZHhyJRtxB2uApP7vsA,2YhFUeZZrbs
youtube,UC-CrpZHhyJRtxB2uApP7vsA,3ylINlzlf_8
youtube,UC-CrpZHhyJRtxB2uApP7vsA,5A33YsxzzsE
youtube,UC-CrpZHhyJRtxB2uApP7vsA,5eueeEHRMfA
youtube,UC-CrpZHhyJRtxB2uApP7vsA,5fvv0iz0ahg
youtube,UC-CrpZHhyJRtxB2uApP7vsA,6fqfm3aIwmM
youtube,UC-CrpZHhyJRtxB2uApP7vsA,7HPEhpTMSf8
youtube,UC-CrpZHhyJRtxB2uApP7vsA,7xPAqPbhDaY
youtube,UC-CrpZHhyJRtxB2uApP7vsA,anEY5eCcumY
youtube,UC-CrpZHhyJRtxB2uApP7vsA,AuP0Y9Slvyk
youtube,UC-CrpZHhyJRtxB2uApP7vsA,by4Q11Tg2Zo
youtube,UC-CrpZHhyJRtxB2uApP7vsA,cHYLL1W3RZw
youtube,UC-CrpZHhyJRtxB2uApP7vsA,ERVbH78sqpI
youtube,UC-CrpZHhyJRtxB2uApP7vsA,fF61LvMi8YI
youtube,UC-CrpZHhyJRtxB2uApP7vsA,gvjCZT57evc
youtube,UC-CrpZHhyJRtxB2uApP7vsA,hnN8mrC9Nhs
youtube,UC-CrpZHhyJRtxB2uApP7vsA,HTpCmSzHO0c
youtube,UC-CrpZHhyJRtxB2uApP7vsA,ie4UOivL1p8
youtube,UC-CrpZHhyJRtxB2uApP7vsA,JQimTHI33Sg
youtube,UC-CrpZHhyJRtxB2uApP7vsA,KkdUr4hdXDc
youtube,UC-CrpZHhyJRtxB2uApP7vsA,KVk7ZZMr7EI
youtube,UC-CrpZHhyJRtxB2uApP7vsA,l_T6x6EBX30
youtube,UC-CrpZHhyJRtxB2uApP7vsA,M5FQOMkQjjA
youtube,UC-CrpZHhyJRtxB2uApP7vsA,Mq8K_kKf94A
youtube,UC-CrpZHhyJRtxB2uApP7vsA,oj2JeCp_HPE
youtube,UC-CrpZHhyJRtxB2uApP7vsA,OtRlwUyr11M
youtube,UC-CrpZHhyJRtxB2uApP7vsA,p_nNUik4WG0
youtube,UC-CrpZHhyJRtxB2uApP7vsA,q20jbOSINW4
youtube,UC-CrpZHhyJRtxB2uApP7vsA,Q_w2vku1vJc
youtube,UC-CrpZHhyJRtxB2uApP7vsA,QlB8dIqubGA
youtube,UC-CrpZHhyJRtxB2uApP7vsA,QxYwG9QRrvo
youtube,UC-CrpZHhyJRtxB2uApP7vsA,R3VVdMsmc2Q
youtube,UC-CrpZHhyJRtxB2uApP7vsA,Sfjsv_q7HKQ
youtube,UC-CrpZHhyJRtxB2uApP7vsA,tfVfK-H8wtA
youtube,UC-CrpZHhyJRtxB2uApP7vsA,UGiPOXWWiD4
youtube,UC-CrpZHhyJRtxB2uApP7vsA,UYDnEtLu-7s
youtube,UC-CrpZHhyJRtxB2uApP7vsA,VmbCVOzPf44
youtube,UC-CrpZHhyJRtxB2uApP7vsA,WGtevCH1LMI
youtube,UC-CrpZHhyJRtxB2uApP7vsA,WJQUbsmmjgE
youtube,UC-CrpZHhyJRtxB2uApP7vsA,XJsfb2DoaaM
youtube,UC-CrpZHhyJRtxB2uApP7vsA,XU3kSE9r1Vw
youtube,UC-CrpZHhyJRtxB2uApP7vsA,ycOh7Lv3z0o
youtube,UC-CrpZHhyJRtxB2uApP7vsA,yE4HoFMOaOc
youtube,UC-CrpZHhyJRtxB2uApP7vsA,YYoNdQgmY_c
youtube,UC-CrpZHhyJRtxB2uApP7vsA,ZlTwK_K50vM
youtube,UC-cS5aAwDxeyd7gZ3rQdsyg,7xPAqPbhDaY
youtube,UC-cS5aAwDxeyd7gZ3rQdsyg,kDYtqZm1ZPw
youtube,UC-csbLDI2Yr9oqxxtoOsRrw,7htcDIEpdwY
youtube,UC-csbLDI2Yr9oqxxtoOsRrw,dcPGqotMGxI
youtube,UC-csbLDI2Yr9oqxxtoOsRrw,iafUrsTqEN4
youtube,UC-csbLDI2Yr9oqxxtoOsRrw,kP7m_aH_Dv0
youtube,UC-csbLDI2Yr9oqxxtoOsRrw,pMbzaygsY4w
youtube,UC-csbLDI2Yr9oqxxtoOsRrw,tYE3JaeaCOg
youtube,UC-CSbuQD_M2FhnRNNQgag0w,_50HwxXCCQ4
youtube,UC-CSbuQD_M2FhnRNNQgag0w,ly4hZ70hJ28
youtube,UC-CSbuQD_M2FhnRNNQgag0w,yl1w_zYw7wM
youtube,UC-csfMMBDZRMH5pavvCqf5Q,B0steF7CRZM
youtube,UC-csKK2adZeaFdq-cS8owgA,LExJiA7RYCc
youtube,UC-csl8Z4EGbr2B3mfLvteBw,9tlsPaN45Hs
youtube,UC-csZe8FJqVc3F_i6orWKPQ,KawFLGBUTgk
youtube,UC-ctbaN5Th9mU_4I8YwN-0w,9iFfFHZvnNM
youtube,UC-ctbaN5Th9mU_4I8YwN-0w,e39V2Osx6wk
youtube,UC-CTDqSojM_98_z_QAMJ5Xg,tDnBd65bTlo
youtube,UC-CtDWgzfC4d0JNAk8S-yOw,WTpZsrxdR64
youtube,UC-CtiFm-l_5VXTlkBy2KhSw,sKqpHZknpsg
youtube,UC-cTl6vABt6Loky54lIsUIA,okwVNd2LXS4
youtube,UC-CtnkwccBa59g979u77P1g,5l0S351Cxe8
youtube,UC-CtnkwccBa59g979u77P1g,n5KHkUt5G-g
youtube,UC-CtnkwccBa59g979u77P1g,UE9KBun8In0
youtube,UC-CTPcv7XaklsFnCbxKrH4Q,akv_pFuMHTA
youtube,UC-ctZLboYUE-gVb4zEIMBDg,e39V2Osx6wk
youtube,UC-Cu5sTEoMwwiG6b3PghSzg,cHYLL1W3RZw
youtube,UC-Cu5sTEoMwwiG6b3PghSzg,m18bEydz_Mc
youtube,UC-CuFNk8iBNQxRKedLV_laQ,19bLBNqvo-k
youtube,UC-CuFNk8iBNQxRKedLV_laQ,2YhFUeZZrbs
youtube,UC-cUFQcO-gDjWN_PolnTYtg,15WN1UnrObs
youtube,UC-CURuCTHlmfa9WEGxs2MdA,COWSewvu0sI
youtube,UC-Cuumpm6Bdrj3nRfqeTK3Q,3i4xoUmwuRY
youtube,UC-Cuumpm6Bdrj3nRfqeTK3Q,bbCVLlxqNmU
youtube,UC-CuxSc1JVm2mEajy6kPgIQ,_xCi3xpu_Sc
youtube,UC-cuxWR7DrkHhNlf7y2Ohsg,Oe-GOc17As4
youtube,UC-CUYGx7yF50SjED54VW77g,HEFlBDTt_ks
youtube,UC-CV1DrINkLQgIHmtNgxGPw,Br2vp4Yp5HY
youtube,UC-CV1DrINkLQgIHmtNgxGPw,PIpVH9q3dfI
youtube,UC-cV6RPsVq4UHNpeHw9APDA,n2xQ112p4Kg
youtube,UC-CvDpfthiROtAcIe2_dLig,D-8iBh6b4BA
youtube,UC-CvDpfthiROtAcIe2_dLig,HzJgEvf3PTU
youtube,UC-cVgAh676VPVgGujkrTMRQ,_KMGRJWeFuY
youtube,UC-cVgAh676VPVgGujkrTMRQ,LOToZgppbUY
youtube,UC-cVo1QcGgqbEeCNUahDjKg,AbH_XxLhxo8
youtube,UC-cVo1QcGgqbEeCNUahDjKg,sSeJ9aVeW5E
youtube,UC-CVt2WQNGgNnktGKk5tHsA,85c2hmFVxI0
youtube,UC-Cw3YMZY5D5Vnt2pZCL9Pw,2y5VvtdRbx4
youtube,UC-Cw3YMZY5D5Vnt2pZCL9Pw,jaCGUwD9CGg
youtube,UC-Cw3YMZY5D5Vnt2pZCL9Pw,wn34njz55sw
youtube,UC-cwmH0i8pquMf9B0pvKwVA,qflwr2WtocU
youtube,UC-cWR1Q-dXt4VfavSrcBKCQ,QWlJG1ppfHg
youtube,UC-cwxtsa50kgbTQ2RqEHMDw,-47q9QYbd1U
youtube,UC-cwxtsa50kgbTQ2RqEHMDw,3jwe9FgB06U
youtube,UC-cwxtsa50kgbTQ2RqEHMDw,fD41HkSHQyY
youtube,UC-cwxtsa50kgbTQ2RqEHMDw,KsZ01JjJlXs
youtube,UC-cwxtsa50kgbTQ2RqEHMDw,OtRlwUyr11M
youtube,UC-cwxtsa50kgbTQ2RqEHMDw,xeQDAZliTvg
youtube,UC-cwxtsa50kgbTQ2RqEHMDw,zn3Z_8s6CGY
youtube,UC-cWzSgMXvH1r0ncn_E00nw,W8ewerfVeKQ
youtube,UC-cX-tNn-ceGqGL0Ac7VsDg,vqQapveUxa0
youtube,UC-Cx7a-vGyl54OSDamf_JSQ,AgtwfHNEqhs
youtube,UC-CXFztpPApIIxOu3Vzz-ag,jRJSL55Xsc0
youtube,UC-CXFztpPApIIxOu3Vzz-ag,rOul0ZvaVpU
youtube,UC-cXHWqtJhslMMkvxkZ9-BQ,lYFA8zJHKE8
youtube,UC-cxT41TbGn1og1m8NDGnrg,VkxPW0P2g4k
youtube,UC-cxyU-mNUiB0EWvu7W_Azg,zviTPiOM-Yk
youtube,UC-cy26OkPXz8SgjOgAQ2FrA,qmEuMgohNYI
youtube,UC-cy26OkPXz8SgjOgAQ2FrA,SW1Bl31Kpnk
youtube,UC-CY9DzLtV6Yk0Sbg6fvVNg,3i4xoUmwuRY
youtube,UC-CY9DzLtV6Yk0Sbg6fvVNg,d0rDR24MbUY
youtube,UC-CY9DzLtV6Yk0Sbg6fvVNg,kziHaUZ9ZDI
youtube,UC-CY9DzLtV6Yk0Sbg6fvVNg,PKBKB0lgMOg
youtube,UC-CY9DzLtV6Yk0Sbg6fvVNg,W9HO3c4rUmY
youtube,UC-cYayazJ0NP2XfMow1-ICA,Mq-ihPHKoCs
youtube,UC-cyFlE7Q0bQBwF5Mb7MPsA,2yf_nWIYHDU
youtube,UC-Cyih41I3gRUv3mpLAZ2YQ,5aW3FGKr4g4
youtube,UC-cYpOw2KSw8frFM7UfCEdw,ym6wHr9h074
youtube,UC-CYqE2zrnE7VKOiZWlxYRA,uR7ZMNcap9o
youtube,UC-cyviSgUyM_wO-sOmUwKLw,B-WWdsiAOr0
youtube,UC-CzaNFma1gly7YHA_MmKFw,bjn9tXF-cqc
youtube,UC-czC0SCNcOxSibzi5HDusg,eNO_ZqT4dDk
youtube,UC-cZGFHFwnNMuAuTNTcN8Tw,_twz1GmKFxU
youtube,UC-czj_o5H_3FRgZb4nDJgaA,APn0PorinPM
youtube,UC-cZjwSpeQdgIm8vHgLVBjg,by4Q11Tg2Zo
youtube,UC-CzmnlzUJWel2EXyi4GDOQ,2y5VvtdRbx4
youtube,UC-CzmnlzUJWel2EXyi4GDOQ,9xiM-TVUSDw
youtube,UC-CzmnlzUJWel2EXyi4GDOQ,fF61LvMi8YI
youtube,UC-CzmnlzUJWel2EXyi4GDOQ,KCqyduIruCw
youtube,UC-CzmnlzUJWel2EXyi4GDOQ,PLJVgDNirjA
youtube,UC-CzmnlzUJWel2EXyi4GDOQ,SW1Bl31Kpnk
youtube,UC-CzmnlzUJWel2EXyi4GDOQ,WIMFtYDf5L0
youtube,UC-CzmnlzUJWel2EXyi4GDOQ,ZlTwK_K50vM
youtube,UC-cZS9I9lfywROZOZCXHnhg,K4dGhM36x30
youtube,UC-cZVK_bnArrC4HQJypdo4w,cOtER8do4dk
youtube,UC-CzWSTEN-1_EK2x6bwixMg,IxfN6ugPjoM
youtube,UC-CzWSTEN-1_EK2x6bwixMg,YPKEroO6UnE
youtube,UC-D-9nnVhp2CLdHPHMBCXtA,2YeTgHeIiUA
youtube,UC-D-9nnVhp2CLdHPHMBCXtA,2YhFUeZZrbs
youtube,UC-D-9nnVhp2CLdHPHMBCXtA,7fQeCOogsa4
youtube,UC-D-9nnVhp2CLdHPHMBCXtA,7HPEhpTMSf8
youtube,UC-D-9nnVhp2CLdHPHMBCXtA,7u8TZndxerU
youtube,UC-D-9nnVhp2CLdHPHMBCXtA,7xPAqPbhDaY
youtube,UC-D-9nnVhp2CLdHPHMBCXtA,9WJx2pkFUM8
youtube,UC-D-9nnVhp2CLdHPHMBCXtA,_zGGKLYgGpE
youtube,UC-D-9nnVhp2CLdHPHMBCXtA,BwzpMc1R-1Y
youtube,UC-D-9nnVhp2CLdHPHMBCXtA,Cp0WJP3TcS8
youtube,UC-D-9nnVhp2CLdHPHMBCXtA,eLn7T1QQ5Xo
youtube,UC-D-9nnVhp2CLdHPHMBCXtA,H_EYypaEE7o
youtube,UC-D-9nnVhp2CLdHPHMBCXtA,JihtnGSghIw
youtube,UC-D-9nnVhp2CLdHPHMBCXtA,kn5Ge77ILwI
youtube,UC-D-9nnVhp2CLdHPHMBCXtA,sabTM6ibKks
youtube,UC-D-9nnVhp2CLdHPHMBCXtA,Sfjsv_q7HKQ
youtube,UC-D-9nnVhp2CLdHPHMBCXtA,t2QQAgJCyB0
youtube,UC-D-9nnVhp2CLdHPHMBCXtA,Xya5X5hln_8
youtube,UC-D-9nnVhp2CLdHPHMBCXtA,zgxidoI1KXM
youtube,UC-d-CvGnMcz1hdl3f0RIZ9A,MVQBDtqMgvU
youtube,UC-d-dd61SkgOxMcwbf8qo7A,7hv9GCLjOrQ
youtube,UC-D-ORpdeBveP5-NmL9boMA,1cgFXXPe8Qw
youtube,UC-D-ORpdeBveP5-NmL9boMA,fiQrWPUsrOg
youtube,UC-d-QWiiRTMs5PVS1civ7DA,7HiBzZNnFBA
youtube,UC-D-w3M1RTdiSSZdbInyVqQ,XYdj7BXF6SY
youtube,UC-D-wpPyhcTX6ighsFaoBrQ,EWNjLBm7xnA
youtube,UC-d-zyhugJo3G2nhHEXD6Sg,57h6Qg-7n88
youtube,UC-d-zyhugJo3G2nhHEXD6Sg,9CdNDKZH-qI
youtube,UC-d-zyhugJo3G2nhHEXD6Sg,as0W3dtVy8Y
youtube,UC-d-zyhugJo3G2nhHEXD6Sg,E50g_dxn1X4
youtube,UC-d-zyhugJo3G2nhHEXD6Sg,qxoixiZLNd4
youtube,UC-d-zyhugJo3G2nhHEXD6Sg,s6lC-7eneiY
youtube,UC-d-zyhugJo3G2nhHEXD6Sg,WM1BAa8MXXc
youtube,UC-d-zyhugJo3G2nhHEXD6Sg,Xjre8q1OQ8w
youtube,UC-d-zyhugJo3G2nhHEXD6Sg,zKd4FNfUQvY
youtube,UC-D0dmbFVKb1bNAtGmkIDXQ,5xncs-QC-Bg
youtube,UC-D0dmbFVKb1bNAtGmkIDXQ,NHMVbWHrh1U
youtube,UC-D0dmbFVKb1bNAtGmkIDXQ,ooCGRUcP0RY
youtube,UC-D0dmbFVKb1bNAtGmkIDXQ,OrRoC5pX_Fk
youtube,UC-D0dmbFVKb1bNAtGmkIDXQ,ymqkQm_lzds
youtube,UC-D0dmbFVKb1bNAtGmkIDXQ,YPQfPpBy7vc
youtube,UC-d0KbUeg96FlgT4of4KKwg,Q3UT10nBJTI
youtube,UC-d1B8O_BvOqT7EntIgTJbw,b39q1QdA3NM
youtube,UC-d1B8O_BvOqT7EntIgTJbw,GCVNBUeFKJM
youtube,UC-d1B8O_BvOqT7EntIgTJbw,MsPVGi2_llw
youtube,UC-D1Kbv5x0WbO1-hOPCSG9g,-cavQDalycg
youtube,UC-D1Kbv5x0WbO1-hOPCSG9g,ux6JhOoVg3Y
youtube,UC-D1z9AQj7m7X1VLeNFCYAA,3g9cMjUhxHo
youtube,UC-D1z9AQj7m7X1VLeNFCYAA,AgtwfHNEqhs
youtube,UC-D1z9AQj7m7X1VLeNFCYAA,qNvnOTVvBck
youtube,UC-D1z9AQj7m7X1VLeNFCYAA,y3isK1bg7gQ
youtube,UC-d2q4CvF4dWtnvV2bW0LJg,-LYTthYXDyg
youtube,UC-d2q4CvF4dWtnvV2bW0LJg,5Q6s3AXPjiM
youtube,UC-d2q4CvF4dWtnvV2bW0LJg,_oGnx7bwLSQ
youtube,UC-d2q4CvF4dWtnvV2bW0LJg,As0avziR6WQ
youtube,UC-d2q4CvF4dWtnvV2bW0LJg,kbi-6F9NtgQ
youtube,UC-d2q4CvF4dWtnvV2bW0LJg,pRrMD-0A7Os
youtube,UC-d2q4CvF4dWtnvV2bW0LJg,rXiSHPlJ5kI
youtube,UC-d2q4CvF4dWtnvV2bW0LJg,Sfjsv_q7HKQ
youtube,UC-d2YK_av1quzG5WtHEf1cg,0NIvVtAXuJU
youtube,UC-d2YK_av1quzG5WtHEf1cg,FOb0i5qk7oM
youtube,UC-d2YK_av1quzG5WtHEf1cg,GFIjb7Jg2Oo
youtube,UC-d2YK_av1quzG5WtHEf1cg,TfDSfM7dq14
youtube,UC-d2YK_av1quzG5WtHEf1cg,v_7fCwwRe5Q
youtube,UC-d2YK_av1quzG5WtHEf1cg,VgAeiQ8FDuY
youtube,UC-D3-0j7l6C4nluxWGNO2ZA,Z3DJDnSdASE
youtube,UC-D36ynrBy3WfOiEmlTSNYw,2YhFUeZZrbs
youtube,UC-d3ixmyUNCXYlnz79TeEQQ,5tBpiQEiCyo
youtube,UC-d3ixmyUNCXYlnz79TeEQQ,BVhtcZNFsik
youtube,UC-d3ixmyUNCXYlnz79TeEQQ,eOKX7xV64cA
youtube,UC-d3ixmyUNCXYlnz79TeEQQ,hETwLgYwJ3I
youtube,UC-d3ixmyUNCXYlnz79TeEQQ,mFp2zl6boA4
youtube,UC-d3ixmyUNCXYlnz79TeEQQ,QKFwJxHNwz8
youtube,UC-d3ixmyUNCXYlnz79TeEQQ,w3N8m0szFR0
youtube,UC-D4dixAgHa5xh6sPEgOAWQ,JNqMew9fqls
youtube,UC-D4dixAgHa5xh6sPEgOAWQ,QvUImi2dU6Y
youtube,UC-D4dixAgHa5xh6sPEgOAWQ,uK2PBmQCJrs
youtube,UC-D5DEahcKMAkgrl0FyOlGg,qMACMfnJIHk
youtube,UC-D5jLu_Du6ZqO6zGX0tS3Q,DDHozKJOSaA
youtube,UC-d5Km1EQ-oRl1IT31KLqdQ,37jhkipPYA4
youtube,UC-d5Km1EQ-oRl1IT31KLqdQ,_WMv67OKdlE
youtube,UC-d5Km1EQ-oRl1IT31KLqdQ,am3uUnJTlvI
youtube,UC-d5Km1EQ-oRl1IT31KLqdQ,Ds8rB8vLMBU
youtube,UC-d5Km1EQ-oRl1IT31KLqdQ,Dv88eymDxN0
youtube,UC-d5Km1EQ-oRl1IT31KLqdQ,GI60RpiTJ9U
youtube,UC-d5WgFEh6ZOmeRj6LzOnmw,AgtwfHNEqhs
youtube,UC-d6lCqQWxTDvDzeCvp1k9w,AgtwfHNEqhs
youtube,UC-d72gH8UkSI0Ja6pPJVW4w,lE2m7eDZtwg
youtube,UC-d72gH8UkSI0Ja6pPJVW4w,okhLvl9r8Z8
youtube,UC-d79wmjVUeoI6wekSuqL0g,A1LzxFbtuNM
youtube,UC-D7m-bXs6VwX9l_QRJ_mdw,-WfJOModCTQ
youtube,UC-D7VF5FDXHLfBc5Z2RYE-Q,SubI9RWhZRs
youtube,UC-d85jX9nXLqwTf5NWCGU-w,6sbKwTO455M
youtube,UC-d8aPFULQde_qCrjTz1OzQ,m03ZcYO8Yko
youtube,UC-D8oEUuwYffvZzCfl6rnPA,rp53CT69nDM
youtube,UC-D8yOOc5y5oo3CjlrqRZYg,ly4hZ70hJ28
youtube,UC-d99Qm_8B9FjLRyg6ifVXg,9tlsPaN45Hs
youtube,UC-D9eTAIaUhbW16p-xACqaQ,01pwAg6vVCI
youtube,UC-D9eTAIaUhbW16p-xACqaQ,tDnBd65bTlo
youtube,UC-d9OQsGtXqkfXNY3VbTu5g,xj02S2waGOw
youtube,UC-d9r355svtkmMYVrX6e-vA,QTV1atn_8QA
youtube,UC-d_LDSjwB1239PrxYFUUEQ,aNeFY5q7Fyg
youtube,UC-d_ofX4Qn_CCuQ-emR7zIg,14FBSoo20FE
youtube,UC-d_ofX4Qn_CCuQ-emR7zIg,33SHuyfLDbU
youtube,UC-d_ofX4Qn_CCuQ-emR7zIg,51fzYNF5Lu4
youtube,UC-d_ofX4Qn_CCuQ-emR7zIg,_9fQzlxZHiM
youtube,UC-d_ofX4Qn_CCuQ-emR7zIg,DCjsykwY1xY
youtube,UC-d_ofX4Qn_CCuQ-emR7zIg,f9oee71fw8o
youtube,UC-d_ofX4Qn_CCuQ-emR7zIg,HzB93R7Z02M
youtube,UC-d_ofX4Qn_CCuQ-emR7zIg,j9UEDV-p8Z0
youtube,UC-d_ofX4Qn_CCuQ-emR7zIg,lk1m7-uvGyc
youtube,UC-d_ofX4Qn_CCuQ-emR7zIg,mm5_reahFls
youtube,UC-d_ofX4Qn_CCuQ-emR7zIg,oEfKB_Id4hM
youtube,UC-d_ofX4Qn_CCuQ-emR7zIg,OT3_rxfcteU
youtube,UC-d_ofX4Qn_CCuQ-emR7zIg,PoixJ-bJ0VQ
youtube,UC-d_ofX4Qn_CCuQ-emR7zIg,PuyNC3jAQ2M
youtube,UC-d_ofX4Qn_CCuQ-emR7zIg,SpzWZFG2X8E
youtube,UC-d_ofX4Qn_CCuQ-emR7zIg,Tw2BrAGJaCQ
youtube,UC-d_ofX4Qn_CCuQ-emR7zIg,VICBZLA-LUQ
youtube,UC-d_ofX4Qn_CCuQ-emR7zIg,vjwrxKcVcio
youtube,UC-d_ofX4Qn_CCuQ-emR7zIg,wSqoriWJ3wo
youtube,UC-d_ofX4Qn_CCuQ-emR7zIg,y3isK1bg7gQ
youtube,UC-d_ofX4Qn_CCuQ-emR7zIg,ym6wHr9h074
youtube,UC-d_ofX4Qn_CCuQ-emR7zIg,zbbswBr8ZmQ
youtube,UC-DA-lQ6cKOjOrCdvVoPo0g,ujmbCesOcSI
youtube,UC-DABuWqj2sIRx-2UUAUXXA,xj02S2waGOw
youtube,UC-dAi9fD0iisLqU2A9lK3AA,lNCszsia-CE
youtube,UC-daPk_ckAWlFbWlrjGjobg,ghAdeT60_HQ
youtube,UC-DAUhhPJ4jXxOM0i4ePiKA,ly4hZ70hJ28
youtube,UC-DaWOG5BmWlnVA7WXsLScw,Yidu8jmW9vw
youtube,UC-dB7YaJtfE5YeS7QlGCrOg,HMByjbtmT88
youtube,UC-DbBGOtQbr3hq28yZSS2yQ,j9UEDV-p8Z0
youtube,UC-Dbffc7T8Ienr0E2WaBvQw,IVfy7I17mSI
youtube,UC-dboFDWMC5moyqri_jAhgg,e_NHqnED0Ek
youtube,UC-Dbow5Ws5Tatg7pviWh0kA,6wHc-n9-TlI
youtube,UC-Dbow5Ws5Tatg7pviWh0kA,apeKeH0WeRs
youtube,UC-Dbow5Ws5Tatg7pviWh0kA,dnCMIWGbMHc
youtube,UC-Dbow5Ws5Tatg7pviWh0kA,EHV6KBqIis8
youtube,UC-Dbow5Ws5Tatg7pviWh0kA,fRSmepwnYZs
youtube,UC-Dbow5Ws5Tatg7pviWh0kA,K8yHqeh4PE8
youtube,UC-Dbow5Ws5Tatg7pviWh0kA,MaN-ortMqtw
youtube,UC-Dbow5Ws5Tatg7pviWh0kA,NKL_1U3xc6o
youtube,UC-Dbow5Ws5Tatg7pviWh0kA,sC1v6aj_tGw
youtube,UC-Dbow5Ws5Tatg7pviWh0kA,wFgneuc1WzU
youtube,UC-Dbow5Ws5Tatg7pviWh0kA,wT0hG1f79Q4
youtube,UC-Dbow5Ws5Tatg7pviWh0kA,yI0pFshuw7s
youtube,UC-DBqpdhAKYj7TG1GeGdYCQ,P7HZ7E9n8IA
youtube,UC-dbRcKQ6BbgAb6IL8NswAw,23-1d9Q18FA
youtube,UC-dbRcKQ6BbgAb6IL8NswAw,8DbziW2P2rk
youtube,UC-dbRcKQ6BbgAb6IL8NswAw,me0NBnlfiKY
youtube,UC-dbRcKQ6BbgAb6IL8NswAw,UJtXaAY0-Go
youtube,UC-DBSIPRNzawe4C8-xJnD3A,c4N0lR_nrRQ
youtube,UC-DBSIPRNzawe4C8-xJnD3A,CDIIlwEOdIk
youtube,UC-DBSIPRNzawe4C8-xJnD3A,EcGyX5ojzRQ
youtube,UC-DBSIPRNzawe4C8-xJnD3A,id29jfIyCro
youtube,UC-dBV46N9qZ0XfWmSQKCoQA,iYARoVfOiJQ
youtube,UC-dBV46N9qZ0XfWmSQKCoQA,J48GOpxXY9w
youtube,UC-dBV46N9qZ0XfWmSQKCoQA,PsP6h329HVI
youtube,UC-dBV46N9qZ0XfWmSQKCoQA,tfLKO9QZaBk
youtube,UC-Dc-zDAK4Tcn4kr1GXOdDQ,BFzM2A_zYdk
youtube,UC-DCbvSI_fYlQGLQYGGQJ4w,5eueeEHRMfA
youtube,UC-dcfSmccSb804Z6UgaBpyA,ioZfdKg-6Ig
youtube,UC-dclRoDptbKg7a7C4wVlJg,4TUKQvzs9a4
youtube,UC-dCNsE4yNqpY0_gRRaMDyQ,0NIvVtAXuJU
youtube,UC-dcuLKFPwxoGizXU74-onw,64V4zNdWg-o
youtube,UC-dCwov4whgxhU_R4PgdgxQ,SbCK8u_JZbs
youtube,UC-DcZ3z3IKIwB7dFsUFBeaQ,3i4xoUmwuRY
youtube,UC-DcZ3z3IKIwB7dFsUFBeaQ,bbCVLlxqNmU
youtube,UC-DcZ3z3IKIwB7dFsUFBeaQ,Iwasi7S0zwk
youtube,UC-DDIvg8mZjJy8hapbfm-FQ,Fx1oeKP2jPU
youtube,UC-ddpGR6xr_HCTIKcLFFh7Q,5dGfg2ZT4sc
youtube,UC-Dds4Vdan2ruAb_pWNUd5Q,Usu9FYkvVdk
youtube,UC-dDsHqwC3JkAsZiklTbCmQ,2b8KXoZhEbo
youtube,UC-dDuln3arnivhqeaWcudMA,Mq-ihPHKoCs
youtube,UC-DDYtDjHvfxYdMGAzL9sDg,gPYJDUh870A
youtube,UC-DefjxVOBzHwfltv7fit-g,_aifi15u-4Y
youtube,UC-DefjxVOBzHwfltv7fit-g,Lhrt0s_ImSY
youtube,UC-DefYKpYbLSvxZhjKSs5kg,gPYJDUh870A
youtube,UC-dEUNNzb1GifWWkYFJ6eRg,D7VW0-nNYvE
youtube,UC-dFBu39JSUXnSKK74ECsuw,0cqXEkWHPmM
youtube,UC-dFBu39JSUXnSKK74ECsuw,2YhFUeZZrbs
youtube,UC-dFBu39JSUXnSKK74ECsuw,4TYfMzSpm7Q
youtube,UC-dFBu39JSUXnSKK74ECsuw,5_Fcvqcdss4
youtube,UC-dFBu39JSUXnSKK74ECsuw,5A33YsxzzsE
youtube,UC-dFBu39JSUXnSKK74ECsuw,5fvv0iz0ahg
youtube,UC-dFBu39JSUXnSKK74ECsuw,7xPAqPbhDaY
youtube,UC-dFBu39JSUXnSKK74ECsuw,_HeNBnhdfRk
youtube,UC-dFBu39JSUXnSKK74ECsuw,_kyCTB7Ae60
youtube,UC-dFBu39JSUXnSKK74ECsuw,A2eDUfAYvD0
youtube,UC-dFBu39JSUXnSKK74ECsuw,Ag3Xv7EGWpc
youtube,UC-dFBu39JSUXnSKK74ECsuw,aVRkLAXEEM8
youtube,UC-dFBu39JSUXnSKK74ECsuw,BwdcG9va6ek
youtube,UC-dFBu39JSUXnSKK74ECsuw,Cp0WJP3TcS8
youtube,UC-dFBu39JSUXnSKK74ECsuw,dBJpNKoq2UI
youtube,UC-dFBu39JSUXnSKK74ECsuw,dpHuq7PmXb8
youtube,UC-dFBu39JSUXnSKK74ECsuw,EH_kRSLoZg8
youtube,UC-dFBu39JSUXnSKK74ECsuw,ETc2_szEAZ0
youtube,UC-dFBu39JSUXnSKK74ECsuw,eWClWq94X7s
youtube,UC-dFBu39JSUXnSKK74ECsuw,EWY68Gpy_Hg
youtube,UC-dFBu39JSUXnSKK74ECsuw,G_CJrcRF_wk
youtube,UC-dFBu39JSUXnSKK74ECsuw,GgUnlmcAyT4
youtube,UC-dFBu39JSUXnSKK74ECsuw,Hgucr0RW9Tc
youtube,UC-dFBu39JSUXnSKK74ECsuw,hTGpFZrT5-g
youtube,UC-dFBu39JSUXnSKK74ECsuw,iCifuj6xgMM
youtube,UC-dFBu39JSUXnSKK74ECsuw,Iwasi7S0zwk
youtube,UC-dFBu39JSUXnSKK74ECsuw,J-ZX995jsW8
youtube,UC-dFBu39JSUXnSKK74ECsuw,JM6fbPkynEE
youtube,UC-dFBu39JSUXnSKK74ECsuw,KaoTcH5tWRo
youtube,UC-dFBu39JSUXnSKK74ECsuw,Leelv8ZK_hY
youtube,UC-dFBu39JSUXnSKK74ECsuw,llFG7ZU9ggM
youtube,UC-dFBu39JSUXnSKK74ECsuw,LsFCNlYJNRc
youtube,UC-dFBu39JSUXnSKK74ECsuw,lx8qQ36IVdE
youtube,UC-dFBu39JSUXnSKK74ECsuw,Mo9R5zWWjVI
youtube,UC-dFBu39JSUXnSKK74ECsuw,n5xF68pWHsU
youtube,UC-dFBu39JSUXnSKK74ECsuw,n7nEH7Gx2hE
youtube,UC-dFBu39JSUXnSKK74ECsuw,Obvdn3Aj1kE
youtube,UC-dFBu39JSUXnSKK74ECsuw,ooCGRUcP0RY
youtube,UC-dFBu39JSUXnSKK74ECsuw,p3stw9y0lgY
youtube,UC-dFBu39JSUXnSKK74ECsuw,pWKLoFSrAFM
youtube,UC-dFBu39JSUXnSKK74ECsuw,pxhvzPGpu8Q
youtube,UC-dFBu39JSUXnSKK74ECsuw,q20jbOSINW4
youtube,UC-dFBu39JSUXnSKK74ECsuw,QlB8dIqubGA
youtube,UC-dFBu39JSUXnSKK74ECsuw,qxOO1ki56iI
youtube,UC-dFBu39JSUXnSKK74ECsuw,rIzQ2nqVJys
youtube,UC-dFBu39JSUXnSKK74ECsuw,suc5TcqEaUg
youtube,UC-dFBu39JSUXnSKK74ECsuw,SXaOz9T69Xs
youtube,UC-dFBu39JSUXnSKK74ECsuw,VaHeq8T479c
youtube,UC-dFBu39JSUXnSKK74ECsuw,vjwrxKcVcio
youtube,UC-dFBu39JSUXnSKK74ECsuw,xgWfWK9DBz0
youtube,UC-dFBu39JSUXnSKK74ECsuw,xLsQ1A8W0Vw
youtube,UC-dFBu39JSUXnSKK74ECsuw,xpKus5ZWYBI
youtube,UC-dFBu39JSUXnSKK74ECsuw,XrE4zNdiJVE
youtube,UC-dFBu39JSUXnSKK74ECsuw,Y5_QSQLwUOg
youtube,UC-dFBu39JSUXnSKK74ECsuw,yt6rOuOa7do
youtube,UC-dFBu39JSUXnSKK74ECsuw,yt_AJ2YUDw4
youtube,UC-dFBu39JSUXnSKK74ECsuw,YW5ZrOsu5mY
youtube,UC-dFBu39JSUXnSKK74ECsuw,zyDFK_9pl6M
youtube,UC-Dfi1QAMlarv_fUjLnZWUA,EDVtPwCbz7A
youtube,UC-dfP-ztEyg5zpb_caroZ1A,ai0gN8q2MTQ
youtube,UC-dFSTyzVKPMqsSV27BXsPA,EXiFVM5-Of4
youtube,UC-dFz4K8wXeL7jM8BIdTXmw,3i4xoUmwuRY
youtube,UC-dGa0yljzM5tCDWKfRCi2Q,96nmoLZUK5g
youtube,UC-dgfbRxgux13T2TnMWjuIw,5zn9120gGGE
youtube,UC-dH5cPegxFANDIDxW9THPA,hl7uMQ74Ll0
youtube,UC-DHCq774zf4-mdrhIoV8TA,LAvBfuuWjZk
youtube,UC-dhRBqwO3ZciNI-z1jof1g,BFzM2A_zYdk
youtube,UC-dhRBqwO3ZciNI-z1jof1g,GYRgFt9UMiw
youtube,UC-dhRtAJNPglcd-j6YRpxzg,4KOcZk2HTcg
youtube,UC-dhRtAJNPglcd-j6YRpxzg,cHYLL1W3RZw
youtube,UC-Dhws29JWrtatOUq-EHd3g,RQZsAObFUoM
youtube,UC-Dhws29JWrtatOUq-EHd3g,uKXFoVt0Lf0
youtube,UC-di29vHMyVqZ6T1Ja4HQ1w,BVhtcZNFsik
youtube,UC-dI8680zHH157WYNIx0b-A,5xncs-QC-Bg
youtube,UC-DiePgHZwr9OO4YWyL284Q,1hkYzM83zVE
youtube,UC-DiePgHZwr9OO4YWyL284Q,aJK2LwKzXdA
youtube,UC-DiePgHZwr9OO4YWyL284Q,hwBmTTEilnI
youtube,UC-DiePgHZwr9OO4YWyL284Q,tDnBd65bTlo
youtube,UC-diFP6ouOraXeJPPZTQlQQ,wiMm6sn0tjY
youtube,UC-dimEqWSaUpRC26zOv2Flg,4Gt3MgSnZwE
youtube,UC-dimEqWSaUpRC26zOv2Flg,zgxidoI1KXM
youtube,UC-djbXcqd4MmqoKONQ7XynA,VmbCVOzPf44
youtube,UC-dJI9B7zHy9-bKp6FkP9Cw,es2CDEeHXaE
youtube,UC-dJkc5UKZbqLSR3ZOXWVSQ,2HWRj1HwDbo
youtube,UC-DjRr1ABI45Ngk7g9xyPSQ,KvQVoag-90c
youtube,UC-djXT1c2w7T5Kw0VcVLnzg,w-5S62p0Bfs
youtube,UC-djYww_zpT1ChuL53wnUTw,1Sa0wIexVCM
youtube,UC-djYww_zpT1ChuL53wnUTw,6NI8YjHit8Y
youtube,UC-djYww_zpT1ChuL53wnUTw,bP_7zABXKfk
youtube,UC-djYww_zpT1ChuL53wnUTw,Ko9qp_KKJ38
youtube,UC-djYww_zpT1ChuL53wnUTw,MG1r6NaIdnw
youtube,UC-djYww_zpT1ChuL53wnUTw,oMFn_Wat78U
youtube,UC-djYww_zpT1ChuL53wnUTw,S4G_nGegMpY
youtube,UC-djYww_zpT1ChuL53wnUTw,Uc2Cafs_NaI
youtube,UC-djYww_zpT1ChuL53wnUTw,VKxHFso9TuM
youtube,UC-djYww_zpT1ChuL53wnUTw,Vx8lb8CFs48
youtube,UC-djYww_zpT1ChuL53wnUTw,yg-0_xr0vcw
youtube,UC-dK12wKuYClO41t_myGPYQ,Sp5s8zEBcZ0
youtube,UC-Dk56kxCTmIcKZot_7Ovow,G5rT5Ce14jY
youtube,UC-Dk66HTFbWWwuZZR0DItwA,nQMZTMPNDl0
youtube,UC-Dk66HTFbWWwuZZR0DItwA,TBtWLH1k8FM
youtube,UC-dKN26vDXqevL8Cz0do5aQ,17NAa2iCfPM
youtube,UC-dKN26vDXqevL8Cz0do5aQ,5GtLDBRLecY
youtube,UC-dKN26vDXqevL8Cz0do5aQ,mS6MvoRhbBc
youtube,UC-DKoB3r2JiCBg8LKPretqA,8zWQ2FmJqkg
youtube,UC-DKoB3r2JiCBg8LKPretqA,tpdW3fLfx-4
youtube,UC-dkQZAENjFhoMmd3ghzEtw,-LyOfxRpftQ
youtube,UC-dkXNAkNfnpddnLtj43jhA,4JkifI9xl8I
youtube,UC-dkXNAkNfnpddnLtj43jhA,bEVFdPXD_V8
youtube,UC-dkXNAkNfnpddnLtj43jhA,dH-98gfK8iQ
youtube,UC-dkXNAkNfnpddnLtj43jhA,EcGyX5ojzRQ
youtube,UC-dkXNAkNfnpddnLtj43jhA,NoTIZ0b_m5s
youtube,UC-dkXNAkNfnpddnLtj43jhA,pMbzaygsY4w
youtube,UC-dkXNAkNfnpddnLtj43jhA,wd1-zFduLew
youtube,UC-dkXNAkNfnpddnLtj43jhA,yM_CyRad5W8
youtube,UC-DKzXzxc80XiYXfLF9XVDA,DbQPooQ7838
youtube,UC-DKzXzxc80XiYXfLF9XVDA,pMReqn7ykO0
youtube,UC-DKzXzxc80XiYXfLF9XVDA,V7MmFgY0gbM
youtube,UC-Dl6tdVOWJBtYB3NKeLGnQ,1-7x-WIgL-I
youtube,UC-Dl6tdVOWJBtYB3NKeLGnQ,Jsypt0hOv5E
youtube,UC-dlIjfx8kBQUM-yayVhppA,QvUImi2dU6Y
youtube,UC-dlIjfx8kBQUM-yayVhppA,yt_AJ2YUDw4
youtube,UC-DlNrgs6BkLw4_1_XNfKHw,3E6a3sK0k5Y
youtube,UC-DlNrgs6BkLw4_1_XNfKHw,FFqeDtPMuYo
youtube,UC-DlNrgs6BkLw4_1_XNfKHw,JYJtdwNVPPs
youtube,UC-DlNrgs6BkLw4_1_XNfKHw,oaaT9NPBoHQ
youtube,UC-DlNrgs6BkLw4_1_XNfKHw,sN7zPeGs4R8
youtube,UC-DlNrgs6BkLw4_1_XNfKHw,U-qt0b5VmTI
youtube,UC-dlOJKxqoLjyq5V3zyi6yw,uD2GksmewMM
youtube,UC-dlp4zwlvw9_NcJim1qayA,2XImbS_BRLs
youtube,UC-dLs9WveAoSPBbKb5nFH7Q,6Ojm0kobtUM
youtube,UC-DlVSyj5OEK36ppS1h5f1Q,WAYoH4ONZyg
youtube,UC-DLxB-ZXFA1UtqBhX9tLfw,IxfN6ugPjoM
youtube,UC-Dm0IBgRHiX5rJaLbJpwIw,oPLEZeQCLDA
youtube,UC-dm3eWFIHLNPleTmt0OYUA,AgtwfHNEqhs
youtube,UC-dMf9nydMG4jNTMDljO-Ew,OlvyXs6VfhU
youtube,UC-DMHuCxa7NBRmo6jgokH5A,Iwasi7S0zwk
youtube,UC-Dmj_NFxPxYZiPfzKgWu3A,fJEGKbdKHeA
youtube,UC-DMSmmSezAjIZykEF8yU5g,1U-_x12RhRQ
youtube,UC-DMSmmSezAjIZykEF8yU5g,6D0POOt_I2A
youtube,UC-DMSmmSezAjIZykEF8yU5g,AMkhc6Z39kw
youtube,UC-DMSmmSezAjIZykEF8yU5g,fiQrWPUsrOg
youtube,UC-DMSmmSezAjIZykEF8yU5g,tOEpO_G0IDo
youtube,UC-DMSmmSezAjIZykEF8yU5g,TrKdgUVdYYw
youtube,UC-DMSmmSezAjIZykEF8yU5g,Ya7Tx4SGY5Y
youtube,UC-Dn0pSUgdG-bsXXILtvDrg,A1UdjBCtyqw
youtube,UC-DNiGD6EeJLB76q9MhXI6g,y3isK1bg7gQ
youtube,UC-dNJTBzFroYwq1zg8L6lWw,gMOvWI_NWLM
youtube,UC-dNLSS0hWaLZrmCuZnOaeA,QX1nVDTcUcg
youtube,UC-dnwVMKi4Q4F_g_-IRNGmw,j_kygqVfOYY
youtube,UC-Do_22oWzSBXYj-NqSGIdg,To-JJJWHTZI
youtube,UC-DOaFj99J5AMtvgh3MFVfA,8kpAsc5opRw
youtube,UC-DOaFj99J5AMtvgh3MFVfA,r5Ymb-hezU8
youtube,UC-DOaFj99J5AMtvgh3MFVfA,yiNXGbA4N1I
youtube,UC-doavVJajTgkD8siaBbDTQ,6wHc-n9-TlI
youtube,UC-doB_E0wL-5lW7AhDhLujg,0nZmLMa1hDo
youtube,UC-DOinMGR9oc90Gry7MvYVw,gPYJDUh870A
youtube,UC-DokhoAreinaXkRgKSdM3A,gaXdqbKXiRs
youtube,UC-dOLaVSkyiWJAsYFdGbAdg,3i4xoUmwuRY
youtube,UC-DOpp11asHSBIfeT_UKiCw,AgtwfHNEqhs
youtube,UC-dOrW2kYOFjfosIZBbQRdA,YF3flUd3mM8
youtube,UC-dOUmcvvxE64iphoGsqzow,Ot6S026yBqM
youtube,UC-dOV9eExyMNM_GPr2N3Zfg,ENR1fe8iff8
youtube,UC-dPeG_aKoKtaygROhqIhhA,rf0JSce9eUU
youtube,UC-dPSMEnSaUL2m4K3u-aPDA,LBus46K5WP4
youtube,UC-DpyyP6xJcOVp8ZVqyfkDQ,4KOcZk2HTcg
youtube,UC-DpyyP6xJcOVp8ZVqyfkDQ,B0rtfmZyQCo
youtube,UC-DpyyP6xJcOVp8ZVqyfkDQ,g-PopTqpdHc
youtube,UC-DQ2qRLo5-SgUj4g4h7TIw,X0c88mdy8eQ
youtube,UC-Dq5w47FTQXLVG-ipJmxNA,Ieprs3mtHHc
youtube,UC-DQ6zz5eI5LJpdizuLCVCw,2xzt60BDYvg
youtube,UC-DQ6zz5eI5LJpdizuLCVCw,5xncs-QC-Bg
youtube,UC-DQ6zz5eI5LJpdizuLCVCw,aNRovIdSbJI
youtube,UC-DQ6zz5eI5LJpdizuLCVCw,FTcopuRKpXk
youtube,UC-DQ6zz5eI5LJpdizuLCVCw,mUWUbnDHnDU
youtube,UC-DQ6zz5eI5LJpdizuLCVCw,uwP704n1VXk
youtube,UC-dqjp6pmxb6Dhu6Gl8jk4w,HMByjbtmT88
youtube,UC-Dqo6e5OIDIwM23E33uG1g,99WNa4MV5o8
youtube,UC-dQqb2i4RPFa8Nx6-DdLcg,4Lpnk5iIeP8
youtube,UC-dQqb2i4RPFa8Nx6-DdLcg,fzgTDaijHlc
youtube,UC-dQqb2i4RPFa8Nx6-DdLcg,sH5tSn8BbGY
youtube,UC-dr_VkXzYWTAlEheQNCINg,51QJ_B6WEXI
youtube,UC-dr_VkXzYWTAlEheQNCINg,JOcYFp9PYD0
youtube,UC-dr_VkXzYWTAlEheQNCINg,sM8dzaLwgEg
youtube,UC-dRcMc5tce3giOmKhNw9KA,WICtMa6ukI4
youtube,UC-dRHb3bD2tDWyciAzmTu_A,wNu8wuJa260
youtube,UC-dRHzTdZuZNeHafdTHYx5w,Fh6UveVkoVs
youtube,UC-dRHzTdZuZNeHafdTHYx5w,JKAsT-I2d_8
youtube,UC-dRHzTdZuZNeHafdTHYx5w,xf7djO1J-0I
youtube,UC-dRHzTdZuZNeHafdTHYx5w,ZKy0jhwD8ms
youtube,UC-Drl_8nXJc39fLMIg68iyg,-GXb8ReJcBc
youtube,UC-Drl_8nXJc39fLMIg68iyg,0RbrmvWE-O4
youtube,UC-Drl_8nXJc39fLMIg68iyg,10Nt9EyKBF8
youtube,UC-Drl_8nXJc39fLMIg68iyg,2J-j3YdZ1sE
youtube,UC-Drl_8nXJc39fLMIg68iyg,4viQT0MN6Ko
youtube,UC-Drl_8nXJc39fLMIg68iyg,4Y3MVWm28G4
youtube,UC-Drl_8nXJc39fLMIg68iyg,5pe2Mekc6Z4
youtube,UC-Drl_8nXJc39fLMIg68iyg,965rU1aMV2g
youtube,UC-Drl_8nXJc39fLMIg68iyg,a3DhlG5HMfY
youtube,UC-Drl_8nXJc39fLMIg68iyg,bN50I_dVFm8
youtube,UC-Drl_8nXJc39fLMIg68iyg,BZqSN7CkKFk
youtube,UC-Drl_8nXJc39fLMIg68iyg,cnuMDW6ds5U
youtube,UC-Drl_8nXJc39fLMIg68iyg,dfuX11M3VG8
youtube,UC-Drl_8nXJc39fLMIg68iyg,dyjIYhVoxvQ
youtube,UC-Drl_8nXJc39fLMIg68iyg,EB2CUh8waZw
youtube,UC-Drl_8nXJc39fLMIg68iyg,emHiQkiriOs
youtube,UC-Drl_8nXJc39fLMIg68iyg,eMwbtPv2CTg
youtube,UC-Drl_8nXJc39fLMIg68iyg,f9oee71fw8o
youtube,UC-Drl_8nXJc39fLMIg68iyg,fFge92zmktU
youtube,UC-Drl_8nXJc39fLMIg68iyg,HvUD4rtlUMM
youtube,UC-Drl_8nXJc39fLMIg68iyg,iiJ68c-skuU
youtube,UC-Drl_8nXJc39fLMIg68iyg,LqF1ucHCTZ4
youtube,UC-Drl_8nXJc39fLMIg68iyg,lSmmBChlAMo
youtube,UC-Drl_8nXJc39fLMIg68iyg,MHBK88pSk_o
youtube,UC-Drl_8nXJc39fLMIg68iyg,MKkBcKmYdag
youtube,UC-Drl_8nXJc39fLMIg68iyg,NLov0xSFRoI
youtube,UC-Drl_8nXJc39fLMIg68iyg,np8Kl-uy4uo
youtube,UC-Drl_8nXJc39fLMIg68iyg,o0_KufFUPIg
youtube,UC-Drl_8nXJc39fLMIg68iyg,o_tLs7tRT3U
youtube,UC-Drl_8nXJc39fLMIg68iyg,ODF2_tfeKOQ
youtube,UC-Drl_8nXJc39fLMIg68iyg,Oi92--_MAz4
youtube,UC-Drl_8nXJc39fLMIg68iyg,OT3_rxfcteU
youtube,UC-Drl_8nXJc39fLMIg68iyg,PQHMZSYZyo8
youtube,UC-Drl_8nXJc39fLMIg68iyg,Q3FLTHu42yw
youtube,UC-Drl_8nXJc39fLMIg68iyg,rBuQ70ef7dM
youtube,UC-Drl_8nXJc39fLMIg68iyg,sbkn-6YeRoE
youtube,UC-Drl_8nXJc39fLMIg68iyg,sECOuCcytSw
youtube,UC-Drl_8nXJc39fLMIg68iyg,SH0mSPIBltE
youtube,UC-Drl_8nXJc39fLMIg68iyg,SJ5dDfLObMI
youtube,UC-Drl_8nXJc39fLMIg68iyg,sQQpcbItUag
youtube,UC-Drl_8nXJc39fLMIg68iyg,tALxqiutfy8
youtube,UC-Drl_8nXJc39fLMIg68iyg,tYE3JaeaCOg
youtube,UC-Drl_8nXJc39fLMIg68iyg,uE2YouVgrh4
youtube,UC-Drl_8nXJc39fLMIg68iyg,ujmbCesOcSI
youtube,UC-Drl_8nXJc39fLMIg68iyg,vBRA6YvrIFE
youtube,UC-Drl_8nXJc39fLMIg68iyg,VICBZLA-LUQ
youtube,UC-Drl_8nXJc39fLMIg68iyg,W1lvOMaEvC8
youtube,UC-Drl_8nXJc39fLMIg68iyg,WAB_5iGI08k
youtube,UC-Drl_8nXJc39fLMIg68iyg,wG-XCmLY-fw
youtube,UC-Drl_8nXJc39fLMIg68iyg,ze0XkirLxIo
youtube,UC-Drl_8nXJc39fLMIg68iyg,zsDHFkX4mjI
youtube,UC-dRLXv7zJdxvC85RqqZqMA,3i4xoUmwuRY
youtube,UC-DrobOxH744KcoKL9YSZQg,qNvnOTVvBck
youtube,UC-DrQmA-KNc9dQuJofJuOfg,hyUEZTA-YJQ
youtube,UC-ds0m_ayGD9wkzmsSa447w,61uuJwfc-ec
youtube,UC-ds0m_ayGD9wkzmsSa447w,rDnsCgLvR9I
youtube,UC-dSdCVd183S99eHZOZtb0g,vIQV1tXIJUQ
youtube,UC-Dsmr5y39CMEUJWM9gOEVg,ZmvuKabp1sA
youtube,UC-DSpGC57ZRWsHkM7lhVcOw,1Wm9ctT6H4k
youtube,UC-DSpGC57ZRWsHkM7lhVcOw,RjnUtTxn9Vg
youtube,UC-DSpGC57ZRWsHkM7lhVcOw,yhB_uti26Lw
youtube,UC-dSTIAZ6Nm2EHHl9LbH4FQ,YYoNdQgmY_c
youtube,UC-dSTLnBx-bNPrqJ7A4iB7w,n2xQ112p4Kg
youtube,UC-dSTLnBx-bNPrqJ7A4iB7w,QX1nVDTcUcg
youtube,UC-dSW4unljeaURIf0mS7nOQ,okhLvl9r8Z8
youtube,UC-dT43hsFWo4GjyyCXtK-8g,-LYTthYXDyg
youtube,UC-DT6dNTL6OvAmD5xgQHeHQ,oIw6FWDQ18Y
youtube,UC-dt6qpre_PV8GZ_msnnRTQ,eLn7T1QQ5Xo
youtube,UC-Dtbg5-57hiBUHblW2WB1A,zcTlY5fz3iA
youtube,UC-dTjtGpSwlr3pvXX32aISw,BD_w3lFSeZc
youtube,UC-dTjX7H2Xnxr5TZjS-RHLA,3E6a3sK0k5Y
youtube,UC-dTjX7H2Xnxr5TZjS-RHLA,7o9x1r9vxhs
youtube,UC-dTjX7H2Xnxr5TZjS-RHLA,_pcAmjP4BCk
youtube,UC-dTjX7H2Xnxr5TZjS-RHLA,eyLUzpdtD3Q
youtube,UC-dTjX7H2Xnxr5TZjS-RHLA,FIdjzMBanbE
youtube,UC-dTjX7H2Xnxr5TZjS-RHLA,HnGqAVhcg3I
youtube,UC-dTjX7H2Xnxr5TZjS-RHLA,JYJtdwNVPPs
youtube,UC-dTjX7H2Xnxr5TZjS-RHLA,pr61-dQzP2o
youtube,UC-dTjX7H2Xnxr5TZjS-RHLA,Q3UT10nBJTI
youtube,UC-dTjX7H2Xnxr5TZjS-RHLA,WoyawrR6T90
youtube,UC-dtmVCdYeUrAF5AC_HKkFA,4Lpnk5iIeP8
youtube,UC-dtmVCdYeUrAF5AC_HKkFA,g3Nz0UKiBWM
youtube,UC-dtmVCdYeUrAF5AC_HKkFA,kR_rLlYTGsA
youtube,UC-DTxzD8bhpyo_grkX2I3Ug,5xncs-QC-Bg
youtube,UC-dTZZGEcoroeqj9nPi-e5g,aVRkLAXEEM8
youtube,UC-dTZZGEcoroeqj9nPi-e5g,BteldVrF4Rs
youtube,UC-dTZZGEcoroeqj9nPi-e5g,CdihgG0vMhs
youtube,UC-dTZZGEcoroeqj9nPi-e5g,h0p35IpT1j8
youtube,UC-dTZZGEcoroeqj9nPi-e5g,LROLNXZX2-s
youtube,UC-dTZZGEcoroeqj9nPi-e5g,NYnM0aGq4W4
youtube,UC-dTZZGEcoroeqj9nPi-e5g,vZC9OKh1nag
youtube,UC-dTZZGEcoroeqj9nPi-e5g,wZhypbg41gA
youtube,UC-dU9FZCCOkarkK4w_bsDnA,g_dAstCa2LI
youtube,UC-dU9FZCCOkarkK4w_bsDnA,NgutaS6xUtw
youtube,UC-dU9FZCCOkarkK4w_bsDnA,u5j6_vGAu60
youtube,UC-DUDaBR2ne9ShdzeYSqu7Q,5A33YsxzzsE
youtube,UC-dUG8tMK9u0p8AGKlmGnMQ,6wHc-n9-TlI
youtube,UC-dUjiTDRqvEupQyE1qpVxw,6gH28b2K4fQ
youtube,UC-Dv33WzIQ5rt2-sFAqMrHQ,CwWbCK11CME
youtube,UC-Dv33WzIQ5rt2-sFAqMrHQ,HqtdFnvEoUY
youtube,UC-Dv33WzIQ5rt2-sFAqMrHQ,QYz9lz8fkjo
youtube,UC-Dv33WzIQ5rt2-sFAqMrHQ,s54N7CwjW9c
youtube,UC-dvbdqI28Me0iut-exvGLw,Q4YWZHfKSXI
youtube,UC-dvbdqI28Me0iut-exvGLw,SubI9RWhZRs
youtube,UC-dVdkGlIsm-2Ux58Ad_r2Q,6Mgew_MsCxA
youtube,UC-DvJrJqXd_2cY1O5xUefdQ,B0rtfmZyQCo
youtube,UC-dvJzcUKFvLBBgnCFefjkQ,T0FLvw0SwPk
youtube,UC-DVuJVc4uJOX_Iuctni4xQ,Ds8rB8vLMBU
youtube,UC-DVVRkQYE8Bu3sDSGCtJ_g,JBfgyUYw_DE
youtube,UC-DWC-h5m4Q32HWi5P4VdTQ,4Jd2H2mP1bg
youtube,UC-DWC-h5m4Q32HWi5P4VdTQ,GYRgFt9UMiw
youtube,UC-DWC-h5m4Q32HWi5P4VdTQ,QI4YkmQy6BU
youtube,UC-DWC-h5m4Q32HWi5P4VdTQ,wfWBW9zun-g
youtube,UC-DWDyYhaMmEQKuLW_P1ghQ,QGY3OrgxHRk
youtube,UC-DWIzfpXlpC8luYxZvllZA,XW_gB_T0-NI
youtube,UC-dWJd7IGAHu05xlTB7tLAA,4Jd2H2mP1bg
youtube,UC-dWJd7IGAHu05xlTB7tLAA,BFzM2A_zYdk
youtube,UC-dWJd7IGAHu05xlTB7tLAA,dMo5ORwFEBU
youtube,UC-DwKNx49YerWmu82fy4eaw,GYRgFt9UMiw
youtube,UC-DwSfyU9H2Sl9cKMCpUGPg,x_D4U1dusEc
youtube,UC-DwSfyU9H2Sl9cKMCpUGPg,xZdmANOq0Iw
youtube,UC-dWvDgX-P7gUsoxAMOl8ow,fzgTDaijHlc
youtube,UC-dWvDgX-P7gUsoxAMOl8ow,gCGBiChQmTA
youtube,UC-dWvDgX-P7gUsoxAMOl8ow,pgkxHKxj6_g
youtube,UC-dWvDgX-P7gUsoxAMOl8ow,S7fiawg8J_4
youtube,UC-dWvDgX-P7gUsoxAMOl8ow,yh97K1ccxx8
youtube,UC-dWvDgX-P7gUsoxAMOl8ow,zYhv5xBeDkE
youtube,UC-Dx0Q9Sbgn4bkffK06jRlw,ZXOEtS3mdbo
youtube,UC-dx7PXLQPYysB5gqrye2CQ,9iFfFHZvnNM
youtube,UC-dxJiVr-eJbkebhYFY1WRw,v6DDvPsXQa4
youtube,UC-dXniFydAbg_QJQDshIrnA,dbQk8NsaCIo
youtube,UC-DXTn0y_CYA2BjUmSRQ3XA,np8Kl-uy4uo
youtube,UC-dXvCYkKj4emwSxaWGsELQ,ly4hZ70hJ28
youtube,UC-dyeayik31ejusyd1jG59g,Jm_BUhkGEWg
youtube,UC-dYlLVLlcJHBnGAavanGSw,DDHozKJOSaA
youtube,UC-Dyobvc3ZpwzxQdqFOvh1w,Fx1oeKP2jPU
youtube,UC-dyR-zrcVerIeMABvTSADg,SewbLO9Etr8
youtube,UC-dYroCq5mSsb_eTrFc9xig,byrTj6AjPIg
youtube,UC-dytTOAtZHgmgCT-9GD4lg,ij8vr3-DuG0
youtube,UC-dytTOAtZHgmgCT-9GD4lg,QMFQWHqLI8M
youtube,UC-Dyy38IXZnyuE64vsTonEw,PkPXbMsdiuM
youtube,UC-Dyy38IXZnyuE64vsTonEw,ztKVcwIo3Lw
youtube,UC-dzEK8pA8ICj_Kq0FSbZCg,xj02S2waGOw
youtube,UC-dzf7boumqDHEaCNJJFiAA,5eueeEHRMfA
youtube,UC-dzf7boumqDHEaCNJJFiAA,hcZg-IjH-TA
youtube,UC-dzf7boumqDHEaCNJJFiAA,JMzBzeRzOoo
youtube,UC-dzf7boumqDHEaCNJJFiAA,Lb8Zu9jpMo4
youtube,UC-dzf7boumqDHEaCNJJFiAA,QvUImi2dU6Y
youtube,UC-DzKOJgaFI77y3_tTrlDmQ,rzt_b0_PPng
youtube,UC-DZMpDcOoMslvupzot_e2w,eyLUzpdtD3Q
youtube,UC-DzqBMQXS8YrgxJGvpzEHQ,z9c66Lp2bL8
youtube,UC-dZVdb4gm1ObUrCi3_wTOg,zJt0eo0bezE
youtube,UC-dzYRpCSnYDGin0YERPFMA,i6WecDSYoA0
youtube,UC-E-0FBh835aqd0pUGZ2GCg,DXnnT2DkIfc
youtube,UC-E-0FBh835aqd0pUGZ2GCg,QlB8dIqubGA
youtube,UC-E-0FBh835aqd0pUGZ2GCg,z2iKJRJY2pg
youtube,UC-e-hkwUp4I3IJqOnjedSlA,xj02S2waGOw
youtube,UC-e-YqjFGq5SvlJ3nPsczCg,okXmbo0T9JM
youtube,UC-e-YqjFGq5SvlJ3nPsczCg,y3isK1bg7gQ
youtube,UC-e057VOHac5DJtHhAynmgA,QX1nVDTcUcg
youtube,UC-E0dlYCO5AaOirxebm0h8A,vZC9OKh1nag
youtube,UC-e0gN29Bj6W6myP8HIc-Lw,Qo-1drSZ8Lc
youtube,UC-E13IoNKNU4uHjAtMdq1Gw,by4Q11Tg2Zo
youtube,UC-E1hF7XlrxTbNuvU2BGZKQ,JKAsT-I2d_8
youtube,UC-E1L-wmEOmynIFZXhZ1jmg,rbNI3e2EYeg
youtube,UC-e1u5TbRzt84DFBAnheDwA,3i4xoUmwuRY
youtube,UC-E1VAiu5Nqr9x0rRPfZ1yA,qODcQDGHhFI
youtube,UC-e1wvyKb7zuKwp8j5OJxPQ,5H5rbvTl8Jo
youtube,UC-e1wvyKb7zuKwp8j5OJxPQ,bItb3j85AS8
youtube,UC-e1wvyKb7zuKwp8j5OJxPQ,m1ewylodHmM
youtube,UC-e1wvyKb7zuKwp8j5OJxPQ,TTCTEKH8CcI
youtube,UC-e1wvyKb7zuKwp8j5OJxPQ,UXiSS2gJCyQ
youtube,UC-E2FPEZTGeUP7kaGyVwEiw,8eOLhIDRZ3k
youtube,UC-E2FPEZTGeUP7kaGyVwEiw,8fMr0D3PJhM
youtube,UC-E2FPEZTGeUP7kaGyVwEiw,Iwasi7S0zwk
youtube,UC-E2FPEZTGeUP7kaGyVwEiw,OQeaHqHQJ8M
youtube,UC-E2FPEZTGeUP7kaGyVwEiw,W7VxXTSfGAI
youtube,UC-E2FPEZTGeUP7kaGyVwEiw,wt7bdsj6xkE
youtube,UC-E2o-ASXF2rIi6zpZqQ9Fw,nk8zozQiHyI
youtube,UC-E2o-ASXF2rIi6zpZqQ9Fw,PQHMZSYZyo8
youtube,UC-E2o-ASXF2rIi6zpZqQ9Fw,yhwHLAR2PdM
youtube,UC-E35F5UXTE9OTIdfZnOS4A,rp53CT69nDM
youtube,UC-E3gSat4pukte-Dhn2noPQ,Oej-Yx7c-hI
youtube,UC-E3kNmXui9q5lX9HODJASg,A1LzxFbtuNM
youtube,UC-e3WRK9He5ilFsAXnEuGuA,2y5VvtdRbx4
youtube,UC-e3WRK9He5ilFsAXnEuGuA,bFW7an4fPPA
youtube,UC-e3WRK9He5ilFsAXnEuGuA,ViRNbZy6aag
youtube,UC-e3xnOEa7a1oyd32QzAgZA,HYpz3AnQssM
youtube,UC-E4gCVpRTrzODSdg5Kip1w,ovzVPNUeDb8
youtube,UC-E4gmRUYXXsNLhLXiVFVOg,3Ad6L1vnKhY
youtube,UC-E4gmRUYXXsNLhLXiVFVOg,7xPAqPbhDaY
youtube,UC-E4gmRUYXXsNLhLXiVFVOg,_IN3BeKBKpo
youtube,UC-E4gmRUYXXsNLhLXiVFVOg,FWtbGoWQYW4
youtube,UC-E4gmRUYXXsNLhLXiVFVOg,gPYJDUh870A
youtube,UC-E4gmRUYXXsNLhLXiVFVOg,JM6fbPkynEE
youtube,UC-E4gmRUYXXsNLhLXiVFVOg,PcotU7NGceU
youtube,UC-E4gmRUYXXsNLhLXiVFVOg,SNwqumPDxes
youtube,UC-E4lGLybPMjMsveceHBqGw,gLEbD-kLtlA
youtube,UC-E4lGLybPMjMsveceHBqGw,V1BvrUPZFXA
youtube,UC-e4uaLezvNyW0OervhFXcA,4aruoUlvqyE
youtube,UC-e4uaLezvNyW0OervhFXcA,L2apKXfoVZ0
youtube,UC-e4uaLezvNyW0OervhFXcA,lXKHK71lQU0
youtube,UC-e4uaLezvNyW0OervhFXcA,rp53CT69nDM
youtube,UC-e4uaLezvNyW0OervhFXcA,TaIVAR_2Z8w
youtube,UC-e4ZZWZaSeiGZN91NsfnNg,-WfJOModCTQ
youtube,UC-e4ZZWZaSeiGZN91NsfnNg,18ByTCzZ_TI
youtube,UC-e4ZZWZaSeiGZN91NsfnNg,4KSA70LTpz0
youtube,UC-e4ZZWZaSeiGZN91NsfnNg,5zJmQqlwxrA
youtube,UC-e4ZZWZaSeiGZN91NsfnNg,Bgts7eFR1C0
youtube,UC-e4ZZWZaSeiGZN91NsfnNg,dcPGqotMGxI
youtube,UC-e4ZZWZaSeiGZN91NsfnNg,J4P31n_wczg
youtube,UC-e4ZZWZaSeiGZN91NsfnNg,k29RLy-uYXM
youtube,UC-e4ZZWZaSeiGZN91NsfnNg,M1dwmUoxrvw
youtube,UC-e4ZZWZaSeiGZN91NsfnNg,Q7LDa8sWgz8
youtube,UC-e4ZZWZaSeiGZN91NsfnNg,QZeFElxySeE
youtube,UC-e4ZZWZaSeiGZN91NsfnNg,tsTMVsWiNFk
youtube,UC-e4ZZWZaSeiGZN91NsfnNg,wUPXIPDd_vI
youtube,UC-e4ZZWZaSeiGZN91NsfnNg,zsDHFkX4mjI
youtube,UC-e58Z_ZF1IWqvT0t60Qqfw,8ktxhDadzlU
youtube,UC-e76ml2Mwu534cY9WISvlw,l8aXzJGQlgA
youtube,UC-e76ml2Mwu534cY9WISvlw,xYmyrorSs9I
youtube,UC-E83xsMHN1OmEKdEVTsYEg,3E6a3sK0k5Y
youtube,UC-E83xsMHN1OmEKdEVTsYEg,_xqD4duaUwI
youtube,UC-E83xsMHN1OmEKdEVTsYEg,B5LFhKSK8xQ
youtube,UC-E83xsMHN1OmEKdEVTsYEg,BEAxLvfyxhs
youtube,UC-E83xsMHN1OmEKdEVTsYEg,BmAutySDpsI
youtube,UC-E83xsMHN1OmEKdEVTsYEg,LbYThEp_zWk
youtube,UC-E83xsMHN1OmEKdEVTsYEg,np8Kl-uy4uo
youtube,UC-E83xsMHN1OmEKdEVTsYEg,pr61-dQzP2o
youtube,UC-E83xsMHN1OmEKdEVTsYEg,SoaNAQHkZyE
youtube,UC-E83xsMHN1OmEKdEVTsYEg,yY-sLVioY8s
youtube,UC-E83xsMHN1OmEKdEVTsYEg,zVCbCZSF4lM
youtube,UC-e88MCnpNT9UnziYvME0Mw,Ar993piNuOU
youtube,UC-E8UPgpbOa6pBBMf7_7Pvw,_pcAmjP4BCk
youtube,UC-E8UPgpbOa6pBBMf7_7Pvw,NfnwnjSXSE8
youtube,UC-E9O4O4i9voTnHaVadYycg,5LuXZ-zLm5w
youtube,UC-E9O4O4i9voTnHaVadYycg,EXiFVM5-Of4
youtube,UC-E9O4O4i9voTnHaVadYycg,tj71FvSNJps
youtube,UC-e_2-CT4NiveZxdSJYewrw,D7VW0-nNYvE
youtube,UC-e_aKf9dP7hhAKOaot5Uzg,4QXgqO__Ds4
youtube,UC-E_GB16kcji-pnZSYeTePQ,6wzUA77ozuE
youtube,UC-E_GB16kcji-pnZSYeTePQ,aNeFY5q7Fyg
youtube,UC-E_GB16kcji-pnZSYeTePQ,IC6gtTvVEBE
youtube,UC-E_hmPwl_2veNN7pmTJ9kQ,cu-81boDJ3E
youtube,UC-E_HygwnhQHMW3ibEJeP2A,TQ6kd8402p0
youtube,UC-e_t9xPdZBiy1ZG0MIpd5w,DbmhDg_KC50
youtube,UC-e_t9xPdZBiy1ZG0MIpd5w,EWp4NCbkaxg
youtube,UC-E_u0tONL7jX233EX8yy1A,7y4kMmxXSgU
youtube,UC-E_Yzkp48xxmeZ6oaYt4ow,9rsJgiF41cA
youtube,UC-ea59dHDIJvUnAuvywYVLw,2YeTgHeIiUA
youtube,UC-ea59dHDIJvUnAuvywYVLw,3i4xoUmwuRY
youtube,UC-EAjcw1oZ8XS_ug5V_VUgg,4yWtJ7h7U7U
youtube,UC-EAjcw1oZ8XS_ug5V_VUgg,_KMGRJWeFuY
youtube,UC-EAQo44GU_vfkXuzeC_wYA,33SHuyfLDbU
youtube,UC-EAQo44GU_vfkXuzeC_wYA,5R7maRlDKAE
youtube,UC-EAQo44GU_vfkXuzeC_wYA,5xncs-QC-Bg
youtube,UC-EAQo44GU_vfkXuzeC_wYA,6JxP6X8mRy8
youtube,UC-EAQo44GU_vfkXuzeC_wYA,7BMAwUnXeVQ
youtube,UC-EAQo44GU_vfkXuzeC_wYA,965rU1aMV2g
youtube,UC-EAQo44GU_vfkXuzeC_wYA,9AO9wNuQy8w
youtube,UC-EAQo44GU_vfkXuzeC_wYA,9X4QiFoWDP0
youtube,UC-EAQo44GU_vfkXuzeC_wYA,_HBEOWpEIu8
youtube,UC-EAQo44GU_vfkXuzeC_wYA,_xqD4duaUwI
youtube,UC-EAQo44GU_vfkXuzeC_wYA,e_J-QDiJ8wQ
youtube,UC-EAQo44GU_vfkXuzeC_wYA,Fpsso1Ufgkk
youtube,UC-EAQo44GU_vfkXuzeC_wYA,GCVNBUeFKJM
youtube,UC-EAQo44GU_vfkXuzeC_wYA,hLv69vQGB0o
youtube,UC-EAQo44GU_vfkXuzeC_wYA,idwaEumg1Ag
youtube,UC-EAQo44GU_vfkXuzeC_wYA,j9UEDV-p8Z0
youtube,UC-EAQo44GU_vfkXuzeC_wYA,kc3fFkxbjBw
youtube,UC-EAQo44GU_vfkXuzeC_wYA,MvmaNDv9qVU
youtube,UC-EAQo44GU_vfkXuzeC_wYA,o0_KufFUPIg
youtube,UC-EAQo44GU_vfkXuzeC_wYA,ObfiLSaUZwM
youtube,UC-EAQo44GU_vfkXuzeC_wYA,okMKIzp33YI
youtube,UC-EAQo44GU_vfkXuzeC_wYA,PJOo6w5cI4E
youtube,UC-EAQo44GU_vfkXuzeC_wYA,rcRyLWvvsg0
youtube,UC-EAQo44GU_vfkXuzeC_wYA,RSCCA9x5TXg
youtube,UC-EAQo44GU_vfkXuzeC_wYA,rxLLDShvQv8
youtube,UC-EAQo44GU_vfkXuzeC_wYA,vVJ_RslF0r4
youtube,UC-EAQo44GU_vfkXuzeC_wYA,x1k42zDQQi8
youtube,UC-EAQo44GU_vfkXuzeC_wYA,YhvHk4nFPOs
youtube,UC-EAQo44GU_vfkXuzeC_wYA,zIE2ESRh4Ek
youtube,UC-eaS608jcEI6pBIvDujJVg,pt1VJxBYdV8
youtube,UC-eaS608jcEI6pBIvDujJVg,sqghlf3JgPs
youtube,UC-EatbiKCa-IySArbiUpSeg,iADENG6Ldsk
youtube,UC-EAUD76aXAcSIhGYHSZpDw,hRuJlmERsN8
youtube,UC-EAZ9QSpHdE_zTQgK_R9FQ,3i4xoUmwuRY
youtube,UC-EAZ9QSpHdE_zTQgK_R9FQ,_kyCTB7Ae60
youtube,UC-EAZ9QSpHdE_zTQgK_R9FQ,EH_kRSLoZg8
youtube,UC-EAZ9QSpHdE_zTQgK_R9FQ,zgxidoI1KXM
youtube,UC-EAZ9QSpHdE_zTQgK_R9FQ,zIQ6daeVqzg
youtube,UC-eAzf6OxNtnbu2MiqG40gQ,3i4xoUmwuRY
youtube,UC-EBcyOAennLG1GcFaKL7og,7y4kMmxXSgU
youtube,UC-eBLrboQymFJbo92cgnNzQ,mDtpu-QAdnk
youtube,UC-EBQ7XyDd-fT50hwE9lybA,7o9x1r9vxhs
youtube,UC-EbSkto9KqJMYjigK8GFTg,-LyOfxRpftQ
youtube,UC-Ebwb2DnBRLoImGlRbNIPQ,CZnyBIIdo-s
youtube,UC-eC4Zzn2Xpt_lPfucB-ywQ,XtT1ZqbQehY
youtube,UC-ecTtUhb5bxekMFAEU9Qgw,-LyOfxRpftQ
youtube,UC-ecTtUhb5bxekMFAEU9Qgw,9xiM-TVUSDw
youtube,UC-ecTtUhb5bxekMFAEU9Qgw,EaJ8CH_jfJE
youtube,UC-ECvOQSAcAONvg7vLpqG6g,-9uaFvenJus
youtube,UC-ECvOQSAcAONvg7vLpqG6g,-WzZ9zqBuQs
youtube,UC-ECvOQSAcAONvg7vLpqG6g,09LSf6gh1YM
youtube,UC-ECvOQSAcAONvg7vLpqG6g,0LFQJhoY5xk
youtube,UC-ECvOQSAcAONvg7vLpqG6g,0xpubUKWoLA
youtube,UC-ECvOQSAcAONvg7vLpqG6g,18ByTCzZ_TI
youtube,UC-ECvOQSAcAONvg7vLpqG6g,2JLHFcO1tQQ
youtube,UC-ECvOQSAcAONvg7vLpqG6g,2MGXZ-D31Bc
youtube,UC-ECvOQSAcAONvg7vLpqG6g,2Ynx-H3dnN0
youtube,UC-ECvOQSAcAONvg7vLpqG6g,3tTXJ2wszT8
youtube,UC-ECvOQSAcAONvg7vLpqG6g,56fA7HlQlzE
youtube,UC-ECvOQSAcAONvg7vLpqG6g,6298x2ksfdw
youtube,UC-ECvOQSAcAONvg7vLpqG6g,6KBOz_wZSpg
youtube,UC-ECvOQSAcAONvg7vLpqG6g,700r7dbY924
youtube,UC-ECvOQSAcAONvg7vLpqG6g,7LZpVoaFAxc
youtube,UC-ECvOQSAcAONvg7vLpqG6g,8prNLdte254
youtube,UC-ECvOQSAcAONvg7vLpqG6g,9_hFUzWCJZM
youtube,UC-ECvOQSAcAONvg7vLpqG6g,9rbxtbNgBz4
youtube,UC-ECvOQSAcAONvg7vLpqG6g,_DbdLTmrZAo
youtube,UC-ECvOQSAcAONvg7vLpqG6g,_Sm8vI-0r2g
youtube,UC-ECvOQSAcAONvg7vLpqG6g,aOSoNvpYH7w
youtube,UC-ECvOQSAcAONvg7vLpqG6g,BQpVLtklou0
youtube,UC-ECvOQSAcAONvg7vLpqG6g,cu-81boDJ3E
youtube,UC-ECvOQSAcAONvg7vLpqG6g,CZc0K-Pd3Rk
youtube,UC-ECvOQSAcAONvg7vLpqG6g,eRig2mRjoAM
youtube,UC-ECvOQSAcAONvg7vLpqG6g,EtyFdQm5_60
youtube,UC-ECvOQSAcAONvg7vLpqG6g,fcwjZXqDpAQ
youtube,UC-ECvOQSAcAONvg7vLpqG6g,FCwoM5eVG0s
youtube,UC-ECvOQSAcAONvg7vLpqG6g,fnWMudqrsBo
youtube,UC-ECvOQSAcAONvg7vLpqG6g,FriPYxSOAB8
youtube,UC-ECvOQSAcAONvg7vLpqG6g,FyjSzHnD1xg
youtube,UC-ECvOQSAcAONvg7vLpqG6g,G7dWiXHA-00
youtube,UC-ECvOQSAcAONvg7vLpqG6g,gfLTxZZURCU
youtube,UC-ECvOQSAcAONvg7vLpqG6g,gsPrNH1H5gk
youtube,UC-ECvOQSAcAONvg7vLpqG6g,H5tNCmwmTgw
youtube,UC-ECvOQSAcAONvg7vLpqG6g,iBAo343kb3w
youtube,UC-ECvOQSAcAONvg7vLpqG6g,iBSZ8m7b93s
youtube,UC-ECvOQSAcAONvg7vLpqG6g,iyKxyAWuUPw
youtube,UC-ECvOQSAcAONvg7vLpqG6g,jBUI1b6ndt0
youtube,UC-ECvOQSAcAONvg7vLpqG6g,jRF_-RSqXCs
youtube,UC-ECvOQSAcAONvg7vLpqG6g,kCEUC1EEjbQ
youtube,UC-ECvOQSAcAONvg7vLpqG6g,KLMUi3ZFXRc
youtube,UC-ECvOQSAcAONvg7vLpqG6g,KrDitZa1qf0
youtube,UC-ECvOQSAcAONvg7vLpqG6g,KwRgkzAbSBc
youtube,UC-ECvOQSAcAONvg7vLpqG6g,LMGrm0tJ_Nk
youtube,UC-ECvOQSAcAONvg7vLpqG6g,ly4hZ70hJ28
youtube,UC-ECvOQSAcAONvg7vLpqG6g,m_8XdI8dZ84
youtube,UC-ECvOQSAcAONvg7vLpqG6g,mAVNWa_fYsU
youtube,UC-ECvOQSAcAONvg7vLpqG6g,nuUoCStzsBQ
youtube,UC-ECvOQSAcAONvg7vLpqG6g,ofmapBgaLAs
youtube,UC-ECvOQSAcAONvg7vLpqG6g,oyEvAnNTPtc
youtube,UC-ECvOQSAcAONvg7vLpqG6g,PapoKZ9YsAg
youtube,UC-ECvOQSAcAONvg7vLpqG6g,PhLS8MLqWg0
youtube,UC-ECvOQSAcAONvg7vLpqG6g,pr1BZ_RdZ5M
youtube,UC-ECvOQSAcAONvg7vLpqG6g,PuyNC3jAQ2M
youtube,UC-ECvOQSAcAONvg7vLpqG6g,Q4YWZHfKSXI
youtube,UC-ECvOQSAcAONvg7vLpqG6g,QePsSPmS-LQ
youtube,UC-ECvOQSAcAONvg7vLpqG6g,R-KNGl2QzMA
youtube,UC-ECvOQSAcAONvg7vLpqG6g,r5xUpNlQJjU
youtube,UC-ECvOQSAcAONvg7vLpqG6g,Rbgh1A6HqkQ
youtube,UC-ECvOQSAcAONvg7vLpqG6g,RF3p0fEC9Lw
youtube,UC-ECvOQSAcAONvg7vLpqG6g,rshrZivzJX8
youtube,UC-ECvOQSAcAONvg7vLpqG6g,sqv5LlTqL5g
youtube,UC-ECvOQSAcAONvg7vLpqG6g,tBWJVgSAxGU
youtube,UC-ECvOQSAcAONvg7vLpqG6g,tMIJafPyZw0
youtube,UC-ECvOQSAcAONvg7vLpqG6g,tmr7B3wPBas
youtube,UC-ECvOQSAcAONvg7vLpqG6g,tUTYWC3XZS0
youtube,UC-ECvOQSAcAONvg7vLpqG6g,ui1W7jvxRS0
youtube,UC-ECvOQSAcAONvg7vLpqG6g,VDPdfYAxo3o
youtube,UC-ECvOQSAcAONvg7vLpqG6g,vgH7vJJKbXc
youtube,UC-ECvOQSAcAONvg7vLpqG6g,VH2-n0NGmCk
youtube,UC-ECvOQSAcAONvg7vLpqG6g,w3N8m0szFR0
youtube,UC-ECvOQSAcAONvg7vLpqG6g,x30voNC-dY8
youtube,UC-ECvOQSAcAONvg7vLpqG6g,xRK2VziNUgc
youtube,UC-ECvOQSAcAONvg7vLpqG6g,xW_UJLp7us8
youtube,UC-ECvOQSAcAONvg7vLpqG6g,yDvn-A03kfg
youtube,UC-ECvOQSAcAONvg7vLpqG6g,ylF_aCYui3c
youtube,UC-ECvOQSAcAONvg7vLpqG6g,yWA1S7f2nyw
youtube,UC-ECvOQSAcAONvg7vLpqG6g,Z3EVPzZYWYc
youtube,UC-ECvOQSAcAONvg7vLpqG6g,zgZFb7iStDQ
youtube,UC-ED8tK4goEnvFk8zBLfdIQ,t0K0Vl8cIoo
youtube,UC-eDAQLvytqRBgeP-dDinIQ,ISLO3ytIBcE
youtube,UC-eDeat3Cyl_EEktH9RqQ0g,tmr7B3wPBas
youtube,UC-EdFzcQbsp-5C9tPKf_Ryw,kR_rLlYTGsA
youtube,UC-EdFzcQbsp-5C9tPKf_Ryw,ly4hZ70hJ28
youtube,UC-edg1Bl74eToUTWKE81Tdg,tzHEuiA141Y
youtube,UC-eDkMlpU9LAik1Kx-qt9Ww,WlZg10lql4c
youtube,UC-eDkMlpU9LAik1Kx-qt9Ww,ZNG-LWwajSE
youtube,UC-EdnM5cehKSGf8rkEt1Yvg,XW_gB_T0-NI
youtube,UC-edoAcWVxkYMcyxvUZzuXQ,AytOxrwobd4
youtube,UC-edoAcWVxkYMcyxvUZzuXQ,BFzM2A_zYdk
youtube,UC-edoAcWVxkYMcyxvUZzuXQ,Ds8rB8vLMBU
youtube,UC-edoAcWVxkYMcyxvUZzuXQ,FwTe96irgdo
youtube,UC-edoAcWVxkYMcyxvUZzuXQ,YApeH_xxqLY
youtube,UC-edrE8mSgN6GixAF6ARAjg,ikFmuvh4Hvk
youtube,UC-eDVqTMGSz1nDJaeER-41Q,DryxQkvGn4Q
youtube,UC-eDVqTMGSz1nDJaeER-41Q,gq8oQACEr8w
youtube,UC-eDVqTMGSz1nDJaeER-41Q,Ieprs3mtHHc
youtube,UC-Edxd0W04s9QgSPSZnTWYA,yE4HoFMOaOc
youtube,UC-EdYIs3VbJCClLmrARJULw,ae5H9GCYOYk
youtube,UC-EdYIs3VbJCClLmrARJULw,AuP0Y9Slvyk
youtube,UC-EeBL7Q5ixsQ_lHrSfgh5A,D7VW0-nNYvE
youtube,UC-eeeJx-UR4667ciUY7JVNA,OrHKmDvHAuQ
youtube,UC-eEhvgopaXbsGDJ5qKTHbQ,UzuS-AYdjZw
youtube,UC-eEmj3lg3Fm0r2Dm1hqAyg,10kEN10BuVU
youtube,UC-eeNhHhRPKKEpWnocaafgQ,_xqD4duaUwI
youtube,UC-EEqxK5DuMZw8GRY_h8VEw,eIDV1ynBCPI
youtube,UC-EEqxK5DuMZw8GRY_h8VEw,gO1NMWxiG0w
youtube,UC-EEqxK5DuMZw8GRY_h8VEw,hbiHVLh3yqM
youtube,UC-EEqxK5DuMZw8GRY_h8VEw,M5ZISLoHJoQ
youtube,UC-EEqxK5DuMZw8GRY_h8VEw,NIz5HZkxZBc
youtube,UC-EEqxK5DuMZw8GRY_h8VEw,S-_7K3vBL2c
youtube,UC-EEqxK5DuMZw8GRY_h8VEw,vaZk6hI50Ew
youtube,UC-EeSVa79dcLiDOJ5HTAiAQ,W9Q4Kb4sJaM
youtube,UC-EEtF5MaLrfzVoqRkb3_Cg,WBq-8QChtdo
youtube,UC-eex5nl7PVn4RXP0CD-1GA,fcZ_Zr57WFA
youtube,UC-eex5nl7PVn4RXP0CD-1GA,nokw3b_L9jA
youtube,UC-Ef3wbkDet9YkrlR3uTGcw,VTgjgo2E9ik
youtube,UC-eF_zKrpgmCTuAvV5JTvmw,FSCgSMm4xHY
youtube,UC-Efd6R3U4VCeyaxDHXfQIw,Kj8vK9JGp_M
youtube,UC-eFfkX3QNErCrZQek9Yicw,_kyCTB7Ae60
youtube,UC-eFfkX3QNErCrZQek9Yicw,KaoTcH5tWRo
youtube,UC-eFfkX3QNErCrZQek9Yicw,s5JwuDhEKDk
youtube,UC-eFfkX3QNErCrZQek9Yicw,Z2XbAPnuZ2A
youtube,UC-EfhQdpQnA-oBl5WiPqDew,4Jd2H2mP1bg
youtube,UC-eFkry57oLIxFUodS7EmzA,G5rT5Ce14jY
youtube,UC-efnxzHIEiVkFHAGCLf4Ow,FwTe96irgdo
youtube,UC-eFX0RugzY6ECYhwrTrCxQ,52zTpCfdbg0
youtube,UC-eFX0RugzY6ECYhwrTrCxQ,TBtWLH1k8FM
youtube,UC-efxvlwzryi5tj9gwPdgqg,pWb53Cg1JNk
youtube,UC-EG7nZxSAhwMMSqaP3Ti3A,fQyy4mvRYtk
youtube,UC-EG7nZxSAhwMMSqaP3Ti3A,FwTe96irgdo
youtube,UC-EG7nZxSAhwMMSqaP3Ti3A,kdh41uO_xQw
youtube,UC-EG7nZxSAhwMMSqaP3Ti3A,OhnmfDF6Z1U
youtube,UC-EG7nZxSAhwMMSqaP3Ti3A,Tw2XnskGj6U
youtube,UC-EG7nZxSAhwMMSqaP3Ti3A,uE2YouVgrh4
youtube,UC-EG7nZxSAhwMMSqaP3Ti3A,vRYPV-3YPxE
youtube,UC-EG7nZxSAhwMMSqaP3Ti3A,zy1vEWFDYX0
youtube,UC-EG8IZnB7V1wNyjxFeAwng,AgtwfHNEqhs
youtube,UC-EG8IZnB7V1wNyjxFeAwng,xj02S2waGOw
youtube,UC-egaLUPsE1Ni5Kwq0H7s4Q,BVhtcZNFsik
youtube,UC-EGcnHtUGmBJ81wk3ULjTQ,A1jgTsG-Wdk
youtube,UC-EGcnHtUGmBJ81wk3ULjTQ,m18bEydz_Mc
youtube,UC-EGcnHtUGmBJ81wk3ULjTQ,OzwWcNGBTzk
youtube,UC-EGcnHtUGmBJ81wk3ULjTQ,QvUImi2dU6Y
youtube,UC-EGcnHtUGmBJ81wk3ULjTQ,tzHEuiA141Y
youtube,UC-egfWyPNJoJujLqIIbNA6w,gLNRr80Nuw4
youtube,UC-EGkciIaRIbWhbi5JeDHPA,-KD4xcSfhZ0
youtube,UC-EGkciIaRIbWhbi5JeDHPA,0IuO84Hehfc
youtube,UC-EGkciIaRIbWhbi5JeDHPA,1v4zq5eICEc
youtube,UC-EGkciIaRIbWhbi5JeDHPA,53LadeMTbPw
youtube,UC-EGkciIaRIbWhbi5JeDHPA,5DIYfPLJRsY
youtube,UC-EGkciIaRIbWhbi5JeDHPA,7E7sgB3P2i8
youtube,UC-EGkciIaRIbWhbi5JeDHPA,8DbziW2P2rk
youtube,UC-EGkciIaRIbWhbi5JeDHPA,_rzTeVdpmQk
youtube,UC-EGkciIaRIbWhbi5JeDHPA,BvKuRQupP5c
youtube,UC-EGkciIaRIbWhbi5JeDHPA,D6sbDGtHN5Y
youtube,UC-EGkciIaRIbWhbi5JeDHPA,DIWA7Q95GZw
youtube,UC-EGkciIaRIbWhbi5JeDHPA,FTcopuRKpXk
youtube,UC-EGkciIaRIbWhbi5JeDHPA,h0vtHix_zF8
youtube,UC-EGkciIaRIbWhbi5JeDHPA,HZ5P2-aNKS0
youtube,UC-EGkciIaRIbWhbi5JeDHPA,LCPGtRjNnTY
youtube,UC-EGkciIaRIbWhbi5JeDHPA,PNwnbAHlzQQ
youtube,UC-EGkciIaRIbWhbi5JeDHPA,PWTg0GXQIRk
youtube,UC-EGkciIaRIbWhbi5JeDHPA,Q4YWZHfKSXI
youtube,UC-EGkciIaRIbWhbi5JeDHPA,qNS59hvP-l8
youtube,UC-EGkciIaRIbWhbi5JeDHPA,qP3tuo9nqEA
youtube,UC-EGkciIaRIbWhbi5JeDHPA,R4u1V8c6k00
youtube,UC-EGkciIaRIbWhbi5JeDHPA,Xc82pXqoHK0
youtube,UC-EGkciIaRIbWhbi5JeDHPA,xYmyrorSs9I
youtube,UC-EGkciIaRIbWhbi5JeDHPA,Yidu8jmW9vw
youtube,UC-EGkciIaRIbWhbi5JeDHPA,Yj_J7x-4P4k
youtube,UC-egvaCrMvIbab2jjYJ5Dyw,BteldVrF4Rs
youtube,UC-egvaCrMvIbab2jjYJ5Dyw,H7mzwZ_Q9Uc
youtube,UC-egvaCrMvIbab2jjYJ5Dyw,q3uidvu14oc
youtube,UC-EGz2DLQiqUpUfDYQSU7qA,79ACo4016wA
youtube,UC-EhC3KYWbI1KHWxS7XYCtA,2B2qIej2290
youtube,UC-EHcs90ADYZ931P1IIpccg,Qq_y2u2LtoQ
youtube,UC-EHHZiilGOg1pzpxBfjaHQ,_kyCTB7Ae60
youtube,UC-eHrgpuM5oFeWQXYHqql6g,_WMv67OKdlE
youtube,UC-eHrgpuM5oFeWQXYHqql6g,g-PopTqpdHc
youtube,UC-EhwaTx_hVsl2p-GsOiZPg,XtT1ZqbQehY
youtube,UC-eI8Nw9tckZtKK-uya4TXA,nRBdOdnzJic
youtube,UC-EilG8m6fJtxf1QtBiMNNg,YIm-JWnllXc
youtube,UC-EIoOHMkeGWFJ8xmVAyG3g,JOcYFp9PYD0
youtube,UC-Ej2jOskzdaAcU3ttARRIg,-47q9QYbd1U
youtube,UC-Ej2jOskzdaAcU3ttARRIg,3i4xoUmwuRY
youtube,UC-Ej2jOskzdaAcU3ttARRIg,A1jgTsG-Wdk
youtube,UC-Ej2jOskzdaAcU3ttARRIg,gvjCZT57evc
youtube,UC-Ej2jOskzdaAcU3ttARRIg,oj2JeCp_HPE
youtube,UC-Ej2jOskzdaAcU3ttARRIg,OzwWcNGBTzk
youtube,UC-Ej2jOskzdaAcU3ttARRIg,QvUImi2dU6Y
youtube,UC-Ej2jOskzdaAcU3ttARRIg,uYhs_J5ZYw4
youtube,UC-Ej2jOskzdaAcU3ttARRIg,xHYyQUS908A
youtube,UC-Ej2jOskzdaAcU3ttARRIg,YW5ZrOsu5mY
youtube,UC-ej6GSiIsq0ASwOYbsY-eA,gT3McfamAqM
youtube,UC-ejFOQpXBbdbv-HFsNr7kQ,uepTO2apd1M
youtube,UC-eJHwS7RgqOnXr3bvoUMjw,kDYtqZm1ZPw
youtube,UC-EJrV4gzD4gMrbKmVWgi8g,7xPAqPbhDaY
youtube,UC-EkR6htxBQW6CBUNJ_fs1A,g-PopTqpdHc
youtube,UC-ekwtbC1Z4nASNfXiaNSqw,bP_7zABXKfk
youtube,UC-EL1Vja3sLB2mtCPGhtxhw,OhnmfDF6Z1U
youtube,UC-EL1Vja3sLB2mtCPGhtxhw,rcRyLWvvsg0
youtube,UC-El26xggpZ30ZUwHyvYoCg,66psxgu1lKI
youtube,UC-El26xggpZ30ZUwHyvYoCg,XX4HNMULUzM
youtube,UC-el4Kr884klWHSTRWamI1A,ctrvxu3YqRU
youtube,UC-elf5I2INyyosuy7Q8oypw,MKkBcKmYdag
youtube,UC-elf5I2INyyosuy7Q8oypw,niMg_XHjNHs
youtube,UC-elf5I2INyyosuy7Q8oypw,rcRyLWvvsg0
youtube,UC-elf5I2INyyosuy7Q8oypw,TskGnMnKfYc
youtube,UC-eLhK1A8IxkKBSloLvgP7A,JKAsT-I2d_8
youtube,UC-ELlt1Q6-XAsoVFkqXGD9Q,2ssv1mmEBPI
youtube,UC-ELlt1Q6-XAsoVFkqXGD9Q,N4IdVb8lE2w
youtube,UC-ElPv-RQ0SmlfDZNLqKMrw,e9xqj73VKyE
youtube,UC-eLvAZ543-mdspGN8FHSGA,_WMv67OKdlE
youtube,UC-eLvAZ543-mdspGN8FHSGA,EO9Ij1PhQSs
youtube,UC-elZjIkHVZ_bTmaVSDdKtg,nLCLsTLXkkI
youtube,UC-EM3pFasGJiIBr3mc8PL0g,2b8KXoZhEbo
youtube,UC-Emeea7SXMy3CFfv6p3hWg,6qT4WLo2OMI
youtube,UC-EmLNz9AaaxLqq7OsVMnaQ,2-2Svg-o1-Q
youtube,UC-EmLNz9AaaxLqq7OsVMnaQ,9BtXAjKOm4I
youtube,UC-EmLNz9AaaxLqq7OsVMnaQ,MOM0-tkHZjk
youtube,UC-EmLNz9AaaxLqq7OsVMnaQ,pq5asMnTKPQ
youtube,UC-EMr9ftd8PxoiP-cjbi6ng,RJz1N7lVN2o
youtube,UC-EmVju2e11SKjtLBlI76FA,kkUmaMdw0vA
youtube,UC-eN0TtTQMuEAfiayNbzHTg,nSiWNr07WBc
youtube,UC-eN0TtTQMuEAfiayNbzHTg,xLsQ1A8W0Vw
youtube,UC-eN0TtTQMuEAfiayNbzHTg,zIQ6daeVqzg
youtube,UC-ENGmgI0LOtriQOwHLdS7w,AgtwfHNEqhs
youtube,UC-Enh_gYtt9Mj4Vp0A1LNDg,mLrUC7yWrVM
youtube,UC-EnLFOSISsTx2N5HzWfUWw,09LSf6gh1YM
youtube,UC-EnLFOSISsTx2N5HzWfUWw,3u1U6I3AkdA
youtube,UC-EnLFOSISsTx2N5HzWfUWw,4viQT0MN6Ko
youtube,UC-EnLFOSISsTx2N5HzWfUWw,CHKAY663jww
youtube,UC-EnLFOSISsTx2N5HzWfUWw,DfHX-DPglZU
youtube,UC-EnLFOSISsTx2N5HzWfUWw,HFdkuUjdGdA
youtube,UC-EnLFOSISsTx2N5HzWfUWw,ioC0-x12BfQ
youtube,UC-EnLFOSISsTx2N5HzWfUWw,K4dGhM36x30
youtube,UC-EnLFOSISsTx2N5HzWfUWw,oZcTD8nO49U
youtube,UC-EnLFOSISsTx2N5HzWfUWw,V7MmFgY0gbM
youtube,UC-EnLFOSISsTx2N5HzWfUWw,wH69nzVnm6Y
youtube,UC-EnLFOSISsTx2N5HzWfUWw,ym6wHr9h074
youtube,UC-enqySr_2HgaQK840ICp0A,-Oqmb0Q-i1Y
youtube,UC-enqySr_2HgaQK840ICp0A,BFzM2A_zYdk
youtube,UC-enqySr_2HgaQK840ICp0A,lHT61exqSUw
youtube,UC-eNWeBx5u9Je7ThzKVx0LQ,dKztgesI674
youtube,UC-eo7an3ibeNsj-a3FPi41g,LAvBfuuWjZk
youtube,UC-eo7an3ibeNsj-a3FPi41g,zARgkIIpx5s
youtube,UC-eocPlLRVKBDfVwrdFVbaA,3i4xoUmwuRY
youtube,UC-EOnDlGvH1nCHYCOPI3SjQ,DTvXoF-ZTMM
youtube,UC-eOnQKg7FTzmSuJ1k54stA,hrZdpwEZHBU
youtube,UC-EoX2jugb6T2jkpurh-xqg,_6W_vO38PKw
youtube,UC-Ep7FN1E2dt-sD74Xyr68Q,hG8cpu50Psk
youtube,UC-Ep7FN1E2dt-sD74Xyr68Q,NoTIZ0b_m5s
youtube,UC-ePcbanzFjTrCMcDU1GY_w,8F7gy8GMuO4
youtube,UC-EPGdvpGgsIHY043uicz9g,jm7gJFQzxCI
youtube,UC-EPGdvpGgsIHY043uicz9g,VYWawkEWKas
youtube,UC-epnFHcOELU8KlcpyL9-tA,H_EYypaEE7o
youtube,UC-EPNnpZUA2aHCbJuDC2u7g,57yM64DnKfA
youtube,UC-EPNnpZUA2aHCbJuDC2u7g,pwXs7IA94Zk
youtube,UC-epo2VY4phNOlBV2aFSS3A,mfaComDoKLE
youtube,UC-EQ9jZzs9EUrPgVCh1k9dA,HZ5P2-aNKS0
youtube,UC-eQAAVPtkNn1CADjfDGrWw,3i4xoUmwuRY
youtube,UC-EqjC3Cqa2vT9a1A67PjVg,66rt7BA6uAM
youtube,UC-eqldTHmGLB02xAc2KV9dw,DRw_ibZNXdY
youtube,UC-eqldTHmGLB02xAc2KV9dw,vnPyS9vvjgQ
youtube,UC-eqncjdNloBKM--hb6s6Ng,HTpCmSzHO0c
youtube,UC-eqnyTFD1ojQ_S0ks1fQkg,01pwAg6vVCI
youtube,UC-eqnyTFD1ojQ_S0ks1fQkg,1cCNxSFOItk
youtube,UC-eqnyTFD1ojQ_S0ks1fQkg,9zjZqAM3HhE
youtube,UC-eqnyTFD1ojQ_S0ks1fQkg,AufSG5H394E
youtube,UC-eqnyTFD1ojQ_S0ks1fQkg,YxYMv1qF7D8
youtube,UC-eqnZpbMrNRqzqtCnyy4Jw,ODF2_tfeKOQ
youtube,UC-eqpIqAKwyG3fdrBjRlvDw,v6DDvPsXQa4
youtube,UC-EqqbgqXAKRTKAFATPnaFA,HBkFuu22Ukk
youtube,UC-eQrObzei14waNkG1uGx1w,g-PopTqpdHc
youtube,UC-EqSWunxWxje_ttVWKS6sA,mrTx5PY-x38
youtube,UC-EqSWunxWxje_ttVWKS6sA,n2xQ112p4Kg
youtube,UC-EqtLJww-Cwsfl6rsv4dqg,t8457oMQkso
youtube,UC-EqtLJww-Cwsfl6rsv4dqg,yITf8QMbioE
youtube,UC-eRHJF9lc9XsCWOis8VJgw,09LSf6gh1YM
youtube,UC-ERIpRE-fXtdgRb6cS0nwQ,-47q9QYbd1U
youtube,UC-ERIpRE-fXtdgRb6cS0nwQ,-p4umBROpJo
youtube,UC-ERIpRE-fXtdgRb6cS0nwQ,0K3OgMrUqv8
youtube,UC-ERIpRE-fXtdgRb6cS0nwQ,2DkMFHqZIIY
youtube,UC-ERIpRE-fXtdgRb6cS0nwQ,2YDDHARYUTI
youtube,UC-ERIpRE-fXtdgRb6cS0nwQ,3CFdL_eDuxk
youtube,UC-ERIpRE-fXtdgRb6cS0nwQ,3yi_QPN7tuY
youtube,UC-ERIpRE-fXtdgRb6cS0nwQ,4oW1Y9tu3Oc
youtube,UC-ERIpRE-fXtdgRb6cS0nwQ,5eueeEHRMfA
youtube,UC-ERIpRE-fXtdgRb6cS0nwQ,6zmmQaUqqnc
youtube,UC-ERIpRE-fXtdgRb6cS0nwQ,7mOQQkavd0c
youtube,UC-ERIpRE-fXtdgRb6cS0nwQ,7XDtgNQ7Ewo
youtube,UC-ERIpRE-fXtdgRb6cS0nwQ,7xPAqPbhDaY
youtube,UC-ERIpRE-fXtdgRb6cS0nwQ,9Qfk4Q_ak8U
youtube,UC-ERIpRE-fXtdgRb6cS0nwQ,9xiM-TVUSDw
youtube,UC-ERIpRE-fXtdgRb6cS0nwQ,_1xQx1NSi9A
youtube,UC-ERIpRE-fXtdgRb6cS0nwQ,_kyCTB7Ae60
youtube,UC-ERIpRE-fXtdgRb6cS0nwQ,A1jgTsG-Wdk
youtube,UC-ERIpRE-fXtdgRb6cS0nwQ,BwdcG9va6ek
youtube,UC-ERIpRE-fXtdgRb6cS0nwQ,CW_YVrAPAlI
youtube,UC-ERIpRE-fXtdgRb6cS0nwQ,cyF3kAxKdrQ
youtube,UC-ERIpRE-fXtdgRb6cS0nwQ,dITN2PGJTPE
youtube,UC-ERIpRE-fXtdgRb6cS0nwQ,DRw_ibZNXdY
youtube,UC-ERIpRE-fXtdgRb6cS0nwQ,DXnnT2DkIfc
youtube,UC-ERIpRE-fXtdgRb6cS0nwQ,E-6bQ4AnugE
youtube,UC-ERIpRE-fXtdgRb6cS0nwQ,f7LkWXN4gIc
youtube,UC-ERIpRE-fXtdgRb6cS0nwQ,HCskFJyQchk
youtube,UC-ERIpRE-fXtdgRb6cS0nwQ,Iwasi7S0zwk
youtube,UC-ERIpRE-fXtdgRb6cS0nwQ,jY4WmEQmIH0
youtube,UC-ERIpRE-fXtdgRb6cS0nwQ,kkUmaMdw0vA
youtube,UC-ERIpRE-fXtdgRb6cS0nwQ,L2apKXfoVZ0
youtube,UC-ERIpRE-fXtdgRb6cS0nwQ,LBus46K5WP4
youtube,UC-ERIpRE-fXtdgRb6cS0nwQ,lCK0TrniELM
youtube,UC-ERIpRE-fXtdgRb6cS0nwQ,mfaComDoKLE
youtube,UC-ERIpRE-fXtdgRb6cS0nwQ,mIGxHqXOVpo
youtube,UC-ERIpRE-fXtdgRb6cS0nwQ,MJTgOrFgf0M
youtube,UC-ERIpRE-fXtdgRb6cS0nwQ,MlhArCQvL5o
youtube,UC-ERIpRE-fXtdgRb6cS0nwQ,mvQnRDdOKus
youtube,UC-ERIpRE-fXtdgRb6cS0nwQ,NmuqZM7mG6g
youtube,UC-ERIpRE-fXtdgRb6cS0nwQ,OcKQV2U8CQQ
youtube,UC-ERIpRE-fXtdgRb6cS0nwQ,OICkDCYUX7A
youtube,UC-ERIpRE-fXtdgRb6cS0nwQ,PKBKB0lgMOg
youtube,UC-ERIpRE-fXtdgRb6cS0nwQ,QvUImi2dU6Y
youtube,UC-ERIpRE-fXtdgRb6cS0nwQ,rcF7zG79dac
youtube,UC-ERIpRE-fXtdgRb6cS0nwQ,RkOVUYXqF-8
youtube,UC-ERIpRE-fXtdgRb6cS0nwQ,s5JwuDhEKDk
youtube,UC-ERIpRE-fXtdgRb6cS0nwQ,T6QRBGc3otg
youtube,UC-ERIpRE-fXtdgRb6cS0nwQ,TUpmFHBcGr0
youtube,UC-ERIpRE-fXtdgRb6cS0nwQ,UMBNgaj_aSw
youtube,UC-ERIpRE-fXtdgRb6cS0nwQ,uWMre3yZ4Lk
youtube,UC-ERIpRE-fXtdgRb6cS0nwQ,VaHeq8T479c
youtube,UC-ERIpRE-fXtdgRb6cS0nwQ,vHGa7kTjXYg
youtube,UC-ERIpRE-fXtdgRb6cS0nwQ,VmbCVOzPf44
youtube,UC-ERIpRE-fXtdgRb6cS0nwQ,wbyZwkbX9T0
youtube,UC-ERIpRE-fXtdgRb6cS0nwQ,wfWBW9zun-g
youtube,UC-ERIpRE-fXtdgRb6cS0nwQ,x_D4U1dusEc
youtube,UC-ERIpRE-fXtdgRb6cS0nwQ,xZdmANOq0Iw
youtube,UC-ERIpRE-fXtdgRb6cS0nwQ,ycOh7Lv3z0o
youtube,UC-ERIpRE-fXtdgRb6cS0nwQ,ZADi-6yBDqQ
youtube,UC-ERIpRE-fXtdgRb6cS0nwQ,ZlTwK_K50vM
youtube,UC-ERIpRE-fXtdgRb6cS0nwQ,ZmvuKabp1sA
youtube,UC-ERIpRE-fXtdgRb6cS0nwQ,zyDFK_9pl6M
youtube,UC-erYCn36TBih4xcKKPuhTQ,YPQfPpBy7vc
youtube,UC-EsA8b1zFmUyNenx9UiiIg,t1ClmGN4xJE
youtube,UC-esBZN6Ds22y4tTBM4MQIg,jJLXBpBaBzc
youtube,UC-ESCvoq0MUZd3AUPMRUDWw,7o9x1r9vxhs
youtube,UC-ESCvoq0MUZd3AUPMRUDWw,7Q5SfTSaA-o
youtube,UC-ESCvoq0MUZd3AUPMRUDWw,AgtwfHNEqhs
youtube,UC-ESCvoq0MUZd3AUPMRUDWw,Ey2UZBfFRJI
youtube,UC-ESCvoq0MUZd3AUPMRUDWw,gPYJDUh870A
youtube,UC-ESCvoq0MUZd3AUPMRUDWw,iAxXSxPAYFA
youtube,UC-ESCvoq0MUZd3AUPMRUDWw,mg6sanuPR_Q
youtube,UC-ESCvoq0MUZd3AUPMRUDWw,QX1nVDTcUcg
youtube,UC-esMWRoobOROUltGhlCkig,a75oZL-mRqE
youtube,UC-esSk_L4JdotoRjZKaPxeg,cHYLL1W3RZw
youtube,UC-esUcmD9mkS1cuVmJ4epuw,D0Juysa-2Co
youtube,UC-esUcmD9mkS1cuVmJ4epuw,jKU-Aqx0c6o
youtube,UC-EsuVEgiCTOYZ-L-unx_8g,6wHc-n9-TlI
youtube,UC-et3F1gwd-EW_79lz7DmZA,9vMtqMz4PGI
youtube,UC-et3F1gwd-EW_79lz7DmZA,iBjhVWS5HsQ
youtube,UC-EtcTEi6g39V-vCo2GzAew,VtF3FAetnCI
youtube,UC-eTq_bfLjLf3MIaAjiU4gA,_g8LslMW4w0
youtube,UC-eTq_bfLjLf3MIaAjiU4gA,EH_kRSLoZg8
youtube,UC-eU-8nUKuJ-sWwEKvbo7qw,YApeH_xxqLY
youtube,UC-eucjNFLvrjoo9dLFK7f6Q,aCvNBhRm2yI
youtube,UC-eumAdAJkwIZ0GW3tLzvEA,33SHuyfLDbU
youtube,UC-eumAdAJkwIZ0GW3tLzvEA,zbbswBr8ZmQ
youtube,UC-euyi3AVT8P5C3jUpCTpsw,ktcoGwE4vUk
youtube,UC-euyi3AVT8P5C3jUpCTpsw,XkluQ6d8zvU
youtube,UC-EVBjL9Y_QA9PNBMKq9aag,2qrmS3HOuzI
youtube,UC-EVBjL9Y_QA9PNBMKq9aag,c2DthNOJ9IY
youtube,UC-eVcbIZ6eNybf1L78KGF_w,zARgkIIpx5s
youtube,UC-EVDRvil4ypWXfejC8ljiQ,33SHuyfLDbU
youtube,UC-eVDSYS62nuTISlbb-g86A,15WN1UnrObs
youtube,UC-eVDSYS62nuTISlbb-g86A,5bVECk4ovv0
youtube,UC-eVDSYS62nuTISlbb-g86A,Atu3X4VKgkE
youtube,UC-eVDSYS62nuTISlbb-g86A,c1sFyFpXtY4
youtube,UC-eVDSYS62nuTISlbb-g86A,EB2CUh8waZw
youtube,UC-eVDSYS62nuTISlbb-g86A,FTcopuRKpXk
youtube,UC-eVDSYS62nuTISlbb-g86A,g1aRKSAvZuM
youtube,UC-eVDSYS62nuTISlbb-g86A,Ieprs3mtHHc
youtube,UC-eVDSYS62nuTISlbb-g86A,jQ5F_PKKaLU
youtube,UC-eVDSYS62nuTISlbb-g86A,KbpzSxlZfZc
youtube,UC-eVDSYS62nuTISlbb-g86A,MsPVGi2_llw
youtube,UC-eVDSYS62nuTISlbb-g86A,no-veiac42Q
youtube,UC-eVDSYS62nuTISlbb-g86A,qJSfCGUMlBc
youtube,UC-eVDSYS62nuTISlbb-g86A,Qr1WQSgLsVM
youtube,UC-eVDSYS62nuTISlbb-g86A,t91yUuvpvkc
youtube,UC-eVDSYS62nuTISlbb-g86A,XJ_u-UV4uJQ
youtube,UC-EVoJ1giXWUKwMDZFeWTDA,lr0YyT-bVxw
youtube,UC-eVp8YwpiuIFiq8eXQ0dWg,6NYsZwmDf70
youtube,UC-evUa29UYIo7dI_5zeOhmg,6Ojm0kobtUM
youtube,UC-evUa29UYIo7dI_5zeOhmg,HoMFSyhiRis
youtube,UC-evUa29UYIo7dI_5zeOhmg,NhMBY6v2Cfo
youtube,UC-evUa29UYIo7dI_5zeOhmg,vOgZQ7RAhTo
youtube,UC-evUa29UYIo7dI_5zeOhmg,x-MaMoSoyZ0
youtube,UC-eW5ZSaYkIeo3JtPil0LXg,9sR8FrUJvVU
youtube,UC-eWhjyNmeKbSV-5fJPCxsA,H6oU4JgQEJM
youtube,UC-Ewk3H7FE5nhrkuG8GQ4oA,Kl85UG0otxk
youtube,UC-Ewk3H7FE5nhrkuG8GQ4oA,rxLLDShvQv8
youtube,UC-Ewk3H7FE5nhrkuG8GQ4oA,UJtXaAY0-Go
youtube,UC-EWML6b9MV14HwWn-_8SxA,q2JchjhtSXU
youtube,UC-EwXCCTQSlb7npAhkiWn4w,dGDmjF5gl90
youtube,UC-EwXCCTQSlb7npAhkiWn4w,iQKc_paVejM
youtube,UC-EX3nm_XP_Z8riWBMKj22g,-KD4xcSfhZ0
youtube,UC-EXlVWLI1qG85UpqmA-ntQ,PF-lAkF8dLg
youtube,UC-exPy88WKjZsWRAvD4xJZA,D7VW0-nNYvE
youtube,UC-ExQ1L74ckueTV52pfp1Bg,DYUxT2P3oZY
youtube,UC-eXtWI-sG8E2xgWcm-hzLg,k9NWM0dPxU8
youtube,UC-ExUuLroXrG73lTOXBWpjw,0IuO84Hehfc
youtube,UC-ExUuLroXrG73lTOXBWpjw,33SHuyfLDbU
youtube,UC-ExUuLroXrG73lTOXBWpjw,43l6K5HU36w
youtube,UC-ExUuLroXrG73lTOXBWpjw,6sbKwTO455M
youtube,UC-ExUuLroXrG73lTOXBWpjw,7htcDIEpdwY
youtube,UC-ExUuLroXrG73lTOXBWpjw,9jFZiMZM2NA
youtube,UC-ExUuLroXrG73lTOXBWpjw,_X8S_5vl2RI
youtube,UC-ExUuLroXrG73lTOXBWpjw,aOSoNvpYH7w
youtube,UC-ExUuLroXrG73lTOXBWpjw,e_MQgD0W0N4
youtube,UC-ExUuLroXrG73lTOXBWpjw,EaPtUXTOCHw
youtube,UC-ExUuLroXrG73lTOXBWpjw,Fpsso1Ufgkk
youtube,UC-ExUuLroXrG73lTOXBWpjw,GI-QrXrgAjg
youtube,UC-ExUuLroXrG73lTOXBWpjw,H01qUPXE9Rs
youtube,UC-ExUuLroXrG73lTOXBWpjw,idwaEumg1Ag
youtube,UC-ExUuLroXrG73lTOXBWpjw,iqa90w-y81s
youtube,UC-ExUuLroXrG73lTOXBWpjw,kBsgxR3Iaao
youtube,UC-ExUuLroXrG73lTOXBWpjw,KUzp9t3gI7Y
youtube,UC-ExUuLroXrG73lTOXBWpjw,lr0YyT-bVxw
youtube,UC-ExUuLroXrG73lTOXBWpjw,n8k5kjsZ2k0
youtube,UC-ExUuLroXrG73lTOXBWpjw,NDwbsNl-vFk
youtube,UC-ExUuLroXrG73lTOXBWpjw,Q0AjT6aiyNs
youtube,UC-ExUuLroXrG73lTOXBWpjw,rcRyLWvvsg0
youtube,UC-ExUuLroXrG73lTOXBWpjw,RSCCA9x5TXg
youtube,UC-ExUuLroXrG73lTOXBWpjw,SewZbJXMF9I
youtube,UC-ExUuLroXrG73lTOXBWpjw,tp_EA0NfTCk
youtube,UC-ExUuLroXrG73lTOXBWpjw,tYE3JaeaCOg
youtube,UC-ExUuLroXrG73lTOXBWpjw,ujmbCesOcSI
youtube,UC-ExUuLroXrG73lTOXBWpjw,UJtXaAY0-Go
youtube,UC-ExUuLroXrG73lTOXBWpjw,w-5S62p0Bfs
youtube,UC-ExUuLroXrG73lTOXBWpjw,wG-XCmLY-fw
youtube,UC-ExUuLroXrG73lTOXBWpjw,xbxf7yqLXHU
youtube,UC-ExUuLroXrG73lTOXBWpjw,Xc82pXqoHK0
youtube,UC-ExUuLroXrG73lTOXBWpjw,zXH3pvhEgYo
youtube,UC-ey1Mgcy4seB2qqC5NtOIg,Uklhu9LEZSc
youtube,UC-EyDaphZN5CTNrUHfs8XjA,zrnjhxY0R0k
youtube,UC-EYDcuT0f60ffxUYeHDeCQ,4f_plARtIlk
youtube,UC-EYDcuT0f60ffxUYeHDeCQ,ayRqbk_jyXo
youtube,UC-EYDcuT0f60ffxUYeHDeCQ,QHMr4a-yKB8
youtube,UC-EYDcuT0f60ffxUYeHDeCQ,t91yUuvpvkc
youtube,UC-EYDcuT0f60ffxUYeHDeCQ,tezr-yh-ghY
youtube,UC-EYDcuT0f60ffxUYeHDeCQ,Yv14Om9zWko
youtube,UC-eYG36baQKZcqQcP6yEAUg,cyBEzHA78h0
youtube,UC-EYiXIphlp7-nLsHWrgd8Q,2IuDzzoeh4Q
youtube,UC-EYiXIphlp7-nLsHWrgd8Q,NbhN8b-o_-A
youtube,UC-eyqsHYpGAGn92gTfKL2Mw,IxfN6ugPjoM
youtube,UC-eyqsHYpGAGn92gTfKL2Mw,j47rbfhgGd8
youtube,UC-eyqsHYpGAGn92gTfKL2Mw,J48GOpxXY9w
youtube,UC-EyzNPSE2Sz9-GVFm1L83Q,XX4HNMULUzM
youtube,UC-EZ1wJkMoumq5AEEn3XGvA,5xncs-QC-Bg
youtube,UC-ez60NvxmWF0MwjPiHBXcw,svknmFMNK6s
youtube,UC-EzQRf2-RXDeDVOEX5Wq5g,MOM0-tkHZjk
youtube,UC-EZuo4ncGvJ-H429BXcUng,L_Y_Sc1utss
youtube,UC-EZuo4ncGvJ-H429BXcUng,vZC9OKh1nag
youtube,UC-EZWYQH_aawf25U9Jquf3g,0NIvVtAXuJU
youtube,UC-EZWYQH_aawf25U9Jquf3g,4_ZwvCQzTUY
youtube,UC-EZWYQH_aawf25U9Jquf3g,WoyawrR6T90
youtube,UC-EZXotc8mffrLp0HiH3a7w,JOcYFp9PYD0
youtube,UC-EZXotc8mffrLp0HiH3a7w,XtApSRvEntI
youtube,UC-F-iLMERLoiCcKrC_Eo1sw,6Ojm0kobtUM
youtube,UC-F-iLMERLoiCcKrC_Eo1sw,x-MaMoSoyZ0
youtube,UC-F-PllDE9G173aAW2yX-MA,0NIvVtAXuJU
youtube,UC-F-PllDE9G173aAW2yX-MA,3aIT34DmF3Y
youtube,UC-F-PllDE9G173aAW2yX-MA,87MwqzemlRQ
youtube,UC-F-PllDE9G173aAW2yX-MA,_HeNBnhdfRk
youtube,UC-F-PllDE9G173aAW2yX-MA,FOGezI672Rw
youtube,UC-F-PllDE9G173aAW2yX-MA,GFIjb7Jg2Oo
youtube,UC-F-PllDE9G173aAW2yX-MA,LW3YmQA8M4I
youtube,UC-F-PllDE9G173aAW2yX-MA,pxhvzPGpu8Q
youtube,UC-F-PllDE9G173aAW2yX-MA,sSeJ9aVeW5E
youtube,UC-F-PllDE9G173aAW2yX-MA,tfVfK-H8wtA
youtube,UC-F-PllDE9G173aAW2yX-MA,UYDnEtLu-7s
youtube,UC-F-PllDE9G173aAW2yX-MA,xBRUuhMle6g
youtube,UC-F-PllDE9G173aAW2yX-MA,XSqQ8Nk9OPc
youtube,UC-F-PllDE9G173aAW2yX-MA,xtEkEQEOR8U
youtube,UC-F-PllDE9G173aAW2yX-MA,xZdmANOq0Iw
youtube,UC-F-PllDE9G173aAW2yX-MA,ZjWxqxRgyv0
youtube,UC-f01fPNfC-9rk2FId15wEA,ktc8EYmhB4o
youtube,UC-f032qkUxN6l0hUoYAWRMQ,shrnL1vBP3Y
youtube,UC-f0eAJc5xzgYmWEB2FDR3g,c4N0lR_nrRQ
youtube,UC-F0pA3_9N8cp6A9gj_J2Qg,-Desz7xKtjE
youtube,UC-F0pA3_9N8cp6A9gj_J2Qg,0HnXwPrl30g
youtube,UC-F0pA3_9N8cp6A9gj_J2Qg,19WlFg2g470
youtube,UC-F0pA3_9N8cp6A9gj_J2Qg,3RkkkusDIM0
youtube,UC-F0pA3_9N8cp6A9gj_J2Qg,5A33YsxzzsE
youtube,UC-F0pA3_9N8cp6A9gj_J2Qg,7nNRzQ76AwM
youtube,UC-F0pA3_9N8cp6A9gj_J2Qg,8rpYT2kwuDU
youtube,UC-F0pA3_9N8cp6A9gj_J2Qg,9ATHcduWf2M
youtube,UC-F0pA3_9N8cp6A9gj_J2Qg,9FhbfwPdz9g
youtube,UC-F0pA3_9N8cp6A9gj_J2Qg,A1jgTsG-Wdk
youtube,UC-F0pA3_9N8cp6A9gj_J2Qg,AuP0Y9Slvyk
youtube,UC-F0pA3_9N8cp6A9gj_J2Qg,dz3AHPZ6LSY
youtube,UC-F0pA3_9N8cp6A9gj_J2Qg,EZz4VPFiqvs
youtube,UC-F0pA3_9N8cp6A9gj_J2Qg,G_Y8Mbnu2Ms
youtube,UC-F0pA3_9N8cp6A9gj_J2Qg,hK_-BnyBMSA
youtube,UC-F0pA3_9N8cp6A9gj_J2Qg,iPGrfDViyb0
youtube,UC-F0pA3_9N8cp6A9gj_J2Qg,Iwasi7S0zwk
youtube,UC-F0pA3_9N8cp6A9gj_J2Qg,JMzBzeRzOoo
youtube,UC-F0pA3_9N8cp6A9gj_J2Qg,kN86jVKwM-w
youtube,UC-F0pA3_9N8cp6A9gj_J2Qg,l08Uog-u7iI
youtube,UC-F0pA3_9N8cp6A9gj_J2Qg,l9HHOGfqlb4
youtube,UC-F0pA3_9N8cp6A9gj_J2Qg,LfT70mK1MrA
youtube,UC-F0pA3_9N8cp6A9gj_J2Qg,mKxDGW6HRrU
youtube,UC-F0pA3_9N8cp6A9gj_J2Qg,QVhvEeUT3Wg
youtube,UC-F0pA3_9N8cp6A9gj_J2Qg,rp53CT69nDM
youtube,UC-F0pA3_9N8cp6A9gj_J2Qg,RS23sWwL0g4
youtube,UC-F0pA3_9N8cp6A9gj_J2Qg,tOEpO_G0IDo
youtube,UC-F0pA3_9N8cp6A9gj_J2Qg,TttoM5nze0E
youtube,UC-F0pA3_9N8cp6A9gj_J2Qg,vAj3XZn1NbI
youtube,UC-F0pA3_9N8cp6A9gj_J2Qg,vbkemm0Uw_w
youtube,UC-F0pA3_9N8cp6A9gj_J2Qg,vnPyS9vvjgQ
youtube,UC-F0pA3_9N8cp6A9gj_J2Qg,vZC9OKh1nag
youtube,UC-F0pA3_9N8cp6A9gj_J2Qg,whSGN61XiQs
youtube,UC-F0pA3_9N8cp6A9gj_J2Qg,WUd-GjgB-n8
youtube,UC-F0pA3_9N8cp6A9gj_J2Qg,xj02S2waGOw
youtube,UC-F0pA3_9N8cp6A9gj_J2Qg,ZsGloK89AVs
youtube,UC-F0UKvo4FYO0VVdAQhe0cw,AgtwfHNEqhs
youtube,UC-F18hf7u6Zna5DcdIA_48g,2s3rXM2U8YU
youtube,UC-F1bMOXLxL_bWDteXl0tIg,g-PopTqpdHc
youtube,UC-F1bMOXLxL_bWDteXl0tIg,gPYJDUh870A
youtube,UC-F1bMOXLxL_bWDteXl0tIg,sKqpHZknpsg
youtube,UC-f1prNMmoBgtrw3keaLOyQ,7xPAqPbhDaY
youtube,UC-f1prNMmoBgtrw3keaLOyQ,bbCVLlxqNmU
youtube,UC-F1PuMUPhLXV9iFe04jwlw,SLq9-R4jQxo
youtube,UC-F2DAqzglSY-Le2N7pz0Mg,rBeu_TJjD9A
youtube,UC-f2I2-cXSMW4WkcxgGTwAw,33SHuyfLDbU
youtube,UC-f2I2-cXSMW4WkcxgGTwAw,Kl85UG0otxk
youtube,UC-f2I2-cXSMW4WkcxgGTwAw,w-5S62p0Bfs
youtube,UC-F2KlvdjHJc_jwtbQDPVYw,ZsiOvyM3lQk
youtube,UC-f2PC76CMShzdLEM5-zLow,9rsJgiF41cA
youtube,UC-F3-BHSUiWeaVPuZY1ZLNw,uFnm7plzitU
youtube,UC-f3_DzqhRN1C2dBTWh62HQ,TskGnMnKfYc
youtube,UC-f3fyE7h5nDrLGy4H90zLg,JcfnGYGjt_s
youtube,UC-F3oMPceSt6DaYfTqVb7Nw,A_USZ2b-OVw
youtube,UC-F3oMPceSt6DaYfTqVb7Nw,HTpCmSzHO0c
youtube,UC-F3oMPceSt6DaYfTqVb7Nw,kQnuIz7Avu8
youtube,UC-F3oMPceSt6DaYfTqVb7Nw,lk1m7-uvGyc
youtube,UC-F3oMPceSt6DaYfTqVb7Nw,wZ1uMCKS0OY
youtube,UC-F3ouTjtkemqUSY20ZTMHg,u85SnAfzcYA
youtube,UC-F3OwWEo2X6goOO3jLQ_uw,xj02S2waGOw
youtube,UC-f4E4gEsdylaOiU7UPIJnA,E3dvrE5JtTM
youtube,UC-f4EMRyxYRK-QLxpQh2R2w,ba9HnipUOGA
youtube,UC-f4foR1jwdmBaBr5wLNxNQ,9Y9W3xmxOoY
youtube,UC-f4foR1jwdmBaBr5wLNxNQ,IpyjTGz0wsA
youtube,UC-f4foR1jwdmBaBr5wLNxNQ,QRYxexYxSDA
youtube,UC-F4rqjgITffzgrOi6kfvDw,QvUImi2dU6Y
youtube,UC-f4UZ_Y6cnDvqigRu9nkPg,QX1nVDTcUcg
youtube,UC-f4UZ_Y6cnDvqigRu9nkPg,sN7zPeGs4R8
youtube,UC-f4wrIE58IaZO4hR1F4Thg,P5je5bMGeIg
youtube,UC-F5k2NFvJbH-18OF7zieRA,tAwtSbL4k8U
youtube,UC-F5Uig6p0wiExwuv_tPVZA,96UyanLdRvI
youtube,UC-F5Uig6p0wiExwuv_tPVZA,lBmswwAe8tA
youtube,UC-F5Uig6p0wiExwuv_tPVZA,n1lNqpuWo50
youtube,UC-F5Uig6p0wiExwuv_tPVZA,R4OYuqlQqY4
youtube,UC-F5Uig6p0wiExwuv_tPVZA,t3Ps2V7CAjo
youtube,UC-f6xkxifxFb0BQX3BKPRiQ,AgtwfHNEqhs
youtube,UC-F76GSqrOEzC4cDFopbEKg,YF3flUd3mM8
youtube,UC-f7IJSo_hNumd5LhK9s_eg,oqLru2UIrAk
youtube,UC-F8JWP7Y3H8xZE56HnwlZQ,nazReUNW224
youtube,UC-F8JWP7Y3H8xZE56HnwlZQ,oEfKB_Id4hM
youtube,UC-F8PikZ15d_eDQeLf6U6EA,As0avziR6WQ
youtube,UC-F8PikZ15d_eDQeLf6U6EA,F5NrLathDag
youtube,UC-F8PikZ15d_eDQeLf6U6EA,hYO5u2ERpGY
youtube,UC-F8PikZ15d_eDQeLf6U6EA,iRbPdQ0Vt2o
youtube,UC-F8PikZ15d_eDQeLf6U6EA,LTDVd8ko6Uw
youtube,UC-f8wlGHBRjd4RifH69kTSg,PoCjzZwuHm8
youtube,UC-F91y9BV5MCBO6mYKdUB2A,9IlAiLy0PPQ
youtube,UC-f9bX9nnNZyihVDS5yXnPw,_rzTeVdpmQk
youtube,UC-f9bX9nnNZyihVDS5yXnPw,buF0BRExWQ0
youtube,UC-f9bX9nnNZyihVDS5yXnPw,JcfnGYGjt_s
youtube,UC-f9bX9nnNZyihVDS5yXnPw,P7HZ7E9n8IA
youtube,UC-f9bX9nnNZyihVDS5yXnPw,sz9pdlnMwBk
youtube,UC-f9bX9nnNZyihVDS5yXnPw,XYdj7BXF6SY
youtube,UC-F9GBOnyptRcRZRF64N8mQ,2YhFUeZZrbs
youtube,UC-F9GBOnyptRcRZRF64N8mQ,3i4xoUmwuRY
youtube,UC-F9GBOnyptRcRZRF64N8mQ,FnNn942jSuc
youtube,UC-F9GBOnyptRcRZRF64N8mQ,KaoTcH5tWRo
youtube,UC-F9GBOnyptRcRZRF64N8mQ,mg6sanuPR_Q
youtube,UC-F9GBOnyptRcRZRF64N8mQ,q3uidvu14oc
youtube,UC-F9GBOnyptRcRZRF64N8mQ,QvUImi2dU6Y
youtube,UC-F9GBOnyptRcRZRF64N8mQ,rvN2YeDzVBI
youtube,UC-F9GBOnyptRcRZRF64N8mQ,SpkEcpPwnhQ
youtube,UC-F9GBOnyptRcRZRF64N8mQ,UMBNgaj_aSw
youtube,UC-F9GBOnyptRcRZRF64N8mQ,yt_AJ2YUDw4
youtube,UC-f9zyV3z1ifl3-ffIYq7hw,2XGxbUtR41s
youtube,UC-f9zyV3z1ifl3-ffIYq7hw,6N2AXLXU7xE
youtube,UC-f9zyV3z1ifl3-ffIYq7hw,9Lr8KzASZoY
youtube,UC-f9zyV3z1ifl3-ffIYq7hw,9MAaNQ1sY98
youtube,UC-f9zyV3z1ifl3-ffIYq7hw,AVFigJd5AjE
youtube,UC-f9zyV3z1ifl3-ffIYq7hw,bzQiEf9G8as
youtube,UC-f9zyV3z1ifl3-ffIYq7hw,BZqSN7CkKFk
youtube,UC-f9zyV3z1ifl3-ffIYq7hw,fFoFUE1pEVQ
youtube,UC-f9zyV3z1ifl3-ffIYq7hw,jaF5kGzHt2I
youtube,UC-f9zyV3z1ifl3-ffIYq7hw,jnn16w78y8E
youtube,UC-f9zyV3z1ifl3-ffIYq7hw,pZS1qafk_Nc
youtube,UC-f9zyV3z1ifl3-ffIYq7hw,rcRyLWvvsg0
youtube,UC-f9zyV3z1ifl3-ffIYq7hw,SzU7dHGyO_I
youtube,UC-f9zyV3z1ifl3-ffIYq7hw,tYE3JaeaCOg
youtube,UC-f9zyV3z1ifl3-ffIYq7hw,vjwrxKcVcio
youtube,UC-f9zyV3z1ifl3-ffIYq7hw,W1lvOMaEvC8
youtube,UC-f9zyV3z1ifl3-ffIYq7hw,Xc82pXqoHK0
youtube,UC-f9zyV3z1ifl3-ffIYq7hw,xRK2VziNUgc
youtube,UC-F_dAnyOBSKjrdMiu9R6_A,B1q2AFJFFi0
youtube,UC-F_to05yj-UZVsTbSx4DIA,y5E1tmUoACY
youtube,UC-FAK4u6pQi52JyPaNrr3oQ,g-PopTqpdHc
youtube,UC-FAK4u6pQi52JyPaNrr3oQ,IhoONh-_nDQ
youtube,UC-FAK4u6pQi52JyPaNrr3oQ,T5KaYwfuM3Q
youtube,UC-FAldpz8CuAleuvwv5Obzw,B_lfet8d-wE
youtube,UC-FAldpz8CuAleuvwv5Obzw,DJc4MpMkdnI
youtube,UC-fanFqMBH6xC9CBwFdMBzA,MsPVGi2_llw
youtube,UC-fanFqMBH6xC9CBwFdMBzA,zIYWbxBfe7s
youtube,UC-fAoVbbeGZDzVfsbVxdpVw,2Ll0mOWuIWQ
youtube,UC-FAvxYWI1VC3TZ-1ig3b4A,xj02S2waGOw
youtube,UC-FbHQvRmH5CG71vQmROmiQ,ODF2_tfeKOQ
youtube,UC-fBuLaBwv4zGXZaLwM-N-Q,k5I_E0h2ftg
youtube,UC-fbxcsxlAxST8Gn3G5P17A,1-7x-WIgL-I
youtube,UC-fbxcsxlAxST8Gn3G5P17A,16qgu3MKfio
youtube,UC-fbxcsxlAxST8Gn3G5P17A,6gH28b2K4fQ
youtube,UC-fbxcsxlAxST8Gn3G5P17A,_rzTeVdpmQk
youtube,UC-fbxcsxlAxST8Gn3G5P17A,C54xc73_uJQ
youtube,UC-fbxcsxlAxST8Gn3G5P17A,cWFEzckhTio
youtube,UC-fbxcsxlAxST8Gn3G5P17A,fMZdCOX-FFY
youtube,UC-fbxcsxlAxST8Gn3G5P17A,g4Fbzm-oLnQ
youtube,UC-fbxcsxlAxST8Gn3G5P17A,GI60RpiTJ9U
youtube,UC-fbxcsxlAxST8Gn3G5P17A,Jsypt0hOv5E
youtube,UC-fbxcsxlAxST8Gn3G5P17A,nK4I9cCy7E0
youtube,UC-fbxcsxlAxST8Gn3G5P17A,pq5asMnTKPQ
youtube,UC-fbxcsxlAxST8Gn3G5P17A,Qq74cZ3CfcA
youtube,UC-fbxcsxlAxST8Gn3G5P17A,TskGnMnKfYc
youtube,UC-fbxcsxlAxST8Gn3G5P17A,ujmbCesOcSI
youtube,UC-fbxcsxlAxST8Gn3G5P17A,whMEtmgAcvQ
youtube,UC-fbxcsxlAxST8Gn3G5P17A,xmea3jLPlsU
youtube,UC-FC4_olu7VqDO9yhmn6MuQ,yOX4ciBsUV8
youtube,UC-FcAGzcHK-UESYQePEKs5A,99YwFSyhTuI
youtube,UC-FcAGzcHK-UESYQePEKs5A,fOkuXk4IMZI
youtube,UC-FcAGzcHK-UESYQePEKs5A,IYbHXb9Zjkg
youtube,UC-FcAGzcHK-UESYQePEKs5A,NLov0xSFRoI
youtube,UC-fCEcYU2DOQjp2y2C0sB4A,cnKlq3bcyYA
youtube,UC-fCEcYU2DOQjp2y2C0sB4A,dmDTvnWUG7U
youtube,UC-fCEcYU2DOQjp2y2C0sB4A,NFZJcWSi4Yw
youtube,UC-fCEcYU2DOQjp2y2C0sB4A,P5je5bMGeIg
youtube,UC-fCEcYU2DOQjp2y2C0sB4A,S-_7K3vBL2c
youtube,UC-fCEcYU2DOQjp2y2C0sB4A,TvEnxZcXnrk
youtube,UC-fCf6-ZdUb9GdAnp3oxtmw,1gMhX894MZA
youtube,UC-fCf6-ZdUb9GdAnp3oxtmw,3i4xoUmwuRY
youtube,UC-fCf6-ZdUb9GdAnp3oxtmw,rp53CT69nDM
youtube,UC-FcQqnibfEAgux4BQ4eZWw,zYhv5xBeDkE
youtube,UC-fcYgglBcAfPNzxVbJTBQg,0xpubUKWoLA
youtube,UC-fcYgglBcAfPNzxVbJTBQg,_SPMABAIixE
youtube,UC-fcYgglBcAfPNzxVbJTBQg,f9oee71fw8o
youtube,UC-fcYgglBcAfPNzxVbJTBQg,GCVNBUeFKJM
youtube,UC-fcYgglBcAfPNzxVbJTBQg,sMeVvUMu0oE
youtube,UC-fcYgglBcAfPNzxVbJTBQg,sS6wTqbmxuI
youtube,UC-Fd9c2uFBDFrqta9HjxEeg,GurYhZNduBE
youtube,UC-FDapCBNdMd2kDqwaU_veA,-KD4xcSfhZ0
youtube,UC-fdbh4Ac0232MniVyy2EJA,_8_7yYzl638
youtube,UC-FdhCWgI1DRQsCtl1_WaRA,B9JJ0Zyvb08
youtube,UC-FdhCWgI1DRQsCtl1_WaRA,fG4QzaThRXg
youtube,UC-FDTA8rr5f8lZdUYVPnOsw,NSmXCuLJgRE
youtube,UC-FDYK_ZYev-lOFaHv8KNeA,AgtwfHNEqhs
youtube,UC-fE_E28Vj1ZkdqzT23MQUQ,QWlJG1ppfHg
youtube,UC-FENYzVFwjKX1Nxi0jrjsg,5ZWtr5SFBvM
youtube,UC-FENYzVFwjKX1Nxi0jrjsg,6gLlRbjIsps
youtube,UC-FENYzVFwjKX1Nxi0jrjsg,BsuN9WVVN6Q
youtube,UC-FENYzVFwjKX1Nxi0jrjsg,dLXguxLdswM
youtube,UC-FENYzVFwjKX1Nxi0jrjsg,j51fuX6y_qk
youtube,UC-FENYzVFwjKX1Nxi0jrjsg,NYnM0aGq4W4
youtube,UC-FENYzVFwjKX1Nxi0jrjsg,uK2PBmQCJrs
youtube,UC-FENYzVFwjKX1Nxi0jrjsg,vruIIp_7aSA
youtube,UC-FEO3wJf3CilPR8Fz3Lw5A,5eueeEHRMfA
youtube,UC-FEO3wJf3CilPR8Fz3Lw5A,A1jgTsG-Wdk
youtube,UC-FEO3wJf3CilPR8Fz3Lw5A,YW5ZrOsu5mY
youtube,UC-FEV9q6G7B4XkLkJG2xjXg,JKAsT-I2d_8
youtube,UC-fewKvF9ml5Jonuj88WWZA,AgtwfHNEqhs
youtube,UC-fEYUkfAJK-ncOhLG0zIIw,cWFEzckhTio
youtube,UC-FF3EQdqytf8Nj9jQAgzIw,np8Kl-uy4uo
youtube,UC-fF3ppGANfvxdkG7wTNe9Q,2Kaw-RZbvWE
youtube,UC-fF3ppGANfvxdkG7wTNe9Q,5tBpiQEiCyo
youtube,UC-fF3ppGANfvxdkG7wTNe9Q,_P52gQZbXOM
youtube,UC-fF3ppGANfvxdkG7wTNe9Q,ApOIDhX3f98
youtube,UC-fF3ppGANfvxdkG7wTNe9Q,aXcWZoytRTQ
youtube,UC-fF3ppGANfvxdkG7wTNe9Q,D-8iBh6b4BA
youtube,UC-fF3ppGANfvxdkG7wTNe9Q,hlE51DlZZlc
youtube,UC-fF3ppGANfvxdkG7wTNe9Q,i2hqEXOMh_w
youtube,UC-fF3ppGANfvxdkG7wTNe9Q,L2apKXfoVZ0
youtube,UC-fF3ppGANfvxdkG7wTNe9Q,LBus46K5WP4
youtube,UC-fF3ppGANfvxdkG7wTNe9Q,liuZRG6TNcI
youtube,UC-fF3ppGANfvxdkG7wTNe9Q,Mo9R5zWWjVI
youtube,UC-fF3ppGANfvxdkG7wTNe9Q,N-hOX6Glybk
youtube,UC-fF3ppGANfvxdkG7wTNe9Q,NhbINNjEYzg
youtube,UC-fF3ppGANfvxdkG7wTNe9Q,Rhj_rCmU9D8
youtube,UC-fF3ppGANfvxdkG7wTNe9Q,s_oRkj4jeM8
youtube,UC-fF3ppGANfvxdkG7wTNe9Q,Urhxw5_2z30
youtube,UC-fF3ppGANfvxdkG7wTNe9Q,uWTO6556G3A
youtube,UC-fF3ppGANfvxdkG7wTNe9Q,UXiSS2gJCyQ
youtube,UC-fF3ppGANfvxdkG7wTNe9Q,w8nnsV9Si1U
youtube,UC-fF3ppGANfvxdkG7wTNe9Q,z2iKJRJY2pg
youtube,UC-fF3ppGANfvxdkG7wTNe9Q,zcTlY5fz3iA
youtube,UC-fF_xrLhep29rZw8dQYiGQ,3i4xoUmwuRY
youtube,UC-FfamKEH8Lzv9t7PII5mmA,JgRCbl4h6MY
youtube,UC-FFFk67KTTDxm84djnE_xw,hUBvUv5Ii7A
youtube,UC-FFFk67KTTDxm84djnE_xw,VKPHD4qQ0rQ
youtube,UC-fFUuZpqunhM68CcARm5GQ,qmEuMgohNYI
youtube,UC-fFUuZpqunhM68CcARm5GQ,rVP2RXnt1bc
youtube,UC-fG1AADl1h1XjrSxSQoEeQ,lNCszsia-CE
youtube,UC-Fg5MMVRF3crD-AXOMEVjg,6wzUA77ozuE
youtube,UC-fG_3uozYS5PbLVLdaVtpA,04UkssL9sYQ
youtube,UC-fG_3uozYS5PbLVLdaVtpA,wiMm6sn0tjY
youtube,UC-fGJOA8F-2J9_DMCVR2OSw,8F7gy8GMuO4
youtube,UC-FhBx1QX2E_SZxM2yb400w,K4dGhM36x30
youtube,UC-fhg2tim-Vmy7Gf3lIC22w,3i4xoUmwuRY
youtube,UC-fhi2ChVxnxAKnXsmzqHCg,NVqNZbvEe7k
youtube,UC-fhi2ChVxnxAKnXsmzqHCg,t3Ps2V7CAjo
youtube,UC-fHiq8QUZI1DS0lpzbTx8w,tzHEuiA141Y
youtube,UC-fHno_EeMeO7DlEhbVq5cw,GIr981_k4sI
youtube,UC-fhTFK4BPAVeTVnH2xiWJQ,UiYNxaRKL7I
youtube,UC-FHxOh7d2iAR8_b3eTi2YQ,byrTj6AjPIg
youtube,UC-FHxOh7d2iAR8_b3eTi2YQ,F70RH537AiE
youtube,UC-FHxOh7d2iAR8_b3eTi2YQ,ycOh7Lv3z0o
youtube,UC-fi8pBG_EFFno86N_DIH7Q,tzHEuiA141Y
youtube,UC-fi9ZkMexGG-yl0dNB2Uag,8prNLdte254
youtube,UC-fi9ZkMexGG-yl0dNB2Uag,A5b7tPsB7FM
youtube,UC-fi9ZkMexGG-yl0dNB2Uag,hU3uDAOQjWs
youtube,UC-fi9ZkMexGG-yl0dNB2Uag,MsPVGi2_llw
youtube,UC-fi9ZkMexGG-yl0dNB2Uag,PuyNC3jAQ2M
youtube,UC-fifLgulA1nqZFg-aG8NaA,3i4xoUmwuRY
youtube,UC-fIkB_ZwkoQ8Ix3PbDPzQw,4yaT6M4OrA0
youtube,UC-fIkB_ZwkoQ8Ix3PbDPzQw,hbiHVLh3yqM
youtube,UC-fIkB_ZwkoQ8Ix3PbDPzQw,plSoqt80KEk
youtube,UC-fIkB_ZwkoQ8Ix3PbDPzQw,RC-BskFArZQ
youtube,UC-FILQaJEtPsMURGy7ntZHw,_kyCTB7Ae60
youtube,UC-FILQaJEtPsMURGy7ntZHw,QvUImi2dU6Y
youtube,UC-FILQaJEtPsMURGy7ntZHw,VaHeq8T479c
youtube,UC-FIOblOFXD5wcNMxl_YViA,OENbgAhnVWM
youtube,UC-FIOblOFXD5wcNMxl_YViA,tfVfK-H8wtA
youtube,UC-fIOpCN1hO4YLNnDxb8UPw,Io8GbskM6WU
youtube,UC-fiwum_tRFTEniaDfj4y-w,YIm-JWnllXc
youtube,UC-fIzIJYi_bBS-Fq3makeHw,EhhCLu0mlPE
youtube,UC-fIzIJYi_bBS-Fq3makeHw,G7dWiXHA-00
youtube,UC-fIzIJYi_bBS-Fq3makeHw,gMOvWI_NWLM
youtube,UC-fIzIJYi_bBS-Fq3makeHw,HAgQZ4-Qqus
youtube,UC-fIzIJYi_bBS-Fq3makeHw,lr0YyT-bVxw
youtube,UC-fIzIJYi_bBS-Fq3makeHw,pgkxHKxj6_g
youtube,UC-FjI6nb6-JyDJSHRdxqfdQ,1cCNxSFOItk
youtube,UC-FjI6nb6-JyDJSHRdxqfdQ,GAaEDSfgh94
youtube,UC-FjI6nb6-JyDJSHRdxqfdQ,QePsSPmS-LQ
youtube,UC-FjI6nb6-JyDJSHRdxqfdQ,sS6wTqbmxuI
youtube,UC-fJQ41lcgFTeinnLzGqDUQ,bAQjQAxD-Sc
youtube,UC-fJQ41lcgFTeinnLzGqDUQ,okwVNd2LXS4
youtube,UC-fJQ41lcgFTeinnLzGqDUQ,SW1Bl31Kpnk
youtube,UC-FjWSOepjG4ZG8PWbMQfKw,RVN34F5SaVU
youtube,UC-FKG-2gna0KoXwYnkHgq8w,XJ_u-UV4uJQ
youtube,UC-FkK_t0IahdyWW6iupaBSw,gPYJDUh870A
youtube,UC-FKKfFDrYZbdBNwr3EuSpQ,0vE8YakKtnE
youtube,UC-FKKfFDrYZbdBNwr3EuSpQ,1gMhX894MZA
youtube,UC-FKKfFDrYZbdBNwr3EuSpQ,4oW1Y9tu3Oc
youtube,UC-FKKfFDrYZbdBNwr3EuSpQ,__Jw8cVHfl4
youtube,UC-FKKfFDrYZbdBNwr3EuSpQ,_twz1GmKFxU
youtube,UC-FKKfFDrYZbdBNwr3EuSpQ,fYjbO6X5WOs
youtube,UC-FKKfFDrYZbdBNwr3EuSpQ,Mo9R5zWWjVI
youtube,UC-FKKfFDrYZbdBNwr3EuSpQ,OtRlwUyr11M
youtube,UC-FKKfFDrYZbdBNwr3EuSpQ,qxiO8D0BhBU
youtube,UC-FkkMc2TiHlbkIphpI2y2Q,QX1nVDTcUcg
youtube,UC-FkptHBok7tJ83oYWoknAQ,mg6sanuPR_Q
youtube,UC-FkptHBok7tJ83oYWoknAQ,sN7zPeGs4R8
youtube,UC-FkSGW2FYAIi2wWK_S9Q2g,BFzM2A_zYdk
youtube,UC-fkUVQXoNmoucgTS33MIFA,ajmK9kxRxvE
youtube,UC-fkUVQXoNmoucgTS33MIFA,B5LFhKSK8xQ
youtube,UC-fl0qohFJrQ358q-Vg4YtA,6Mgew_MsCxA
youtube,UC-fl0qohFJrQ358q-Vg4YtA,dPmN1PS8daI
youtube,UC-fl4sarmnQvg3tkRReetqA,-Oqmb0Q-i1Y
youtube,UC-fL84EIuUkUlJ6w8kND5lw,7y4kMmxXSgU
youtube,UC-fLIQFtBDw4kcXlg9GKM3Q,XJ_u-UV4uJQ
youtube,UC-flIvFH3KNwgNRsLfSPQmA,QDSvYR_2Ibk
youtube,UC-fLKsOsmKz52ZIPwzuEDxg,7elCpH5zwXA
youtube,UC-fLKsOsmKz52ZIPwzuEDxg,dKmH3TyZ9GM
youtube,UC-fLKsOsmKz52ZIPwzuEDxg,nJK-Q6gdfSU
youtube,UC-fLKsOsmKz52ZIPwzuEDxg,u85SnAfzcYA
youtube,UC-fLKsOsmKz52ZIPwzuEDxg,ztxzga187Lk
youtube,UC-flKvXzAtu1FlMVRtvuFAA,A5b7tPsB7FM
youtube,UC-flKvXzAtu1FlMVRtvuFAA,JcfnGYGjt_s
youtube,UC-flKvXzAtu1FlMVRtvuFAA,K4dGhM36x30
youtube,UC-flKvXzAtu1FlMVRtvuFAA,oM4I8kSFS5E
youtube,UC-flKvXzAtu1FlMVRtvuFAA,Q4YWZHfKSXI
youtube,UC-flKvXzAtu1FlMVRtvuFAA,VXu1DFad9nY
youtube,UC-flKvXzAtu1FlMVRtvuFAA,XYdj7BXF6SY
youtube,UC-flKvXzAtu1FlMVRtvuFAA,yhwHLAR2PdM
youtube,UC-fLqOiKUpZP_4RcF8o021A,GfnqSAMStQQ
youtube,UC-fLqOiKUpZP_4RcF8o021A,M8ezVdFBITY
youtube,UC-fLrJVAwDrWXypUWboGNQA,Fh6UveVkoVs
youtube,UC-flT5mR2dFGb4se9n_mo2g,GRyGmDi65Dw
youtube,UC-flT5mR2dFGb4se9n_mo2g,H01qUPXE9Rs
youtube,UC-flT5mR2dFGb4se9n_mo2g,HZ5P2-aNKS0
youtube,UC-flT5mR2dFGb4se9n_mo2g,sMeVvUMu0oE
youtube,UC-flT5mR2dFGb4se9n_mo2g,v57m1nRYkD4
youtube,UC-flT5mR2dFGb4se9n_mo2g,VRQIPiUCc08
youtube,UC-flT5mR2dFGb4se9n_mo2g,wd1-zFduLew
youtube,UC-flT5mR2dFGb4se9n_mo2g,WUd-GjgB-n8
youtube,UC-flT5mR2dFGb4se9n_mo2g,XLRVBO-WX3E
youtube,UC-flT5mR2dFGb4se9n_mo2g,XYdj7BXF6SY
youtube,UC-FLWNFiTW8AasqJ2Ivq5BQ,1LbYTHWSvkQ
youtube,UC-FLWNFiTW8AasqJ2Ivq5BQ,51QJ_B6WEXI
youtube,UC-FLWNFiTW8AasqJ2Ivq5BQ,bVKkGPGUCGo
youtube,UC-FLWNFiTW8AasqJ2Ivq5BQ,CPpgwBI1ydA
youtube,UC-FLWNFiTW8AasqJ2Ivq5BQ,iAxXSxPAYFA
youtube,UC-FLWNFiTW8AasqJ2Ivq5BQ,PPG8eltVoMI
youtube,UC-FLWNFiTW8AasqJ2Ivq5BQ,r02IK-tJ4PU
youtube,UC-FmIiZHcZnHTBRlEKHPdPA,cWFEzckhTio
youtube,UC-FmLxqUqcrmR5UXKpGBchQ,2gV2zL8J6iI
youtube,UC-FmLxqUqcrmR5UXKpGBchQ,2NtBRdkF9dQ
youtube,UC-FmLxqUqcrmR5UXKpGBchQ,5xncs-QC-Bg
youtube,UC-FmLxqUqcrmR5UXKpGBchQ,MDrEjjEuztU
youtube,UC-FmLxqUqcrmR5UXKpGBchQ,VkxPW0P2g4k
youtube,UC-FmLxqUqcrmR5UXKpGBchQ,wsZWY-qa9Ew
youtube,UC-FMwnpiOEseRtP2XkQ0K4A,2xzt60BDYvg
youtube,UC-FMwnpiOEseRtP2XkQ0K4A,3npfjHTWCw0
youtube,UC-FMwnpiOEseRtP2XkQ0K4A,7FvDf6_A02A
youtube,UC-FMwnpiOEseRtP2XkQ0K4A,GAaEDSfgh94
youtube,UC-FMwnpiOEseRtP2XkQ0K4A,IxfN6ugPjoM
youtube,UC-FMwnpiOEseRtP2XkQ0K4A,kWCzLch_C2Y
youtube,UC-FMwnpiOEseRtP2XkQ0K4A,Qq74cZ3CfcA
youtube,UC-FMwnpiOEseRtP2XkQ0K4A,s54N7CwjW9c
youtube,UC-FMwnpiOEseRtP2XkQ0K4A,uCTaTWfnrAk
youtube,UC-FMwnpiOEseRtP2XkQ0K4A,UJtXaAY0-Go
youtube,UC-FMwnpiOEseRtP2XkQ0K4A,ym6wHr9h074
youtube,UC-FMxaKJb_HwmQ-CYaKYbVQ,bEVFdPXD_V8
youtube,UC-FMxaKJb_HwmQ-CYaKYbVQ,M1dwmUoxrvw
youtube,UC-FmxSnSGrgpLbJ8goVI6Pg,0IuO84Hehfc
youtube,UC-FmxSnSGrgpLbJ8goVI6Pg,2GPYiDQ7bMc
youtube,UC-FmxSnSGrgpLbJ8goVI6Pg,8M_Fgicu9x4
youtube,UC-FmxSnSGrgpLbJ8goVI6Pg,e39V2Osx6wk
youtube,UC-FmxSnSGrgpLbJ8goVI6Pg,PQHMZSYZyo8
youtube,UC-FmxSnSGrgpLbJ8goVI6Pg,rtf7e5hfyAo
youtube,UC-FmxSnSGrgpLbJ8goVI6Pg,TQ6kd8402p0
youtube,UC-Fn4PsUgPPST9J_Rhl2MGA,-KD4xcSfhZ0
youtube,UC-Fn4PsUgPPST9J_Rhl2MGA,vttoD5bIfD4
youtube,UC-FNAe1s8Bt2_ETDv10Ejmg,Iwasi7S0zwk
youtube,UC-FndKD-Q61gTmzVuq4qeGw,mjNCh75JXnk
youtube,UC-FnmzQcVEmKz7stAuMAlwA,xz-HOeaYuvs
youtube,UC-FNrqy3z1zfQJiUcRcJ2ow,AgtwfHNEqhs
youtube,UC-FNrqy3z1zfQJiUcRcJ2ow,e39V2Osx6wk
youtube,UC-FNV9SXPhGxfklEgZoyi8Q,RKvjn9Ibpfc
youtube,UC-fo8Sd9ZF5UUJomIVI7ayQ,FOb0i5qk7oM
youtube,UC-fO9IMpWQjQJMzEXjsO2Yg,7xPAqPbhDaY
youtube,UC-fO9IMpWQjQJMzEXjsO2Yg,H7mzwZ_Q9Uc
youtube,UC-FoBaKrkixHR40Z_OR5XFw,5xncs-QC-Bg
youtube,UC-FOctlD7nB_3UQGNc4ibPw,sMeVvUMu0oE
youtube,UC-fonjaQFtOKbmSD7ZS8_DA,2JUDUswlXxQ
youtube,UC-fonjaQFtOKbmSD7ZS8_DA,IAznGGEyYV8
youtube,UC-foQKlHTJqvRXEoSSIjNqw,hyUEZTA-YJQ
youtube,UC-fOsJxoEKYNd_wm6nULIBA,Dxn04-7S_60
youtube,UC-fOW-_Ro_HfmSu28jq8pTg,7DMStYuU1J4
youtube,UC-fOW-_Ro_HfmSu28jq8pTg,Vx8lb8CFs48
youtube,UC-fOW-_Ro_HfmSu28jq8pTg,xHMoA6hITls
youtube,UC-fOW-_Ro_HfmSu28jq8pTg,zARgkIIpx5s
youtube,UC-FP_7Uw0YQeTP47aNkmqOA,l7k2ih1wRhE
youtube,UC-FPAG02hc48KfaF2HtLIYw,0NIvVtAXuJU
youtube,UC-FpDDjhKCA578gmckMh3BA,SubI9RWhZRs
youtube,UC-FpMw8jqGqpeVV5CLIE1bA,hBpkEXWf0Jw
youtube,UC-FpMw8jqGqpeVV5CLIE1bA,IAznGGEyYV8
youtube,UC-FpMw8jqGqpeVV5CLIE1bA,j8W7AuDLFsk
youtube,UC-FpMw8jqGqpeVV5CLIE1bA,ktc8EYmhB4o
youtube,UC-FpMw8jqGqpeVV5CLIE1bA,mCy6m7u8xL8
youtube,UC-fppTvaxjXpEmx9Q5J6TQA,np8Kl-uy4uo
youtube,UC-fpQWiVVHGYtZ8FUC4jkLQ,uD2GksmewMM
youtube,UC-fpQWiVVHGYtZ8FUC4jkLQ,YF3flUd3mM8
youtube,UC-fq7SZdN4ULxFrGHFGdOuw,D7VW0-nNYvE
youtube,UC-fq7SZdN4ULxFrGHFGdOuw,Ds8rB8vLMBU
youtube,UC-fq7SZdN4ULxFrGHFGdOuw,ZJS2o4a3Ex4
youtube,UC-FQFHSPkOwG7c186gt0xHg,v3AH_vjWkvg
youtube,UC-FQFHSPkOwG7c186gt0xHg,YApeH_xxqLY
youtube,UC-FQMk1xH1e75sOd8JBsXhA,TgDSlPv9jeE
youtube,UC-fQnB_cHjb1uyuj3TUmkxw,yE4HoFMOaOc
youtube,UC-fqNuMLnr2pF5YE5wKG1KQ,5xncs-QC-Bg
youtube,UC-fqNuMLnr2pF5YE5wKG1KQ,pkzZnnNudCU
youtube,UC-fQPyKTgFK2KUcOvy9rmVg,pscENe3tEv0
youtube,UC-fQtJKpHVF1rsKw7GBOpXg,9dgWV4-W2bQ
youtube,UC-fQwamSFwIl3kWI9t7mUpA,iQKc_paVejM
youtube,UC-fqyGHA94F9qj_6Zmb37YA,B1ZCYNvjHA8
youtube,UC-fqZf4oix9KjZjl80UgfPQ,NhbINNjEYzg
youtube,UC-fqZf4oix9KjZjl80UgfPQ,yE4HoFMOaOc
youtube,UC-fR0YGtzK9WVxjmj5zdgPQ,dcPGqotMGxI
youtube,UC-fR0YGtzK9WVxjmj5zdgPQ,nKSnAzKDWz8
youtube,UC-fR0YGtzK9WVxjmj5zdgPQ,oKr9kf_09Dw
youtube,UC-fR0YGtzK9WVxjmj5zdgPQ,WAB_5iGI08k
youtube,UC-fR0YGtzK9WVxjmj5zdgPQ,XCzCtyI9aD0
youtube,UC-fR0YGtzK9WVxjmj5zdgPQ,xGjCONDiCWU
youtube,UC-fR0YGtzK9WVxjmj5zdgPQ,xpG4XLxKkAo
youtube,UC-fR0YGtzK9WVxjmj5zdgPQ,yXUiDvxkkSQ
youtube,UC-Fr5xjKrNoqfHlNrr2qIZQ,QI4YkmQy6BU
youtube,UC-FrBbTsuYB-D2zT4GK6kkg,-xbziIY-Wlw
youtube,UC-FrBbTsuYB-D2zT4GK6kkg,dz3AHPZ6LSY
youtube,UC-FrBbTsuYB-D2zT4GK6kkg,ycOh7Lv3z0o
youtube,UC-Frbr0gM9MZL-iqCAQO75Q,0nZmLMa1hDo
youtube,UC-Frbr0gM9MZL-iqCAQO75Q,zARgkIIpx5s
youtube,UC-fRtVH0aYuiXHo6fduElwg,n82YZqfA4Q0
youtube,UC-Frtyu6K85r99BSmNK7tWA,HlccZwUBBVU
youtube,UC-FrUBO6bJWJzTOKx3ciaWw,qg_K1mmMm5I
youtube,UC-FRvz7zhMUYe6UHQFn-44w,6NI8YjHit8Y
youtube,UC-FRvz7zhMUYe6UHQFn-44w,ARwTqxxlvAo
youtube,UC-FRvz7zhMUYe6UHQFn-44w,HTpCmSzHO0c
youtube,UC-frWGWJ5o6TcmL6B4bBoUQ,cSDt7gZVorg
youtube,UC-FSf99_lpuL2PLWA-hVMYQ,fJo5h4Y-l40
youtube,UC-FSf99_lpuL2PLWA-hVMYQ,fYaQ0ZWqRrI
youtube,UC-FSf99_lpuL2PLWA-hVMYQ,NLov0xSFRoI
youtube,UC-FSf99_lpuL2PLWA-hVMYQ,tJzgYF_FJTE
youtube,UC-FSf99_lpuL2PLWA-hVMYQ,VgVrYN-Mkjk
youtube,UC-FSJaxEptE9-pW6FgShW4A,nR8edPGAzdY
youtube,UC-FSJaxEptE9-pW6FgShW4A,Nt0fL1FtscE
youtube,UC-FSjZYPpuouvKQkIStvi7w,gAKxh44h2tA
youtube,UC-FSjZYPpuouvKQkIStvi7w,hYO5u2ERpGY
youtube,UC-FSKAvF2Joiw9gjhfaoSQg,09LSf6gh1YM
youtube,UC-fsQyEAzdntPhfY_jDh3yw,xGjCONDiCWU
youtube,UC-FstAXfjc3Y2SQ67SFq3ZA,gvjCZT57evc
youtube,UC-FstAXfjc3Y2SQ67SFq3ZA,kR_rLlYTGsA
youtube,UC-ft35Lt5YwZwuVoQqXQfsg,4viQT0MN6Ko
youtube,UC-ft35Lt5YwZwuVoQqXQfsg,dKmH3TyZ9GM
youtube,UC-ft35Lt5YwZwuVoQqXQfsg,ERIbn3Xua5c
youtube,UC-ft35Lt5YwZwuVoQqXQfsg,qP3tuo9nqEA
youtube,UC-ftcBHXtA7RUW9sz3nz_Nw,7xPAqPbhDaY
youtube,UC-ftcBHXtA7RUW9sz3nz_Nw,y5E1tmUoACY
youtube,UC-fTE6LY5g_w79rA888-fzg,yDvn-A03kfg
youtube,UC-FTepXBgOCK7SyaEjJZ0ZA,SLsYKelRBAU
youtube,UC-FteSYFk2Mj610SMg5gJZQ,caO2DDhLRLg
youtube,UC-FteSYFk2Mj610SMg5gJZQ,JkH3wP_Z8IQ
youtube,UC-ftgpfC4t_drMG8FTz7ifA,0qidYbF76Jg
youtube,UC-ftgpfC4t_drMG8FTz7ifA,JUOfrlYgSrQ
youtube,UC-fTJ7e7HEEMLY1mj9dLXVQ,7eRu_lKEKf0
youtube,UC-FTMUYLMp4A1E_soJdH_kg,_PdiRRP6i0w
youtube,UC-FTMUYLMp4A1E_soJdH_kg,d3IFLoA11mM
youtube,UC-FTMUYLMp4A1E_soJdH_kg,JM6fbPkynEE
youtube,UC-FTMUYLMp4A1E_soJdH_kg,ly4hZ70hJ28
youtube,UC-FTMUYLMp4A1E_soJdH_kg,RIircCJDAh4
youtube,UC-FTMUYLMp4A1E_soJdH_kg,rS7axo1Tb8g
youtube,UC-FTMUYLMp4A1E_soJdH_kg,ugzWpTmq8nQ
youtube,UC-FTMUYLMp4A1E_soJdH_kg,ZoEgdacoAfY
youtube,UC-Ftoghu_BT9Rg4hzbuZZnw,kziHaUZ9ZDI
youtube,UC-Ftoghu_BT9Rg4hzbuZZnw,n114PC70-Io
youtube,UC-Ftoghu_BT9Rg4hzbuZZnw,Uc2Cafs_NaI
youtube,UC-fTpyAQ3OuWlF0C9YCguZQ,PoCjzZwuHm8
youtube,UC-fttTe-FH309GlSzLAir7w,ghAdeT60_HQ
youtube,UC-fttTe-FH309GlSzLAir7w,i7MfKz3_h1E
youtube,UC-Fuo6XJRiEh0--XKue5joQ,tBWJVgSAxGU
youtube,UC-FUYF4MVjTsmJcIbnoe2_A,Q4YWZHfKSXI
youtube,UC-fvG_TrduzCiP2kUXKutTA,AHOaegd8hcE
youtube,UC-fvoi55wpb-8xaeHzrrIXQ,djQidqt6wk8
youtube,UC-fvoi55wpb-8xaeHzrrIXQ,sKqpHZknpsg
youtube,UC-fvoi55wpb-8xaeHzrrIXQ,U-qt0b5VmTI
youtube,UC-fVStxZF9jgIIzy0sFFQew,nNjGZck9Vbk
youtube,UC-fVwN7d7dhNiRrDwMLvBYw,5aW3FGKr4g4
youtube,UC-fVwN7d7dhNiRrDwMLvBYw,GWvFlbZgzb0
youtube,UC-FW1l2z7MKOgn4O4hiTQwA,1FS-Thx0X9w
youtube,UC-FW1l2z7MKOgn4O4hiTQwA,mrTx5PY-x38
youtube,UC-Fw3HrVHO7dAPMAKfwJNdg,GI-QrXrgAjg
youtube,UC-Fw3HrVHO7dAPMAKfwJNdg,iQKc_paVejM
youtube,UC-FwccNBHqNFn6_G6qei8pw,Ds8rB8vLMBU
youtube,UC-fWO17tlRbCPtHvfE-164Q,PgzmtmZH_bA
youtube,UC-Fwr-9hvmDlKTXEoNRpKLg,7ETGcFImxCM
youtube,UC-Fwr-9hvmDlKTXEoNRpKLg,A5b7tPsB7FM
youtube,UC-Fwr-9hvmDlKTXEoNRpKLg,sS6wTqbmxuI
youtube,UC-Fwr-9hvmDlKTXEoNRpKLg,WSOJH28GTRw
youtube,UC-Fwr-9hvmDlKTXEoNRpKLg,wxRtNEEoNu8
youtube,UC-Fwr-9hvmDlKTXEoNRpKLg,XsPIqNYfLBQ
youtube,UC-fWuNlxR2KXxIT3pyjTCJQ,2jpLBX7aaYI
youtube,UC-fWuNlxR2KXxIT3pyjTCJQ,boByVKR83nI
youtube,UC-fWuNlxR2KXxIT3pyjTCJQ,cX5SgWh2SsA
youtube,UC-fWuNlxR2KXxIT3pyjTCJQ,DOCsf8pivCQ
youtube,UC-fWuNlxR2KXxIT3pyjTCJQ,EA3Vn48ZG9E
youtube,UC-fWuNlxR2KXxIT3pyjTCJQ,EhhCLu0mlPE
youtube,UC-fWuNlxR2KXxIT3pyjTCJQ,FnVBiDXAQyw
youtube,UC-fWuNlxR2KXxIT3pyjTCJQ,hbiHVLh3yqM
youtube,UC-fWuNlxR2KXxIT3pyjTCJQ,J4P31n_wczg
youtube,UC-fWuNlxR2KXxIT3pyjTCJQ,J7kShGe8V4s
youtube,UC-fWuNlxR2KXxIT3pyjTCJQ,KLMUi3ZFXRc
youtube,UC-fWuNlxR2KXxIT3pyjTCJQ,kQ00XtpTtgo
youtube,UC-fWuNlxR2KXxIT3pyjTCJQ,M1dwmUoxrvw
youtube,UC-fWuNlxR2KXxIT3pyjTCJQ,mpKKuUc2hQ8
youtube,UC-fWuNlxR2KXxIT3pyjTCJQ,nuUoCStzsBQ
youtube,UC-fWuNlxR2KXxIT3pyjTCJQ,oZcTD8nO49U
youtube,UC-fWuNlxR2KXxIT3pyjTCJQ,zYhv5xBeDkE
youtube,UC-Fx1mMd0jWpdjn3zIr0KKA,clWZhMKZ3v0
youtube,UC-Fx1mMd0jWpdjn3zIr0KKA,ioZfdKg-6Ig
youtube,UC-Fx1mMd0jWpdjn3zIr0KKA,qEU5ifhC0EQ
youtube,UC-Fx_vFKSGA4ada6BpmMbpg,-RORGMiE2ZQ
youtube,UC-Fx_vFKSGA4ada6BpmMbpg,0-PV7kNMsK4
youtube,UC-Fx_vFKSGA4ada6BpmMbpg,0IuO84Hehfc
youtube,UC-Fx_vFKSGA4ada6BpmMbpg,2XImbS_BRLs
youtube,UC-Fx_vFKSGA4ada6BpmMbpg,GnDbydQcZHE
youtube,UC-Fx_vFKSGA4ada6BpmMbpg,j47rbfhgGd8
youtube,UC-Fx_vFKSGA4ada6BpmMbpg,yDvn-A03kfg
youtube,UC-Fx_vFKSGA4ada6BpmMbpg,ZfInJfkM1yU
youtube,UC-Fx_vFKSGA4ada6BpmMbpg,Zs5aSGYl7uM
youtube,UC-Fxb_2HIU8IdBaDuQs5qLA,jJLXBpBaBzc
youtube,UC-FXEWBrmotfgPYayxCITNA,QYz9lz8fkjo
youtube,UC-FXEWBrmotfgPYayxCITNA,R-GubRU_b50
youtube,UC-FXEWBrmotfgPYayxCITNA,sC1v6aj_tGw
youtube,UC-FXFaz2bARKZ0-2DGNhcwg,MlhArCQvL5o
youtube,UC-FXFaz2bARKZ0-2DGNhcwg,oKCKbWhrrEo
youtube,UC-FXFaz2bARKZ0-2DGNhcwg,YW5ZrOsu5mY
youtube,UC-fxRfaQs85W3RzD0pc4TAQ,qw5pjrhuZ4s
youtube,UC-fxRfaQs85W3RzD0pc4TAQ,Ttsb5vF7-Ac
youtube,UC-FxsulnI2yy_5SzEJytVfw,aq9OXGxxwo4
youtube,UC-FXyuR9MVM_VxQcQNAvuoA,GSQPwUKXm0A
youtube,UC-FXyzqDOw_mTPY0bGFOsxA,FhEOmkqoCo4
youtube,UC-Fy0D41y0vu7nL3wwqUtng,AgtwfHNEqhs
youtube,UC-FYGhL3Gtr3Bm0lBaOrpFg,2ssv1mmEBPI
youtube,UC-FYGhL3Gtr3Bm0lBaOrpFg,4Jd2H2mP1bg
youtube,UC-FYGhL3Gtr3Bm0lBaOrpFg,af6VGeSFWyA
youtube,UC-FYGhL3Gtr3Bm0lBaOrpFg,FwTe96irgdo
youtube,UC-FYGhL3Gtr3Bm0lBaOrpFg,OxmR6NydXTk
youtube,UC-FYGhL3Gtr3Bm0lBaOrpFg,P5dKEbfX1LI
youtube,UC-fyI8puCtZgsHkK1xv9qWg,dKmH3TyZ9GM
youtube,UC-Fyn4KY3nwVe_1MCpvcc6Q,CnsrSwWgJ2o
youtube,UC-FyP-QVZe9KC6Z7l8NprMw,AmBwN1B4ovw
youtube,UC-FyP-QVZe9KC6Z7l8NprMw,NMijUcEOG-E
youtube,UC-fyPVDscqaHBT2Ls5cjTSw,0vE8YakKtnE
youtube,UC-fyPVDscqaHBT2Ls5cjTSw,zhQCB2moDJY
youtube,UC-Fywd_mYPpTwOWXft8Bbxw,A1jgTsG-Wdk
youtube,UC-Fywd_mYPpTwOWXft8Bbxw,g-PopTqpdHc
youtube,UC-fzBqo92NbO2cosiMV4LVg,PuyNC3jAQ2M
youtube,UC-fzDi-zfqYikAw5WUwwxpQ,E7csU4wbNEw
youtube,UC-fzDi-zfqYikAw5WUwwxpQ,fF61LvMi8YI
youtube,UC-fzE_y5eCtufcG5F8MBDug,_twz1GmKFxU
youtube,UC-FZF9fBQ9Rn-jSoI_ca3rQ,HuUmrQB6jTo
youtube,UC-fZKnPzgmG8vo81cikD1zw,tYE3JaeaCOg
youtube,UC-FzmFzFvUXkdK6UjNCO6oA,_kyCTB7Ae60
youtube,UC-FZOvebKb2fDy1SWYmfv7Q,LjxXnldlfwQ
youtube,UC-fzqp7GaH57kxT5MqNgvAQ,pZrJtGcmXrk
youtube,UC-fZQviKKuBle5RJAmDqV2A,_a9wL5xOS5U
youtube,UC-FzSHxdo5dOa2S01jP2nRA,C7C-Q5uqIZI
youtube,UC-FzSHxdo5dOa2S01jP2nRA,ejfLUquG_Gk
youtube,UC-fZujyRw67Picui1olbQIg,09LSf6gh1YM
youtube,UC-fzv9jx_6pF2hw8Wr9hBxg,Kfoqte_uUlQ
youtube,UC-fzv9jx_6pF2hw8Wr9hBxg,OENbgAhnVWM
youtube,UC-g-KrtSdZ_y-WM4jHmgGDg,Qqn2VhQhp-8
youtube,UC-G-n_8Qv4u3TZx-zA4xIlw,A1jgTsG-Wdk
youtube,UC-G027SCdbRojdgbgGvP3Yg,Mq-ihPHKoCs
youtube,UC-G027SCdbRojdgbgGvP3Yg,PWpG_1BVBnw
youtube,UC-G03gik4ELo3GYKlVTeHIQ,1wPNs31IS2M
youtube,UC-G03gik4ELo3GYKlVTeHIQ,2J-j3YdZ1sE
youtube,UC-G03gik4ELo3GYKlVTeHIQ,2WQfAu8FGL4
youtube,UC-G03gik4ELo3GYKlVTeHIQ,eRig2mRjoAM
youtube,UC-G03gik4ELo3GYKlVTeHIQ,Kd2oXVx3M1U
youtube,UC-G03gik4ELo3GYKlVTeHIQ,Xjre8q1OQ8w
youtube,UC-G0q1HQPMwGL013g-TrzOQ,3bYWSAe7NVc
youtube,UC-G0q1HQPMwGL013g-TrzOQ,3i4xoUmwuRY
youtube,UC-G0q1HQPMwGL013g-TrzOQ,9Qfk4Q_ak8U
youtube,UC-G0q1HQPMwGL013g-TrzOQ,anEY5eCcumY
youtube,UC-G0q1HQPMwGL013g-TrzOQ,FOb0i5qk7oM
youtube,UC-G0q1HQPMwGL013g-TrzOQ,GFIjb7Jg2Oo
youtube,UC-G0q1HQPMwGL013g-TrzOQ,J_Ha74gSVgc
youtube,UC-G0q1HQPMwGL013g-TrzOQ,jY4WmEQmIH0
youtube,UC-G0q1HQPMwGL013g-TrzOQ,kkUmaMdw0vA
youtube,UC-G0q1HQPMwGL013g-TrzOQ,ktcoGwE4vUk
youtube,UC-G0q1HQPMwGL013g-TrzOQ,mBhAem9KBcs
youtube,UC-G0q1HQPMwGL013g-TrzOQ,P1ZwwYRziT0
youtube,UC-G0q1HQPMwGL013g-TrzOQ,qOxUL9KrNZs
youtube,UC-G0q1HQPMwGL013g-TrzOQ,svknmFMNK6s
youtube,UC-G0q1HQPMwGL013g-TrzOQ,YW5ZrOsu5mY
youtube,UC-G0q1HQPMwGL013g-TrzOQ,yZPDUGkosXY
youtube,UC-G0q1HQPMwGL013g-TrzOQ,zn3Z_8s6CGY
youtube,UC-G0q1HQPMwGL013g-TrzOQ,ZsGloK89AVs
youtube,UC-g0X9F4ShTpV8Cs47KyR7A,2u_l6ylcxUI
youtube,UC-g0X9F4ShTpV8Cs47KyR7A,7tqvzT2AQK8
youtube,UC-g0X9F4ShTpV8Cs47KyR7A,fOpxp6xusjo
youtube,UC-G0ZvVuAAs2R421a4vhA6w,mfaComDoKLE
youtube,UC-g1_vilzUzOqCTaPj3iMMg,cSDt7gZVorg
youtube,UC-G1aaoZiwL2ljhKl6yiofg,WUd-GjgB-n8
youtube,UC-g1K_X6lx3k77TaAbBkDSQ,p2JM1JxLNFA
youtube,UC-g1K_X6lx3k77TaAbBkDSQ,qJNqJx2UqJA
youtube,UC-g1Pz6-5GnfSYgH6t2NpWA,hwBmTTEilnI
youtube,UC-g1T6DW4rKAbimHkjmEFYQ,fXXa1KYJsfc
youtube,UC-g1ub9Lnx3YTpJHsGbmb7w,33SHuyfLDbU
youtube,UC-g1ub9Lnx3YTpJHsGbmb7w,bEVFdPXD_V8
youtube,UC-g1ub9Lnx3YTpJHsGbmb7w,ODvuVboXgKE
youtube,UC-g1ub9Lnx3YTpJHsGbmb7w,XWdmHrKh-UI
youtube,UC-g2ECs0FM8rC0OBWz2pkoA,gMOvWI_NWLM
youtube,UC-g2ECs0FM8rC0OBWz2pkoA,ZLqzKczMYU4
youtube,UC-G2gOrkiVcBHo1vduw2jvA,MVQBDtqMgvU
youtube,UC-g2OkMGTQwHI4JKZZI81TQ,jqi92rpowzw
youtube,UC-g2OkMGTQwHI4JKZZI81TQ,te3767C8Sbg
youtube,UC-G2Sz_jZp-ujeT1sYghS_Q,4mhKaESdMpI
youtube,UC-G2Sz_jZp-ujeT1sYghS_Q,yk9RjnoE5lw
youtube,UC-g30BlH9G84P5AVbOrPgxg,CNNTqjEfTKE
youtube,UC-G3PIBWcp4cAf6HYTS3-VQ,eBLFK59j8Fg
youtube,UC-G3uo0PhNF2Nnhk6AieGnQ,Ij4mpZB2MOk
youtube,UC-g4ghGzRLMWdXltz_XSQmw,_xqD4duaUwI
youtube,UC-g4ghGzRLMWdXltz_XSQmw,CZPovsQqZjQ
youtube,UC-g4ghGzRLMWdXltz_XSQmw,xpKus5ZWYBI
youtube,UC-G4qx3QroMZdEFPKjmsoAw,EOhiALOGk8c
youtube,UC-g4XAFs2B5gy9RHtQK-uKA,2-2Svg-o1-Q
youtube,UC-g4XAFs2B5gy9RHtQK-uKA,NFZJcWSi4Yw
youtube,UC-G4XjNCxMAvc5sKt7CI9WA,a38A-VDeyFU
youtube,UC-g4xnAtnWTMv_vZuoMomAw,Iwasi7S0zwk
youtube,UC-g5MpC3klQ55R69jL8AIeg,BFzM2A_zYdk
youtube,UC-g5MpC3klQ55R69jL8AIeg,Ds8rB8vLMBU
youtube,UC-g5MpC3klQ55R69jL8AIeg,HMByjbtmT88
youtube,UC-g60L3l3sD24lbCKNcQQzg,cHYLL1W3RZw
youtube,UC-g6a0Dbyovt2YzR4fpTzoQ,J4CS3rOW6cE
youtube,UC-G6AX0oztW0hI_wQVtvX8g,LW3YmQA8M4I
youtube,UC-g6JZO9qnDO4brVA5N8iWg,3i4xoUmwuRY
youtube,UC-G73ifjHMPHCkyAxLMXyqw,4gevjNFy_1s
youtube,UC-G73ifjHMPHCkyAxLMXyqw,5zEW9bUb-PA
youtube,UC-G73ifjHMPHCkyAxLMXyqw,DIoMSLb431I
youtube,UC-G73ifjHMPHCkyAxLMXyqw,ee2zmSQ4il0
youtube,UC-G73ifjHMPHCkyAxLMXyqw,EX3eBe-g6bs
youtube,UC-G73ifjHMPHCkyAxLMXyqw,hlKdBQqzaCs
youtube,UC-G73ifjHMPHCkyAxLMXyqw,hp3Cgaq5Tvg
youtube,UC-g75c88iVDvN-tdFf4D9rA,rp53CT69nDM
youtube,UC-g7dmxp8azy8gh_84Txtsw,30dO4nKxDQU
youtube,UC-g7dmxp8azy8gh_84Txtsw,4XYoRB7269c
youtube,UC-g7dmxp8azy8gh_84Txtsw,kCEUC1EEjbQ
youtube,UC-g7dmxp8azy8gh_84Txtsw,Po4Ko1X2qcQ
youtube,UC-g7dmxp8azy8gh_84Txtsw,uAWMwFWUH8Q
youtube,UC-g7dmxp8azy8gh_84Txtsw,xZcCkk1f7XM
youtube,UC-G7pib4PqFiPcfpq2KX-Lg,bd7qBMhQmeo
youtube,UC-g7pxrL0PkVG4RBrvxgBvg,9IlAiLy0PPQ
youtube,UC-G7WhDfr30TKD9aqZgpspA,2u_l6ylcxUI
youtube,UC-G7WhDfr30TKD9aqZgpspA,deyWP53ZJQc
youtube,UC-G7WhDfr30TKD9aqZgpspA,mg6sanuPR_Q
youtube,UC-G8IgkbW-P4ACG7A8FfVdA,BFzM2A_zYdk
youtube,UC-G8IgkbW-P4ACG7A8FfVdA,ktc8EYmhB4o
youtube,UC-g99kiR-0zEAxqKXjb_M3A,2eUyGrBXR4k
youtube,UC-g99kiR-0zEAxqKXjb_M3A,mfaComDoKLE
youtube,UC-G9RNK-pqU4ybD-ayRTk2w,7y4kMmxXSgU
youtube,UC-G_BpfounCLHBwdfeMH22Q,SW1Bl31Kpnk
youtube,UC-g_unrSCTAzSq4d2XSfaDw,xj02S2waGOw
youtube,UC-g_YH4GN8y5ZvLhrvUB-Ow,Ks57Cm22-8s
youtube,UC-GAhkqLlwE3OSOtaZx9Xqg,tuKIVtFNqsw
youtube,UC-gAJYbuXRAXKCUbHV46TSw,zIYWbxBfe7s
youtube,UC-GaSxdsf0nEtlMMF-s3m7A,8prNLdte254
youtube,UC-GaY9h8VM3exI2Fr346J1w,6MZPuTXCxIo
youtube,UC-GB_cyhq5MpPT-eHdUwiHQ,6WGTfQ80x1M
youtube,UC-GB_cyhq5MpPT-eHdUwiHQ,8heVsgHNLzg
youtube,UC-GB_cyhq5MpPT-eHdUwiHQ,ahp-OAzUlvE
youtube,UC-gbBCu353mDmcdKO2W6e-g,6wzUA77ozuE
youtube,UC-gBdWe2GOMMqBdjsJTDVmA,LAvBfuuWjZk
youtube,UC-gBdWe2GOMMqBdjsJTDVmA,LLxQDGOd83c
youtube,UC-GBf2JFiAMuYlw6kVEq_VA,CW_YVrAPAlI
youtube,UC-GBf2JFiAMuYlw6kVEq_VA,DNmXkRkhp24
youtube,UC-GBf2JFiAMuYlw6kVEq_VA,lK9U89tBUMk
youtube,UC-GBf2JFiAMuYlw6kVEq_VA,WafKNs-TcOU
youtube,UC-gBG-XbGbWhpLiYBI1q5Lw,aOSoNvpYH7w
youtube,UC-GBHRunE6Z3XXePITxbdJA,s54N7CwjW9c
youtube,UC-GbPMo41DSorX4JT_bQfVg,FIdjzMBanbE
youtube,UC-GbPMo41DSorX4JT_bQfVg,Nw3PNBdczaI
youtube,UC-GbPMo41DSorX4JT_bQfVg,U-qt0b5VmTI
youtube,UC-gBtHFVCITDbHkht9ZvS9A,JKAsT-I2d_8
youtube,UC-GBTVj-bq4iMoaiKDm2Bjw,8Zo4WLsfgIg
youtube,UC-GBTVj-bq4iMoaiKDm2Bjw,FwTe96irgdo
youtube,UC-GBWVBbEPYMjFiNnmAwPag,tuKIVtFNqsw
youtube,UC-gC3Wp7tNmnW9f8DR0hu5w,D-8iBh6b4BA
youtube,UC-gC3Wp7tNmnW9f8DR0hu5w,dLEggNDSseM
youtube,UC-gC3Wp7tNmnW9f8DR0hu5w,U8VR-a-2tYk
youtube,UC-gC3Wp7tNmnW9f8DR0hu5w,xtEkEQEOR8U
youtube,UC-GC9GF0vUXzCilJIvlHpGA,Ec16l9b_7oA
youtube,UC-gC_7f6pfojuUJnefwOcng,3jv0U1vnZ98
youtube,UC-gC_7f6pfojuUJnefwOcng,5GDlBby2pBA
youtube,UC-gC_7f6pfojuUJnefwOcng,EOhiALOGk8c
youtube,UC-gC_7f6pfojuUJnefwOcng,G-dhM9jeCMI
youtube,UC-gC_7f6pfojuUJnefwOcng,G5rT5Ce14jY
youtube,UC-gC_7f6pfojuUJnefwOcng,HTpCmSzHO0c
youtube,UC-gC_7f6pfojuUJnefwOcng,Q2qrRgCemxA
youtube,UC-gC_7f6pfojuUJnefwOcng,uPJiMAZgxAE
youtube,UC-gCSfJkuhnZ3hwYz8ByRWA,04UkssL9sYQ
youtube,UC-GczlcUcbta9PUR1e0okNw,wczWa1TRHFU
youtube,UC-gD6TXSLjo13cR4-LeDxrQ,a38A-VDeyFU
youtube,UC-Gd8fCkcFmDFG5ZoCJKmpQ,KkdUr4hdXDc
youtube,UC-Gd8fCkcFmDFG5ZoCJKmpQ,Obvdn3Aj1kE
youtube,UC-Gd8fCkcFmDFG5ZoCJKmpQ,XrE4zNdiJVE
youtube,UC-gd8qzX-xQln9zZ4QJkACw,T_axF2Lki14
youtube,UC-GdiDDhkvvTFPY0KxlLu7Q,D7VW0-nNYvE
youtube,UC-GdlBLAf9M_DInfxHYIcEg,yBpspV03GgE
youtube,UC-gdo1pWVrk6QoV8gzoIW8g,xj02S2waGOw
youtube,UC-GdrCyIkzX9TYwkBDGGs_w,l9mEtpVBL3A
youtube,UC-gduxbWEDHKTOToXRWmb3A,YYoNdQgmY_c
youtube,UC-gdX0bRW72IGLiufg3v2Ag,0N8Gw6SAmEc
youtube,UC-GdXl1WMqe4c_jzqjLdV8Q,1LTuWQD5m-4
youtube,UC-GdXl1WMqe4c_jzqjLdV8Q,avvdHKmnVW0
youtube,UC-GdXl1WMqe4c_jzqjLdV8Q,bSwm8jAgd7Y
youtube,UC-GdXl1WMqe4c_jzqjLdV8Q,iKHCxjA8XNw
youtube,UC-GdXl1WMqe4c_jzqjLdV8Q,j5AiJnJegF4
youtube,UC-GdXl1WMqe4c_jzqjLdV8Q,NALZKv8YrmY
youtube,UC-GdXl1WMqe4c_jzqjLdV8Q,OZ9Bvo4t-3w
youtube,UC-GdXl1WMqe4c_jzqjLdV8Q,uwhY64-ktxg
youtube,UC-GdXl1WMqe4c_jzqjLdV8Q,VgVrYN-Mkjk
youtube,UC-GdXl1WMqe4c_jzqjLdV8Q,xmKqPKbCG0k
youtube,UC-GdXl1WMqe4c_jzqjLdV8Q,YyexU2g6gfo
youtube,UC-GE2qCfWWdI8kL9tMyX13g,2b8KXoZhEbo
youtube,UC-GE2qCfWWdI8kL9tMyX13g,9cEw1vCaz_k
youtube,UC-GE2qCfWWdI8kL9tMyX13g,baRdC9kr1rk
youtube,UC-GE2qCfWWdI8kL9tMyX13g,DRw_ibZNXdY
youtube,UC-GE2qCfWWdI8kL9tMyX13g,pYfauEW8fJY
youtube,UC-GEdB3I7gkiEIFhv0Lw3RA,MVQBDtqMgvU
youtube,UC-GEej-bMvh2Q4Ho5amNmAw,uibYkU3UWuA
youtube,UC-geMidbXeM9JxLjfqHDnQQ,2XGxbUtR41s
youtube,UC-geMidbXeM9JxLjfqHDnQQ,KKhL9wd2h_8
youtube,UC-geMidbXeM9JxLjfqHDnQQ,LROLNXZX2-s
youtube,UC-geNevyfVOxouAYDM_6VZA,TBtWLH1k8FM
youtube,UC-geNevyfVOxouAYDM_6VZA,xj02S2waGOw
youtube,UC-Geq1GVkIwX9NGQ2vVrL-Q,Iwasi7S0zwk
youtube,UC-getnirR_MWJq3BodQ95_A,EO9Ij1PhQSs
youtube,UC-gF1gdIvxCObWHFfg7Iqlw,MVQBDtqMgvU
youtube,UC-gF1gdIvxCObWHFfg7Iqlw,OrHKmDvHAuQ
youtube,UC-GfKZYmqOoqC5PDzO7wh7Q,FXT0bsig9UU
youtube,UC-gFmxulI5SbjSVqV-Ck1Ng,VaZXit-UK50
youtube,UC-gFmxulI5SbjSVqV-Ck1Ng,Y0MQpMDTlkI
youtube,UC-gFosXo2lhx1dKkgd-_suA,r02IK-tJ4PU
youtube,UC-gfpq7endPXAV4bqixkNoA,hcZg-IjH-TA
youtube,UC-GG5bWwZVLPWtnTd0Da_qg,qZoEVEXNbzs
youtube,UC-GG5bWwZVLPWtnTd0Da_qg,tTwoAvyVF6o
youtube,UC-gGFxhislx4aS_nbgdtOeA,-VZ7N-7MFRU
youtube,UC-gGFxhislx4aS_nbgdtOeA,JihtnGSghIw
youtube,UC-gGFxhislx4aS_nbgdtOeA,txmg7AXznJc
youtube,UC-GgUet8yHEyjUgUJXzBkbg,79ACo4016wA
youtube,UC-gH5vlqiB1czNC9OATt4uA,0uigcfHqYG0
youtube,UC-gH5vlqiB1czNC9OATt4uA,D7VW0-nNYvE
youtube,UC-gH5vlqiB1czNC9OATt4uA,Ds8rB8vLMBU
youtube,UC-gH5vlqiB1czNC9OATt4uA,qQTb7A9g_7I
youtube,UC-gH5vlqiB1czNC9OATt4uA,yOX4ciBsUV8
youtube,UC-Gh8eUX_8fZ7e1rFzaiczw,fCSy-I7oYgA
youtube,UC-Gh8eUX_8fZ7e1rFzaiczw,XJ_u-UV4uJQ
youtube,UC-Gh9l3D3D7TGzpUVKaof0w,tSa3M89I4dA
youtube,UC-ghLnFQlILXH2oIKSV80iw,_WMv67OKdlE
youtube,UC-GhsGg4hWAtKI2WeVttv3g,xj02S2waGOw
youtube,UC-GhvzmbXKGIZBa-W36RBNw,bASYME5GcuE
youtube,UC-gHyKtAycNL44u7SrpGOPw,sbIu-rPXwns
youtube,UC-GIhrF8liPrxq2vyt2SvNA,wZdOGTKn8Uk
youtube,UC-gIt8oX6pwmHQ1ltWFHCzQ,-lj0Vz-DorU
youtube,UC-gIt8oX6pwmHQ1ltWFHCzQ,-X4rGoxsLv4
youtube,UC-gIt8oX6pwmHQ1ltWFHCzQ,8apwnQFLzyc
youtube,UC-gIt8oX6pwmHQ1ltWFHCzQ,9tvJ7FlOmds
youtube,UC-gIt8oX6pwmHQ1ltWFHCzQ,AufSG5H394E
youtube,UC-gIt8oX6pwmHQ1ltWFHCzQ,bAQjQAxD-Sc
youtube,UC-gIt8oX6pwmHQ1ltWFHCzQ,d3IFLoA11mM
youtube,UC-gIt8oX6pwmHQ1ltWFHCzQ,dxoqsn_fnSs
youtube,UC-gIt8oX6pwmHQ1ltWFHCzQ,G6cc8oS2tiQ
youtube,UC-gIt8oX6pwmHQ1ltWFHCzQ,GurYhZNduBE
youtube,UC-gIt8oX6pwmHQ1ltWFHCzQ,JOcYFp9PYD0
youtube,UC-gIt8oX6pwmHQ1ltWFHCzQ,k4eL4Q1rZ90
youtube,UC-gIt8oX6pwmHQ1ltWFHCzQ,n2xQ112p4Kg
youtube,UC-gIt8oX6pwmHQ1ltWFHCzQ,yTmiEZiVgGY
youtube,UC-GJ6rwtw8QpKv8lJEtUXbQ,JE8t0acSv2E
youtube,UC-GJ6rwtw8QpKv8lJEtUXbQ,PQn-6GCD5F4
youtube,UC-GJ6rwtw8QpKv8lJEtUXbQ,SpzWZFG2X8E
youtube,UC-gjOUIElPNPz0VVccMjFEw,3rcGr-CsCSQ
youtube,UC-gjOUIElPNPz0VVccMjFEw,eRig2mRjoAM
youtube,UC-gjOUIElPNPz0VVccMjFEw,Fpsso1Ufgkk
youtube,UC-gjOUIElPNPz0VVccMjFEw,iqa90w-y81s
youtube,UC-gJuMEs9uhNgUr3JOIRBWg,3g9cMjUhxHo
youtube,UC-gJw9OIxB2LDmvlXZtHKrQ,cuCzO_qupCQ
youtube,UC-gJw9OIxB2LDmvlXZtHKrQ,EcGyX5ojzRQ
youtube,UC-gJw9OIxB2LDmvlXZtHKrQ,ly4hZ70hJ28
youtube,UC-gJw9OIxB2LDmvlXZtHKrQ,ROBRJGN0r2k
youtube,UC-GjzCWLQbgNVgcPaCOp9Aw,7elCpH5zwXA
youtube,UC-GjzCWLQbgNVgcPaCOp9Aw,aOSoNvpYH7w
youtube,UC-GjzCWLQbgNVgcPaCOp9Aw,BZBge7-_UHU
youtube,UC-GjzCWLQbgNVgcPaCOp9Aw,c4N0lR_nrRQ
youtube,UC-GjzCWLQbgNVgcPaCOp9Aw,Dp9NuKq9gc8
youtube,UC-GjzCWLQbgNVgcPaCOp9Aw,gEQuHFWQhKk
youtube,UC-GjzCWLQbgNVgcPaCOp9Aw,jaF5kGzHt2I
youtube,UC-GjzCWLQbgNVgcPaCOp9Aw,k29B_8vD56I
youtube,UC-GjzCWLQbgNVgcPaCOp9Aw,nKSnAzKDWz8
youtube,UC-GjzCWLQbgNVgcPaCOp9Aw,PuyNC3jAQ2M
youtube,UC-GjzCWLQbgNVgcPaCOp9Aw,sqv5LlTqL5g
youtube,UC-GjzCWLQbgNVgcPaCOp9Aw,TskGnMnKfYc
youtube,UC-GjzCWLQbgNVgcPaCOp9Aw,u-57qtOukP0
youtube,UC-GjzCWLQbgNVgcPaCOp9Aw,uLQpr3_Qkow
youtube,UC-GjzCWLQbgNVgcPaCOp9Aw,VICBZLA-LUQ
youtube,UC-GjzCWLQbgNVgcPaCOp9Aw,XWdmHrKh-UI
youtube,UC-GjzCWLQbgNVgcPaCOp9Aw,Z_WD2GOn3rI
youtube,UC-GjzCWLQbgNVgcPaCOp9Aw,zARgkIIpx5s
youtube,UC-GjzCWLQbgNVgcPaCOp9Aw,ztxzga187Lk
youtube,UC-GKaaPKRMumEclPh51jOMg,8CCFFdNup6M
youtube,UC-GKkxMZpzsK8IL8Wl9XQng,9F2qopAOWTg
youtube,UC-GKkxMZpzsK8IL8Wl9XQng,DOCsf8pivCQ
youtube,UC-gkzi53BkBnhkCRNejCTPw,nPTcmB4Pgo8
youtube,UC-gkzi53BkBnhkCRNejCTPw,xzOfuA4gRjc
youtube,UC-GL0oDDa7AJhLrTjj9VNcg,cWFEzckhTio
youtube,UC-Gl8bPvUzMXTdac0BeYsyg,_semkQDh7U8
youtube,UC-GlfnbmjsMo7XdUQu3maYA,7X3KkfaHNMw
youtube,UC-GlfnbmjsMo7XdUQu3maYA,cZepvk14y3s
youtube,UC-GlfnbmjsMo7XdUQu3maYA,K8t-qJM0DSY
youtube,UC-GlfnbmjsMo7XdUQu3maYA,vCcNEysuMUc
youtube,UC-GlfnbmjsMo7XdUQu3maYA,W_2AOqJ3mzU
youtube,UC-GLNgFGKxmV6e1KD6llYFA,BwdcG9va6ek
youtube,UC-gLWGCEALa-f6b3y60oXhw,AmBwN1B4ovw
youtube,UC-GlXy7V6Zd-65x5NkFDFEQ,_WMv67OKdlE
youtube,UC-GLY4eECm9Yw9T0rmM398Q,5_Fcvqcdss4
youtube,UC-GLY4eECm9Yw9T0rmM398Q,zyDFK_9pl6M
youtube,UC-gm0QjbtUZwTLvVY9Nj25Q,GIr981_k4sI
youtube,UC-Gm99BjYK1MUtFdO8yCBew,KwRgkzAbSBc
youtube,UC-gmAbMI8BynFWayEQfP2Jg,ksMpcKDbRRA
youtube,UC-gmAbMI8BynFWayEQfP2Jg,NlI5QuPGoqA
youtube,UC-gmAbMI8BynFWayEQfP2Jg,OLBxc29lqZo
youtube,UC-gMbSjwSaNTkmB2qzooE0A,MVQBDtqMgvU
youtube,UC-GmBYG5hR0hJ2Fv5Fwsong,9-iptqjrBQ8
youtube,UC-Gmdz9HEfzizS-fq0sT4pw,4Y3MVWm28G4
youtube,UC-Gmdz9HEfzizS-fq0sT4pw,r02IK-tJ4PU
youtube,UC-Gmdz9HEfzizS-fq0sT4pw,VIVMZ0oCXRU
youtube,UC-GMgGsMRuMlPHnYwzVLkrw,-HnLIEmN0gA
youtube,UC-GMgGsMRuMlPHnYwzVLkrw,2u_l6ylcxUI
youtube,UC-GMgGsMRuMlPHnYwzVLkrw,2UUWDq6scV8
youtube,UC-GMgGsMRuMlPHnYwzVLkrw,3E6a3sK0k5Y
youtube,UC-GMgGsMRuMlPHnYwzVLkrw,4ZasC_0ymJM
youtube,UC-GMgGsMRuMlPHnYwzVLkrw,6O4XZJV_zdI
youtube,UC-GMgGsMRuMlPHnYwzVLkrw,7MzGf6p3dZ0
youtube,UC-GMgGsMRuMlPHnYwzVLkrw,9IAoSPYKZY8
youtube,UC-GMgGsMRuMlPHnYwzVLkrw,_FLYoG3SEaE
youtube,UC-GMgGsMRuMlPHnYwzVLkrw,ajmK9kxRxvE
youtube,UC-GMgGsMRuMlPHnYwzVLkrw,B5LFhKSK8xQ
youtube,UC-GMgGsMRuMlPHnYwzVLkrw,D-8iBh6b4BA
youtube,UC-GMgGsMRuMlPHnYwzVLkrw,DJc4MpMkdnI
youtube,UC-GMgGsMRuMlPHnYwzVLkrw,DTvXoF-ZTMM
youtube,UC-GMgGsMRuMlPHnYwzVLkrw,FUl8nOZbtvg
youtube,UC-GMgGsMRuMlPHnYwzVLkrw,Jybg4-4apqI
youtube,UC-GMgGsMRuMlPHnYwzVLkrw,KF-dztPWF4M
youtube,UC-GMgGsMRuMlPHnYwzVLkrw,mg6sanuPR_Q
youtube,UC-GMgGsMRuMlPHnYwzVLkrw,mrs65qQojro
youtube,UC-GMgGsMRuMlPHnYwzVLkrw,npsZ7FBbPHg
youtube,UC-GMgGsMRuMlPHnYwzVLkrw,NYnM0aGq4W4
youtube,UC-GMgGsMRuMlPHnYwzVLkrw,pr61-dQzP2o
youtube,UC-GMgGsMRuMlPHnYwzVLkrw,qg_K1mmMm5I
youtube,UC-GMgGsMRuMlPHnYwzVLkrw,Thoftf7pqKk
youtube,UC-GMgGsMRuMlPHnYwzVLkrw,U-qt0b5VmTI
youtube,UC-GMgGsMRuMlPHnYwzVLkrw,U8VR-a-2tYk
youtube,UC-GMgGsMRuMlPHnYwzVLkrw,XtT1ZqbQehY
youtube,UC-GMLpCZ92eX3wauh_6kXbA,MQdz4ZMbSk4
youtube,UC-gn1hNQA3cOSPFg-fl5VKA,66psxgu1lKI
youtube,UC-gn1hNQA3cOSPFg-fl5VKA,l9HHOGfqlb4
youtube,UC-gn1hNQA3cOSPFg-fl5VKA,YHDclb8AqVI
youtube,UC-Gn3UdxaJKGHqeyRDz7MwA,7fQeCOogsa4
youtube,UC-Gn3UdxaJKGHqeyRDz7MwA,haMp5RX2ziQ
youtube,UC-Gn3UdxaJKGHqeyRDz7MwA,HMByjbtmT88
youtube,UC-GNb0ajgpYnNZC3Tp71ayw,1ulDEBc2fAc
youtube,UC-GNb0ajgpYnNZC3Tp71ayw,2b8KXoZhEbo
youtube,UC-GNb0ajgpYnNZC3Tp71ayw,45BEjaW2dHg
youtube,UC-GNb0ajgpYnNZC3Tp71ayw,a38A-VDeyFU
youtube,UC-GNb0ajgpYnNZC3Tp71ayw,EDVtPwCbz7A
youtube,UC-GNb0ajgpYnNZC3Tp71ayw,mBhAem9KBcs
youtube,UC-GNb0ajgpYnNZC3Tp71ayw,tzHEuiA141Y
youtube,UC-GNb0ajgpYnNZC3Tp71ayw,xZdmANOq0Iw
youtube,UC-gNbxE2TN3gVTCpxQWGaQg,OrHKmDvHAuQ
youtube,UC-gnc6bJH4dpZkWO8ucJqhA,id29jfIyCro
youtube,UC-gnc6bJH4dpZkWO8ucJqhA,ktc8EYmhB4o
youtube,UC-GnFDonw9w75V1azgR8mDg,_WMv67OKdlE
youtube,UC-gnfx-OnCJcvfKtGPL89mg,ZNL3LRRy5Vo
youtube,UC-gNJ5qAUJ8FiideM4sE7xw,ly4hZ70hJ28
youtube,UC-gnJEWyoEjDDkyJTcQ6pbg,esnwXJSPDyQ
youtube,UC-gnJEWyoEjDDkyJTcQ6pbg,JcfnGYGjt_s
youtube,UC-gnJEWyoEjDDkyJTcQ6pbg,NL_P-8wOvjw
youtube,UC-gnJEWyoEjDDkyJTcQ6pbg,PWTg0GXQIRk
youtube,UC-gnJEWyoEjDDkyJTcQ6pbg,t4s_RSDgE98
youtube,UC-gnJEWyoEjDDkyJTcQ6pbg,VkxPW0P2g4k
youtube,UC-GNJswRtlgYzCfXPpXRwTg,9Vf5tFSfMNQ
youtube,UC-GNM-Ke1fEQCCL2Q0axQ-g,9rsJgiF41cA
youtube,UC-GNM-Ke1fEQCCL2Q0axQ-g,LOToZgppbUY
youtube,UC-GNM-Ke1fEQCCL2Q0axQ-g,Mq-ihPHKoCs
youtube,UC-GNM-Ke1fEQCCL2Q0axQ-g,tj71FvSNJps
youtube,UC-GNM-Ke1fEQCCL2Q0axQ-g,tXb0toMdhSw
youtube,UC-GNs72_DnnmPglKMgXl9Wg,STsFlgArBhw
youtube,UC-GNuhC0rfrNk6dWLxOdbzg,7W8awdL119A
youtube,UC-GNuhC0rfrNk6dWLxOdbzg,blp5dRzvq34
youtube,UC-GNuhC0rfrNk6dWLxOdbzg,EmKqFYOwPtU
youtube,UC-gNXFg7J1b31nNw3jJBKoA,iQUlv9N7XCk
youtube,UC-gNXFg7J1b31nNw3jJBKoA,TzmHlml7yw8
youtube,UC-gNY1gENbexZbuu8qRBijg,NF3TNtoLW-g
youtube,UC-GNYjsFmfgaQcHG3LB_EfQ,gPYJDUh870A
youtube,UC-gnzKg-M3_cBOEtYg2KPFA,uG5jj87TmyA
youtube,UC-GO3dL7PZuy9qPNy2MKqFg,Q_Ts14pW8jQ
youtube,UC-GO3dL7PZuy9qPNy2MKqFg,qOxUL9KrNZs
youtube,UC-GO3dL7PZuy9qPNy2MKqFg,zbM0mELmHZg
youtube,UC-gP0-C7KbTHiLjg768vw8g,GueqZLycGqw
youtube,UC-gP0-C7KbTHiLjg768vw8g,NRN87xOmYEw
youtube,UC-gP0-C7KbTHiLjg768vw8g,U2_2e9haKj4
youtube,UC-gP0-C7KbTHiLjg768vw8g,xBRUuhMle6g
youtube,UC-gP0-C7KbTHiLjg768vw8g,ZXf1Apwpjs0
youtube,UC-gP3CcZ4U_VAwh1Lq3vcVg,ZEGyaBZHC_Q
youtube,UC-GP_DeB8pf72Ts_KF0mLxw,09LSf6gh1YM
youtube,UC-GPDf77CG8B3jXOuDW-W9A,blp5dRzvq34
youtube,UC-GPKqyIwTLaCDQg89eTOAQ,bTMogXZRVsQ
youtube,UC-GQ5x0QwyMGg9rT41BU_cw,Iwasi7S0zwk
youtube,UC-gq8k-14Zc_dB9RjgKV6Iw,npsZ7FBbPHg
youtube,UC-gqIziJNzgM8Cl3PhrHT8w,-47q9QYbd1U
youtube,UC-gqIziJNzgM8Cl3PhrHT8w,5eueeEHRMfA
youtube,UC-gqIziJNzgM8Cl3PhrHT8w,_kyCTB7Ae60
youtube,UC-gqIziJNzgM8Cl3PhrHT8w,Iwasi7S0zwk
youtube,UC-gqIziJNzgM8Cl3PhrHT8w,Mq8K_kKf94A
youtube,UC-gqIziJNzgM8Cl3PhrHT8w,xLsQ1A8W0Vw
youtube,UC-gqIziJNzgM8Cl3PhrHT8w,ZmvuKabp1sA
youtube,UC-gqRblHn_jFcv5gdcR1gYA,01pwAg6vVCI
youtube,UC-gqwp1tDm835K1VIbkeQpg,57czQ9ZQ9qk
youtube,UC-Gr-6JJifZD7DxuHloyxLA,OzwWcNGBTzk
youtube,UC-gr6fL32cxNl6sQMJoQK1g,YdEZx2gEs8Q
youtube,UC-griRdI16lSkSIMhwhUFuQ,FwTe96irgdo
youtube,UC-griRdI16lSkSIMhwhUFuQ,jTC1Q1_Z-i0
youtube,UC-gRXJkVhaI8R_Vbl72ybOQ,7y4kMmxXSgU
youtube,UC-gS5f8M_6s_JnURSfyYbXw,-PzgPT9z0Ds
youtube,UC-gS5f8M_6s_JnURSfyYbXw,1v4zq5eICEc
youtube,UC-gS5f8M_6s_JnURSfyYbXw,1ztP7qoYf0c
youtube,UC-gS5f8M_6s_JnURSfyYbXw,31kc45rLGEY
youtube,UC-gS5f8M_6s_JnURSfyYbXw,3Ad6L1vnKhY
youtube,UC-gS5f8M_6s_JnURSfyYbXw,4_YoA9hhx2Y
youtube,UC-gS5f8M_6s_JnURSfyYbXw,4jXeJhVLndY
youtube,UC-gS5f8M_6s_JnURSfyYbXw,8DbziW2P2rk
youtube,UC-gS5f8M_6s_JnURSfyYbXw,_0H5wyp-Yrc
youtube,UC-gS5f8M_6s_JnURSfyYbXw,_7FS1ht9x2g
youtube,UC-gS5f8M_6s_JnURSfyYbXw,b39q1QdA3NM
youtube,UC-gS5f8M_6s_JnURSfyYbXw,bqdMAaRfo9A
youtube,UC-gS5f8M_6s_JnURSfyYbXw,c1sFyFpXtY4
youtube,UC-gS5f8M_6s_JnURSfyYbXw,DiCqVTt4H5g
youtube,UC-gS5f8M_6s_JnURSfyYbXw,DIoMSLb431I
youtube,UC-gS5f8M_6s_JnURSfyYbXw,DuY3QM4BvME
youtube,UC-gS5f8M_6s_JnURSfyYbXw,eIDV1ynBCPI
youtube,UC-gS5f8M_6s_JnURSfyYbXw,f9oee71fw8o
youtube,UC-gS5f8M_6s_JnURSfyYbXw,fIqoDX6JzJQ
youtube,UC-gS5f8M_6s_JnURSfyYbXw,hlKdBQqzaCs
youtube,UC-gS5f8M_6s_JnURSfyYbXw,IkQfWxFbzrw
youtube,UC-gS5f8M_6s_JnURSfyYbXw,jl2mloCKgoo
youtube,UC-gS5f8M_6s_JnURSfyYbXw,Jsypt0hOv5E
youtube,UC-gS5f8M_6s_JnURSfyYbXw,kLzd7fa_M5g
youtube,UC-gS5f8M_6s_JnURSfyYbXw,kSNWSVGlBUE
youtube,UC-gS5f8M_6s_JnURSfyYbXw,lkKbjaTILy4
youtube,UC-gS5f8M_6s_JnURSfyYbXw,nBaGykYbwpk
youtube,UC-gS5f8M_6s_JnURSfyYbXw,O_B80aj_f0w
youtube,UC-gS5f8M_6s_JnURSfyYbXw,P7HZ7E9n8IA
youtube,UC-gS5f8M_6s_JnURSfyYbXw,pscENe3tEv0
youtube,UC-gS5f8M_6s_JnURSfyYbXw,q5zxB91ozKk
youtube,UC-gS5f8M_6s_JnURSfyYbXw,qIjCnq1p2sk
youtube,UC-gS5f8M_6s_JnURSfyYbXw,QWQyPXxc6Rs
youtube,UC-gS5f8M_6s_JnURSfyYbXw,R6WUY7Zfnfc
youtube,UC-gS5f8M_6s_JnURSfyYbXw,RF3p0fEC9Lw
youtube,UC-gS5f8M_6s_JnURSfyYbXw,rt27X_PUZvY
youtube,UC-gS5f8M_6s_JnURSfyYbXw,sAGV0WRW4O4
youtube,UC-gS5f8M_6s_JnURSfyYbXw,saqvNOH_w2s
youtube,UC-gS5f8M_6s_JnURSfyYbXw,SNwqumPDxes
youtube,UC-gS5f8M_6s_JnURSfyYbXw,V3UrxKmymsw
youtube,UC-gS5f8M_6s_JnURSfyYbXw,VTgjgo2E9ik
youtube,UC-gS5f8M_6s_JnURSfyYbXw,vVJ_RslF0r4
youtube,UC-gS5f8M_6s_JnURSfyYbXw,vyul0nE_8WA
youtube,UC-gS5f8M_6s_JnURSfyYbXw,wsZWY-qa9Ew
youtube,UC-gS5f8M_6s_JnURSfyYbXw,x2PdVyKkMJI
youtube,UC-gS5f8M_6s_JnURSfyYbXw,XWdmHrKh-UI
youtube,UC-gS5f8M_6s_JnURSfyYbXw,zIQ6daeVqzg
youtube,UC-gsfBOOQwHeGPubOAbpJ9A,jWd7L9c2Dzw
youtube,UC-gsfBOOQwHeGPubOAbpJ9A,qxOO1ki56iI
youtube,UC-gsjPT67fYS9RIxkxHNhig,YF3flUd3mM8
youtube,UC-GSPa2FUfKlVme0xIArxig,A1LzxFbtuNM
youtube,UC-GSPa2FUfKlVme0xIArxig,BtXskVtCutI
youtube,UC-GSPa2FUfKlVme0xIArxig,E1YWpItsfxg
youtube,UC-GSPa2FUfKlVme0xIArxig,IpyjTGz0wsA
youtube,UC-GSPa2FUfKlVme0xIArxig,OZ3GcBPFsNE
youtube,UC-GSPa2FUfKlVme0xIArxig,SIuMmdskvoQ
youtube,UC-GSPa2FUfKlVme0xIArxig,tzHEuiA141Y
youtube,UC-GSPa2FUfKlVme0xIArxig,YYoNdQgmY_c
youtube,UC-GspximjWO8ouUpyW1_kRg,pgkxHKxj6_g
youtube,UC-GSxWdcFjoItgrZLgLr5Zg,5eueeEHRMfA
youtube,UC-GSxWdcFjoItgrZLgLr5Zg,As0avziR6WQ
youtube,UC-GSxWdcFjoItgrZLgLr5Zg,FnNn942jSuc
youtube,UC-GSxWdcFjoItgrZLgLr5Zg,vIQV1tXIJUQ
youtube,UC-gSYey4KbtThRs9foHZv-w,qj7yi6NBgaY
youtube,UC-gt3_Y1yDqcGC2Gtwx80Rw,zARgkIIpx5s
youtube,UC-gtBpFj6hCVTeoCZuU34TA,_Fi9woCYiAU
youtube,UC-gtBpFj6hCVTeoCZuU34TA,DDHozKJOSaA
youtube,UC-gtBpFj6hCVTeoCZuU34TA,Kd2oXVx3M1U
youtube,UC-gtBpFj6hCVTeoCZuU34TA,tGkyZXlfars
youtube,UC-gtBpFj6hCVTeoCZuU34TA,zTQRe58DrY4
youtube,UC-GTDWyXAHmIlHANCYIGpUQ,C54xc73_uJQ
youtube,UC-GTDWyXAHmIlHANCYIGpUQ,upVsP6wAbDQ
youtube,UC-GTDWyXAHmIlHANCYIGpUQ,wti3e5Qq58o
youtube,UC-GTDWyXAHmIlHANCYIGpUQ,y8xJW6-RS5E
youtube,UC-Gtf74KorrIAC8C_eeFyDg,igQQxvDay2A
youtube,UC-GTKCrZtYwtUXGm2r0YrAw,2YhFUeZZrbs
youtube,UC-GTKCrZtYwtUXGm2r0YrAw,3i4xoUmwuRY
youtube,UC-gtN-GWaE9SXQ1EA3Xrv0g,JgRCbl4h6MY
youtube,UC-GTpU2IGdI7i7vH48O8gEQ,TfDSfM7dq14
youtube,UC-GTQhfljtDrDZK8f1XC5fQ,S2M5QolwAbE
youtube,UC-GtTovlucpfFlMhb_WpRiA,8N1JDbvItDA
youtube,UC-GtTovlucpfFlMhb_WpRiA,anEY5eCcumY
youtube,UC-GtWT7ixU89bw0Vvnj16Rg,6wHc-n9-TlI
youtube,UC-GtWT7ixU89bw0Vvnj16Rg,sAX_1mRZTgg
youtube,UC-guIEZ3qyp3mms4eS0IXqw,JYJtdwNVPPs
youtube,UC-guLBavz2Zl6NiI9OwPJnA,09LSf6gh1YM
youtube,UC-guLBavz2Zl6NiI9OwPJnA,5GDlBby2pBA
youtube,UC-guLBavz2Zl6NiI9OwPJnA,6i8JDYQtTks
youtube,UC-guLBavz2Zl6NiI9OwPJnA,6O4XZJV_zdI
youtube,UC-guLBavz2Zl6NiI9OwPJnA,6tgN2el_CRc
youtube,UC-guLBavz2Zl6NiI9OwPJnA,7q8GZKqE30Q
youtube,UC-guLBavz2Zl6NiI9OwPJnA,_gyachAzeLE
youtube,UC-guLBavz2Zl6NiI9OwPJnA,CbD38jetjt0
youtube,UC-guLBavz2Zl6NiI9OwPJnA,cRFrpHoDGsc
youtube,UC-guLBavz2Zl6NiI9OwPJnA,l08Uog-u7iI
youtube,UC-guLBavz2Zl6NiI9OwPJnA,mtEr6Ji7UJo
youtube,UC-guLBavz2Zl6NiI9OwPJnA,mW07S32VQKc
youtube,UC-guLBavz2Zl6NiI9OwPJnA,q8UJGob_yJ0
youtube,UC-guLBavz2Zl6NiI9OwPJnA,qPy1gFzdRHc
youtube,UC-guLBavz2Zl6NiI9OwPJnA,wd1-zFduLew
youtube,UC-guLBavz2Zl6NiI9OwPJnA,WfiR0_i21Wc
youtube,UC-guLBavz2Zl6NiI9OwPJnA,XtT1ZqbQehY
youtube,UC-guLBavz2Zl6NiI9OwPJnA,ZPfVRmyY218
youtube,UC-gUR1NUeUY3cbxsDg3yhqg,hVb7-TNg1jE
youtube,UC-GuviSHkl7grc_EC4sUzYA,97U3DmlhshI
youtube,UC-GuviSHkl7grc_EC4sUzYA,HIHhcEHPocE
youtube,UC-GuYycynLli1b82C-QlPOg,kbi-6F9NtgQ
youtube,UC-GuYycynLli1b82C-QlPOg,zn3Z_8s6CGY
youtube,UC-gv6udH6TO8RDIAAzmu-2Q,0goTV_Q6QcE
youtube,UC-GVdEA2_srqvAViOKSxndw,7q8GZKqE30Q
youtube,UC-GVdEA2_srqvAViOKSxndw,bAQjQAxD-Sc
youtube,UC-GVdEA2_srqvAViOKSxndw,MiLOWUYWEes
youtube,UC-GVdEA2_srqvAViOKSxndw,SJyzhm225Rs
youtube,UC-GvQmXuGdWV0yUX5wBAIZA,Ao4T2EKD3Ck
youtube,UC-GvQmXuGdWV0yUX5wBAIZA,IEYpSXNNjp4
youtube,UC-gVr3Rjiews6Z1785FOWkw,06ScatoxkVQ
youtube,UC-gVr3Rjiews6Z1785FOWkw,2GPYiDQ7bMc
youtube,UC-gVr3Rjiews6Z1785FOWkw,DfHX-DPglZU
youtube,UC-gVr3Rjiews6Z1785FOWkw,lxuX1tUM1z4
youtube,UC-gVr3Rjiews6Z1785FOWkw,nk8zozQiHyI
youtube,UC-gVr3Rjiews6Z1785FOWkw,pr1BZ_RdZ5M
youtube,UC-gVr3Rjiews6Z1785FOWkw,SStxQYrivlg
youtube,UC-gVr3Rjiews6Z1785FOWkw,TgDSlPv9jeE
youtube,UC-gVr3Rjiews6Z1785FOWkw,zVCbCZSF4lM
youtube,UC-GVucAcw63-gJ3K6zHkUQw,-08VdZEVy3o
youtube,UC-GVucAcw63-gJ3K6zHkUQw,Mq-ihPHKoCs
youtube,UC-GVucAcw63-gJ3K6zHkUQw,WXEts6iRdKQ
youtube,UC-GW6cevwNAO0uZFy1FWvdA,VtF3FAetnCI
youtube,UC-GwbsXPqiMbREGutOJcS8g,b_WQOOBKTJk
youtube,UC-GwbsXPqiMbREGutOJcS8g,TUpmFHBcGr0
youtube,UC-gWFBZV6ZqANpb9Fl5OHqQ,xLsQ1A8W0Vw
youtube,UC-GwlRcRYxrqpuGWeaORFeA,Jy4zExCSp0A
youtube,UC-GwlRcRYxrqpuGWeaORFeA,Y5_QSQLwUOg
youtube,UC-gwPthx0eaFtV0dJjAOpEg,1AemxivRQRE
youtube,UC-gwPthx0eaFtV0dJjAOpEg,6O4XZJV_zdI
youtube,UC-gwPthx0eaFtV0dJjAOpEg,6tgN2el_CRc
youtube,UC-gwPthx0eaFtV0dJjAOpEg,DJc4MpMkdnI
youtube,UC-gwPthx0eaFtV0dJjAOpEg,FIdjzMBanbE
youtube,UC-gwPthx0eaFtV0dJjAOpEg,GpS53OfNxzA
youtube,UC-gwPthx0eaFtV0dJjAOpEg,gPYJDUh870A
youtube,UC-gwPthx0eaFtV0dJjAOpEg,hh3EopjrQNE
youtube,UC-gwPthx0eaFtV0dJjAOpEg,I7yNmnAeefA
youtube,UC-gwPthx0eaFtV0dJjAOpEg,jQaQXL1PhX0
youtube,UC-gwPthx0eaFtV0dJjAOpEg,JYJtdwNVPPs
youtube,UC-gwPthx0eaFtV0dJjAOpEg,mg6sanuPR_Q
youtube,UC-gwPthx0eaFtV0dJjAOpEg,mW07S32VQKc
youtube,UC-gwPthx0eaFtV0dJjAOpEg,NfnwnjSXSE8
youtube,UC-gwPthx0eaFtV0dJjAOpEg,oaaT9NPBoHQ
youtube,UC-gwPthx0eaFtV0dJjAOpEg,Q3UT10nBJTI
youtube,UC-gwPthx0eaFtV0dJjAOpEg,QX1nVDTcUcg
youtube,UC-gwPthx0eaFtV0dJjAOpEg,sN7zPeGs4R8
youtube,UC-gwPthx0eaFtV0dJjAOpEg,U-qt0b5VmTI
youtube,UC-gwPthx0eaFtV0dJjAOpEg,vpqDjYvubZA
youtube,UC-gwPthx0eaFtV0dJjAOpEg,VZwq0MrmXE8
youtube,UC-gwPthx0eaFtV0dJjAOpEg,wZhypbg41gA
youtube,UC-gwPthx0eaFtV0dJjAOpEg,XAUvPV1QYwk
youtube,UC-gwPthx0eaFtV0dJjAOpEg,xe6haOawEjo
youtube,UC-gwPthx0eaFtV0dJjAOpEg,XtT1ZqbQehY
youtube,UC-gwPthx0eaFtV0dJjAOpEg,y4dPPlc36i0
youtube,UC-gwPthx0eaFtV0dJjAOpEg,ysY-KkSvBt8
youtube,UC-gwPthx0eaFtV0dJjAOpEg,zgxidoI1KXM
youtube,UC-Gwq8eqC4XqnFne9AqgTMQ,NLov0xSFRoI
youtube,UC-Gwq8eqC4XqnFne9AqgTMQ,sqv5LlTqL5g
youtube,UC-Gww10tTn3frGsA4YdQNMw,kJwdA_-uZhM
youtube,UC-gX7CxB4LQMeeysLDXIZJw,7KXErYUZU1E
youtube,UC-gX7CxB4LQMeeysLDXIZJw,CnsrSwWgJ2o
youtube,UC-gX7CxB4LQMeeysLDXIZJw,EH_kRSLoZg8
youtube,UC-gX7CxB4LQMeeysLDXIZJw,sW4Og8HXyOg
youtube,UC-gX7CxB4LQMeeysLDXIZJw,WlZg10lql4c
youtube,UC-GxeUMtk53afuJDrydg7HQ,n2xQ112p4Kg
youtube,UC-GxFXNl7U3OFKu7V-PwV-A,kckt-indRoQ
youtube,UC-gXjk0e5Ht5-yKQc79oSIw,gjMm8WNdA6E
youtube,UC-GXJPfnXRiNYM8r_Ybv9vg,5eueeEHRMfA
youtube,UC-GXNBXjQW1wvOpP5ytmkzg,01pwAg6vVCI
youtube,UC-GXNBXjQW1wvOpP5ytmkzg,1X5JOLNFXSk
youtube,UC-GXNBXjQW1wvOpP5ytmkzg,eIC2F7Cnmuc
youtube,UC-GXNBXjQW1wvOpP5ytmkzg,nfoDkk8xN6o
youtube,UC-GXNBXjQW1wvOpP5ytmkzg,sW4Og8HXyOg
youtube,UC-GXNBXjQW1wvOpP5ytmkzg,VIXO-zbnJIA
youtube,UC-GXNBXjQW1wvOpP5ytmkzg,VY2pmsX0XSM
youtube,UC-gXuv2uxiGPzvWj815-utw,hf2wGD1O4Q4
youtube,UC-gyCi34iaF5HOgiWfHdDww,-U0_L8_iWP0
youtube,UC-gyCi34iaF5HOgiWfHdDww,6qT4WLo2OMI
youtube,UC-gyCi34iaF5HOgiWfHdDww,7DMStYuU1J4
youtube,UC-gyCi34iaF5HOgiWfHdDww,tzHEuiA141Y
youtube,UC-GYeECD-b1yCTWS3x4_GUg,wsZWY-qa9Ew
youtube,UC-GYeECD-b1yCTWS3x4_GUg,XJWsSqFhUdM
youtube,UC-gYlGbJZm6pJ5Jk3IAVVLQ,QHMr4a-yKB8
youtube,UC-GynBOMC-wcY51U1wDi9Gg,-l0DToWhz7s
youtube,UC-gypr3ZNCwPtasf5dEi43g,ZmvuKabp1sA
youtube,UC-GyrCj6xGkVvvVbioJK_gQ,otqWs8-W6IE
youtube,UC-GyrCj6xGkVvvVbioJK_gQ,QGPOpqHiJCY
youtube,UC-GyrCj6xGkVvvVbioJK_gQ,t8v1GidXLvg
youtube,UC-GyrCj6xGkVvvVbioJK_gQ,tKhQFnCiaFU
youtube,UC-GyrCj6xGkVvvVbioJK_gQ,xmKqPKbCG0k
youtube,UC-gYUv2xa_2fHgWJshoO-ig,brq9b645XWU
youtube,UC-GYyKtyA43jD9ALezDtDFA,jBUI1b6ndt0
youtube,UC-Gz1pc-uHvhMmLfHDJ2K4g,TUpmFHBcGr0
youtube,UC-Gz5tMaDVzXuhxiAnJiaJQ,ui1W7jvxRS0
youtube,UC-gzFbycOakyGhv1xhZ7mhQ,bGIxGuovdb0
youtube,UC-gzmTLLHOzguvn3sSxG3YQ,2ufV5IMCdao
youtube,UC-GZPaK-9FZC-7rq0ABDJng,6tgN2el_CRc
youtube,UC-gzQFAl6wUl6pV1g_wMQ8Q,Dx64G3-wcJ0
youtube,UC-GZTs24xpfwfp29k3PL0wQ,A1jgTsG-Wdk
youtube,UC-H-a0IMVk2lfOwNiSh89sQ,-KD4xcSfhZ0
youtube,UC-H-a0IMVk2lfOwNiSh89sQ,09LSf6gh1YM
youtube,UC-H-a0IMVk2lfOwNiSh89sQ,nLCLsTLXkkI
youtube,UC-h0ekRA_nU3NkcUYdHT9rw,5jOfzXJz5io
youtube,UC-H0jFgR7o9xwpSyws8wy0A,3i4xoUmwuRY
youtube,UC-H0jFgR7o9xwpSyws8wy0A,BwdcG9va6ek
youtube,UC-H0jFgR7o9xwpSyws8wy0A,FIdjzMBanbE
youtube,UC-H0jFgR7o9xwpSyws8wy0A,JYJtdwNVPPs
youtube,UC-H0jFgR7o9xwpSyws8wy0A,rp53CT69nDM
youtube,UC-H0TqSJxGRS2tfUmiHWzNQ,09LSf6gh1YM
youtube,UC-h0WvQ_BIBZxyV8fUSWtXg,-VjkpWlDqBg
youtube,UC-h0WvQ_BIBZxyV8fUSWtXg,1MM1cWV27BE
youtube,UC-h0WvQ_BIBZxyV8fUSWtXg,2JLHFcO1tQQ
youtube,UC-h0WvQ_BIBZxyV8fUSWtXg,37jhkipPYA4
youtube,UC-h0WvQ_BIBZxyV8fUSWtXg,56fA7HlQlzE
youtube,UC-h0WvQ_BIBZxyV8fUSWtXg,5zJmQqlwxrA
youtube,UC-h0WvQ_BIBZxyV8fUSWtXg,8VWhuhqsnZ0
youtube,UC-h0WvQ_BIBZxyV8fUSWtXg,aOSoNvpYH7w
youtube,UC-h0WvQ_BIBZxyV8fUSWtXg,gMOvWI_NWLM
youtube,UC-h0WvQ_BIBZxyV8fUSWtXg,kCEUC1EEjbQ
youtube,UC-h0WvQ_BIBZxyV8fUSWtXg,kQ00XtpTtgo
youtube,UC-h0WvQ_BIBZxyV8fUSWtXg,l8aXzJGQlgA
youtube,UC-h0WvQ_BIBZxyV8fUSWtXg,lxuX1tUM1z4
youtube,UC-h0WvQ_BIBZxyV8fUSWtXg,Plxz5-gUzQM
youtube,UC-h0WvQ_BIBZxyV8fUSWtXg,vkSQWLrWOm8
youtube,UC-h0WvQ_BIBZxyV8fUSWtXg,XWdmHrKh-UI
youtube,UC-h0WvQ_BIBZxyV8fUSWtXg,xZcCkk1f7XM
youtube,UC-h0WvQ_BIBZxyV8fUSWtXg,YfiF2VfT6YE
youtube,UC-h0WvQ_BIBZxyV8fUSWtXg,ZZLSSlZn2hQ
youtube,UC-H0XUAEo5v1ulQ_wOz3-xQ,PF-lAkF8dLg
youtube,UC-h0yJ8G6mwTxHvsh7QkdBQ,EuA6OirjhWU
youtube,UC-h1FotheByODQvT2Y6atPQ,IIuU8qsLCPQ
youtube,UC-h1NWPeTbPbINjYUAl5zDg,Ds8rB8vLMBU
youtube,UC-H1OSjOAKRUpSiTFayByXw,Br2vp4Yp5HY
youtube,UC-H1OSjOAKRUpSiTFayByXw,bTMogXZRVsQ
youtube,UC-H1OSjOAKRUpSiTFayByXw,i2OvRKVO0-s
youtube,UC-H1OSjOAKRUpSiTFayByXw,jEYNPU9z1lU
youtube,UC-H1OSjOAKRUpSiTFayByXw,NwwnpXH9bQw
youtube,UC-H1OSjOAKRUpSiTFayByXw,pq5asMnTKPQ
youtube,UC-H1OSjOAKRUpSiTFayByXw,wEccvrXrWB8
youtube,UC-H1OSjOAKRUpSiTFayByXw,xOt0c5oWArY
youtube,UC-h2CdN0-OPi1SSuuCJ-kUg,2JLHFcO1tQQ
youtube,UC-h2CdN0-OPi1SSuuCJ-kUg,5rJTkN6N4DA
youtube,UC-h2CdN0-OPi1SSuuCJ-kUg,7htcDIEpdwY
youtube,UC-h2CdN0-OPi1SSuuCJ-kUg,nKSnAzKDWz8
youtube,UC-h2CdN0-OPi1SSuuCJ-kUg,s54N7CwjW9c
youtube,UC-h2QdAAi16kGni1ZOzZwyA,GZzoj238l0M
youtube,UC-h2wEr9uxE9rEJjIualpkA,09LSf6gh1YM
youtube,UC-h2wEr9uxE9rEJjIualpkA,dQXTNJh77T0
youtube,UC-h34ZtIBeekEYt7jEX3mDw,hbiHVLh3yqM
youtube,UC-h34ZtIBeekEYt7jEX3mDw,np8Kl-uy4uo
youtube,UC-h34ZtIBeekEYt7jEX3mDw,QHMr4a-yKB8
youtube,UC-h3iLncXCVGSheE75OHgDw,3E6a3sK0k5Y
youtube,UC-h3iLncXCVGSheE75OHgDw,7o9x1r9vxhs
youtube,UC-h3iLncXCVGSheE75OHgDw,ajmK9kxRxvE
youtube,UC-h3iLncXCVGSheE75OHgDw,gbvG1MjLRQ0
youtube,UC-h3iLncXCVGSheE75OHgDw,JyyYNoGKCNE
youtube,UC-h3iLncXCVGSheE75OHgDw,sN7zPeGs4R8
youtube,UC-h3iLncXCVGSheE75OHgDw,uvyUnAFWKvs
youtube,UC-h3pL4tZvYuVr3v_mbNTWg,VkxPW0P2g4k
youtube,UC-h3yLE7tJKnXXOncaQNyYA,gpK3CGVVung
youtube,UC-h3yLE7tJKnXXOncaQNyYA,Mb_FqFV2NMo
youtube,UC-h46wgzL2QOmmt3jyxKsHA,CnsrSwWgJ2o
youtube,UC-h4LIzOE3TDJCXjNVTh-eQ,beQbA-nLMlI
youtube,UC-H4nGHS3Gzzm3VcO_WliWg,W53ICxeLT0I
youtube,UC-h4RqsRpwcPDcAxzXT8zVg,Ff8dTMSsUHM
youtube,UC-H5HH_7HuspirhpawDqnyg,5aW3FGKr4g4
youtube,UC-H5P_lkkI3LIZd_HYPP3ew,v_zxLFH17YA
youtube,UC-h5XddwJ2DYH4RYt1-gPpQ,who0UKZ5mnM
youtube,UC-H6E5hrr9HXGO5IoDSxnBw,Iwasi7S0zwk
youtube,UC-H6E5hrr9HXGO5IoDSxnBw,yt_AJ2YUDw4
youtube,UC-H6EZyXQJ4TnuXd8nw9h3g,A1jgTsG-Wdk
youtube,UC-H6fvpxUdfEPZYKjTvJi2g,xj02S2waGOw
youtube,UC-H6GFRmyIgGcIah0x8lDJg,tYE3JaeaCOg
youtube,UC-h77o3xQjhbR7Jf8XTSYsQ,Iwasi7S0zwk
youtube,UC-h77o3xQjhbR7Jf8XTSYsQ,jJLXBpBaBzc
youtube,UC-h7FEXtigIaxt82BLhHpew,0LFQJhoY5xk
youtube,UC-h7FEXtigIaxt82BLhHpew,1ztP7qoYf0c
youtube,UC-h7FEXtigIaxt82BLhHpew,4_YoA9hhx2Y
youtube,UC-h7FEXtigIaxt82BLhHpew,7ETGcFImxCM
youtube,UC-h7FEXtigIaxt82BLhHpew,aOSoNvpYH7w
youtube,UC-h7FEXtigIaxt82BLhHpew,AXt9t_nGP4Q
youtube,UC-h7FEXtigIaxt82BLhHpew,c4N0lR_nrRQ
youtube,UC-h7FEXtigIaxt82BLhHpew,CnsrSwWgJ2o
youtube,UC-h7FEXtigIaxt82BLhHpew,e39V2Osx6wk
youtube,UC-h7FEXtigIaxt82BLhHpew,eIDV1ynBCPI
youtube,UC-h7FEXtigIaxt82BLhHpew,GQpetnn_Bmk
youtube,UC-h7FEXtigIaxt82BLhHpew,hbiHVLh3yqM
youtube,UC-h7FEXtigIaxt82BLhHpew,jQ5F_PKKaLU
youtube,UC-h7FEXtigIaxt82BLhHpew,ly4hZ70hJ28
youtube,UC-h7FEXtigIaxt82BLhHpew,xgi7GqtEZFQ
youtube,UC-H7KIGvvbDJTNe0239p2VA,Ds8rB8vLMBU
youtube,UC-H7o9YX9lDX9EU_iy2r9RA,zIYWbxBfe7s
youtube,UC-H7ZRbAg7keARwb1j8Pm0A,VY2pmsX0XSM
youtube,UC-h85wRiGs2nb3_bEtlUYRQ,9tlsPaN45Hs
youtube,UC-H8T2zoEjsJBY4ylM6JI2w,rp53CT69nDM
youtube,UC-H9oTQRbVuMuzG84bHT5Ng,_WMv67OKdlE
youtube,UC-h_c0xfBP4XlzW1sW378Ew,fWWlN2k79QE
youtube,UC-H_dOB9o8iOeRx_GguBmEw,n1lNqpuWo50
youtube,UC-h_IcEz8obK-iJWARWWIAA,3i4xoUmwuRY
youtube,UC-h_IcEz8obK-iJWARWWIAA,BwdcG9va6ek
youtube,UC-h_IcEz8obK-iJWARWWIAA,c6apUb06L50
youtube,UC-h_IcEz8obK-iJWARWWIAA,Cp0WJP3TcS8
youtube,UC-h_IcEz8obK-iJWARWWIAA,EuA6OirjhWU
youtube,UC-h_IcEz8obK-iJWARWWIAA,g-PopTqpdHc
youtube,UC-h_IcEz8obK-iJWARWWIAA,VaHeq8T479c
youtube,UC-haBjbp4f8rvr5VhtpXSXA,4M3wOjqr3C8
youtube,UC-haBjbp4f8rvr5VhtpXSXA,dX3m9u8mN7I
youtube,UC-haBjbp4f8rvr5VhtpXSXA,npsZ7FBbPHg
youtube,UC-haBjbp4f8rvr5VhtpXSXA,sqv5LlTqL5g
youtube,UC-haDIFoJ2Ij9VIXt11luvg,09LSf6gh1YM
youtube,UC-hailtP8rCIBuAEScOkOVQ,9Glrq39hIT4
youtube,UC-hailtP8rCIBuAEScOkOVQ,gPYJDUh870A
youtube,UC-hailtP8rCIBuAEScOkOVQ,LbYThEp_zWk
youtube,UC-hailtP8rCIBuAEScOkOVQ,VZwq0MrmXE8
youtube,UC-hAUiqNInjhUjzZPSXXGHA,AZv4p5hAdy8
youtube,UC-Hb4mRg2RwgNTRR-YNWUSg,OlvyXs6VfhU
youtube,UC-Hb4mRg2RwgNTRR-YNWUSg,ORdpjdLd6So
youtube,UC-Hb8qWUPeCDcQwilGIFCog,g-PopTqpdHc
youtube,UC-HbGTA6JSRr0qrVY6sLqdw,mLbHX7dH-TM
youtube,UC-HBl9YnozIpUFhUL6Mmp-A,SLsYKelRBAU
youtube,UC-hbOHlxtYsNN_HB9g_I7FA,1Ec-inCoTEY
youtube,UC-hbOHlxtYsNN_HB9g_I7FA,39xqI2NoJyA
youtube,UC-hbOHlxtYsNN_HB9g_I7FA,sH5tSn8BbGY
youtube,UC-hbomUb_NKmc2tcDRG4IQA,yOX4ciBsUV8
youtube,UC-HbQ0Z_EvjwmtJbqlj4JEw,B_RE0DKdgrs
youtube,UC-HbQ0Z_EvjwmtJbqlj4JEw,HZ5P2-aNKS0
youtube,UC-HbQ0Z_EvjwmtJbqlj4JEw,N8weuSW8hgI
youtube,UC-hbvfbsg_77JrQceUl_KPA,AgtwfHNEqhs
youtube,UC-hCacdWOvY8mKvw7pOZjcA,B2OHkoLYpEk
youtube,UC-HchiU2prw69YhgOv-VB_Q,isq1A08tvJQ
youtube,UC-HcoFiyDe_KhkqPiylgFPw,9IlAiLy0PPQ
youtube,UC-HcoFymWxwUFdU9NryxwzA,kddl1qz0xvk
youtube,UC-HCxG-ZBVvbgYq8U_3KJxw,YYoNdQgmY_c
youtube,UC-HCxG-ZBVvbgYq8U_3KJxw,zviTPiOM-Yk
youtube,UC-HD3n9VGk0wdyJGcTAcsJQ,qNvnOTVvBck
youtube,UC-hd4G4qyXd7s9kdEgUTQLg,hl7uMQ74Ll0
youtube,UC-hd4G4qyXd7s9kdEgUTQLg,iADENG6Ldsk
youtube,UC-HdBzyobMGUWfEjIe1W7Dw,g-PopTqpdHc
youtube,UC-HDgcDir1gMpmIxzT3VoLQ,_g8LslMW4w0
youtube,UC-HDgcDir1gMpmIxzT3VoLQ,bbCVLlxqNmU
youtube,UC-HDgcDir1gMpmIxzT3VoLQ,BwdcG9va6ek
youtube,UC-HDgcDir1gMpmIxzT3VoLQ,H7mzwZ_Q9Uc
youtube,UC-HDgcDir1gMpmIxzT3VoLQ,kZ2GKp1V-M0
youtube,UC-HDgcDir1gMpmIxzT3VoLQ,oKCKbWhrrEo
youtube,UC-HDgcDir1gMpmIxzT3VoLQ,okwVNd2LXS4
youtube,UC-HDgcDir1gMpmIxzT3VoLQ,yE4HoFMOaOc
youtube,UC-hdob2O4w3yghPCHDTlOHA,P5dKEbfX1LI
youtube,UC-HDoFYuGqQgcyyFlunRbpw,7xPAqPbhDaY
youtube,UC-HDoFYuGqQgcyyFlunRbpw,yt_AJ2YUDw4
youtube,UC-hekGeomvz3d61zxVcFzuw,CJvsFvgK7-A
youtube,UC-hekGeomvz3d61zxVcFzuw,J-ZX995jsW8
youtube,UC-hekGeomvz3d61zxVcFzuw,ujmbCesOcSI
youtube,UC-hekGeomvz3d61zxVcFzuw,yShvbFE4-Rc
youtube,UC-HEumTBhZfiJw3zBID7_dQ,IEYpSXNNjp4
youtube,UC-hEvTL96qDACWHr1ojSMbw,6NYj--d0EmI
youtube,UC-HEWNUootSxDZu9ELIuU6g,0uigcfHqYG0
youtube,UC-hF-rvNtjB9mpCNeL9n4Rg,5ZzynZseQoA
youtube,UC-hF-rvNtjB9mpCNeL9n4Rg,k9NWM0dPxU8
youtube,UC-HfaLlvPi0vDsfMLw4tKqw,ly4hZ70hJ28
youtube,UC-HfaLlvPi0vDsfMLw4tKqw,nKSnAzKDWz8
youtube,UC-HFR-tYGDOPY8BBvvbnxdw,s54N7CwjW9c
youtube,UC-HFuHGXgdjcJ9jph5jbeSg,7nNRzQ76AwM
youtube,UC-HFuHGXgdjcJ9jph5jbeSg,_BgoI2Jx08w
youtube,UC-HFuHGXgdjcJ9jph5jbeSg,CXJxjEgw1JY
youtube,UC-HFuHGXgdjcJ9jph5jbeSg,dPGfwhBDHqA
youtube,UC-HFuHGXgdjcJ9jph5jbeSg,KdahoOJw-hE
youtube,UC-HFuHGXgdjcJ9jph5jbeSg,KTRLvz6jtv8
youtube,UC-HFuHGXgdjcJ9jph5jbeSg,MU_IikB0IcM
youtube,UC-HFuHGXgdjcJ9jph5jbeSg,nop5FheGcj8
youtube,UC-HFuHGXgdjcJ9jph5jbeSg,oI6m571vlsM
youtube,UC-HFuHGXgdjcJ9jph5jbeSg,qYNhUXLwF9M
youtube,UC-HFuHGXgdjcJ9jph5jbeSg,Sb3G6K-9XWo
youtube,UC-HFuHGXgdjcJ9jph5jbeSg,wZhypbg41gA
youtube,UC-HFuHGXgdjcJ9jph5jbeSg,YFiGeOuwnPU
youtube,UC-HFuHGXgdjcJ9jph5jbeSg,yy36B9qFero
youtube,UC-HFuHGXgdjcJ9jph5jbeSg,yZPDUGkosXY
youtube,UC-HFuHGXgdjcJ9jph5jbeSg,zZNMA7GWEn8
youtube,UC-HG1Ik7ZDEXkZYD3bTiYIw,bTMogXZRVsQ
youtube,UC-HG1Ik7ZDEXkZYD3bTiYIw,rcRyLWvvsg0
youtube,UC-hG2FCOGyCBqc7MegdKBkA,s54N7CwjW9c
youtube,UC-hG3okwK1GIa6uBqHTUmDA,uZDovxhdDuI
youtube,UC-HgekVCOqLBrW4XZr5aeHA,fFoFUE1pEVQ
youtube,UC-HgekVCOqLBrW4XZr5aeHA,n82YZqfA4Q0
youtube,UC-HgekVCOqLBrW4XZr5aeHA,tj71FvSNJps
youtube,UC-HgpXmtYdc3sz28uBUJrZw,y5E1tmUoACY
youtube,UC-hGWldgt_-fcOOr76ysWiQ,0_vB60mWKS8
youtube,UC-hGWldgt_-fcOOr76ysWiQ,2qrmS3HOuzI
youtube,UC-hGWldgt_-fcOOr76ysWiQ,8hLKc_uxUyU
youtube,UC-hGWldgt_-fcOOr76ysWiQ,gjMm8WNdA6E
youtube,UC-hGWldgt_-fcOOr76ysWiQ,hD2B3ZHFq5s
youtube,UC-hGWldgt_-fcOOr76ysWiQ,Pbk-mV5pB6k
youtube,UC-hGWldgt_-fcOOr76ysWiQ,PoixJ-bJ0VQ
youtube,UC-hGWldgt_-fcOOr76ysWiQ,yi-Oh4rLvVU
youtube,UC-hGy9TfqGfy-i2NH_4mVWQ,EvXtQT9zROk
youtube,UC-hh477tszOSBNrbdafJYBg,gWcFBwxrNBM
youtube,UC-hh477tszOSBNrbdafJYBg,Q0AFOKvGyeI
youtube,UC-hHCgMzIkJfgsQQFoPBgoA,qOxUL9KrNZs
youtube,UC-hHf5_hOnA9_0sDJ0adkLA,juEjXCjrYf8
youtube,UC-HhGSM4N2u5yx8aK-tFu8w,BD_w3lFSeZc
youtube,UC-hhzHXYE41LJaA2HC5mQJA,lpSY6z5l-s0
youtube,UC-hhzHXYE41LJaA2HC5mQJA,OZ3GcBPFsNE
youtube,UC-hhzHXYE41LJaA2HC5mQJA,RrWk0qFwGqo
youtube,UC-hI94zEe8ojgXfG11fCRrg,-KD4xcSfhZ0
youtube,UC-hI94zEe8ojgXfG11fCRrg,7htcDIEpdwY
youtube,UC-HIEowf1Rld1h3bIcDB17w,cSDt7gZVorg
youtube,UC-himwr1dueuWTN-7RLTlxw,hcZg-IjH-TA
youtube,UC-himwr1dueuWTN-7RLTlxw,Iwasi7S0zwk
youtube,UC-HIOHJtRC92YZ5tHfdqV1w,7xPAqPbhDaY
youtube,UC-HIOHJtRC92YZ5tHfdqV1w,cHYLL1W3RZw
youtube,UC-HIOHJtRC92YZ5tHfdqV1w,s5JwuDhEKDk
youtube,UC-HJCTTq3MSt_wrCViAKhmg,T04TR_OiOVA
youtube,UC-HjkfihB_A4qsXae8wxLSg,Ke5DVeRidNw
youtube,UC-hJLx6LOl64bf5_-UswLiw,-xbziIY-Wlw
youtube,UC-hJLx6LOl64bf5_-UswLiw,eRig2mRjoAM
youtube,UC-hJLx6LOl64bf5_-UswLiw,IxfN6ugPjoM
youtube,UC-HjtVWPK9g2FkAZAwp1SJw,5xncs-QC-Bg
youtube,UC-HjtVWPK9g2FkAZAwp1SJw,B1q2AFJFFi0
youtube,UC-HjtVWPK9g2FkAZAwp1SJw,EWp4NCbkaxg
youtube,UC-HjtVWPK9g2FkAZAwp1SJw,WjqaJ5YAZoQ
youtube,UC-hJy5jk5iwyPB4zO74ZDlQ,2YhFUeZZrbs
youtube,UC-hJy5jk5iwyPB4zO74ZDlQ,5_Fcvqcdss4
youtube,UC-hJyj9TPcxD1KsvdoTsqXw,Dxn04-7S_60
youtube,UC-HJzrn0bt3A4kpX0FU-S2g,i-H8GGy5Jig
youtube,UC-HJzrn0bt3A4kpX0FU-S2g,ktc8EYmhB4o
youtube,UC-Hk9Zan9obQ7nxwWfMOLSg,GM_D33esv0o
youtube,UC-hL1mhXQy1J1seKAiatuQw,51QJ_B6WEXI
youtube,UC-hL1mhXQy1J1seKAiatuQw,iIdhS2ru4gc
youtube,UC-hL1mhXQy1J1seKAiatuQw,k0uOQXKogXs
youtube,UC-hL1mhXQy1J1seKAiatuQw,ORdpjdLd6So
youtube,UC-hlDKwU2wRjOkAZbAiGrWw,HEFlBDTt_ks
youtube,UC-hlDKwU2wRjOkAZbAiGrWw,vFT4PYXb_JA
youtube,UC-hlDKwU2wRjOkAZbAiGrWw,YFrf8zkPFe8
youtube,UC-HlEh8sPfo2mcp49ZT98AQ,dQXTNJh77T0
youtube,UC-hlGS67WL0HRPwudOjLCYA,-78TzoyYu7A
youtube,UC-hlGS67WL0HRPwudOjLCYA,MlCb3biwXn4
youtube,UC-Hll6hUf5rUSPBxAW_g9bQ,xYCA4Wt6c6s
youtube,UC-HlLLJZ3Dq4YW-5skoGXbw,7xPAqPbhDaY
youtube,UC-HlOOn5A5TZ2b5Ut2pPh-w,SW1Bl31Kpnk
youtube,UC-hLrF-jnqkud83qq2CkaTw,CPTiYxkledA
youtube,UC-hLrF-jnqkud83qq2CkaTw,oiK5fLvaJzU
youtube,UC-Hm2Rf74PkeyzhJnAi4bUA,ARwTqxxlvAo
youtube,UC-hMAE1bv7Lw-YBDeuZp-nQ,EO9Ij1PhQSs
youtube,UC-hmD5dKzsmgPH4Bcwo2reg,0uigcfHqYG0
youtube,UC-HMdSU0pM4RzlhhfWW57AA,hBpkEXWf0Jw
youtube,UC-HMdSU0pM4RzlhhfWW57AA,mnkfqs0YG7I
youtube,UC-HMdSU0pM4RzlhhfWW57AA,zOjc8foVTF0
youtube,UC-HMQZkJZwcaucfUQSvnRWA,WBq-8QChtdo
youtube,UC-HMw8WkFqLqKXI2ZcFyyZA,9Lr8KzASZoY
youtube,UC-hNvZNU_ac8JEF0a0UzeJg,onbVOG-10hc
youtube,UC-hnxBNmwMFTUJQJtAi2MUA,0goTV_Q6QcE
youtube,UC-hnxBNmwMFTUJQJtAi2MUA,KYuBUV5EUco
youtube,UC-hnxBNmwMFTUJQJtAi2MUA,QX1nVDTcUcg
youtube,UC-hO1RbI9-7XVuHoIVO70sw,4QXgqO__Ds4
youtube,UC-hobQIeDnUdz_251mPZKvg,JAW-OyN5gOs
youtube,UC-hobQIeDnUdz_251mPZKvg,Tw2XnskGj6U
youtube,UC-HOC8y4bvt8rLYbbVZ8f5A,kR_rLlYTGsA
youtube,UC-hoGgSxijH9GnWwaeib3fw,npsZ7FBbPHg
youtube,UC-hoGgSxijH9GnWwaeib3fw,tOEpO_G0IDo
youtube,UC-HOHxyJI0xB-PIEigYzd9w,f9oee71fw8o
youtube,UC-HOHxyJI0xB-PIEigYzd9w,FVaR93SAuCI
youtube,UC-HOHxyJI0xB-PIEigYzd9w,j47rbfhgGd8
youtube,UC-HOHxyJI0xB-PIEigYzd9w,Q3FLTHu42yw
youtube,UC-HOHxyJI0xB-PIEigYzd9w,tNH3HYN_Chc
youtube,UC-HOHxyJI0xB-PIEigYzd9w,yhwHLAR2PdM
youtube,UC-HOhZ4srJku823fgNPb3Ew,aOSoNvpYH7w
youtube,UC-hOphv1Tf-9TxhemI36CSQ,P5je5bMGeIg
youtube,UC-hotPPGg0FUC9dfTuLAlNg,xj02S2waGOw
youtube,UC-HOzRxFMgUmPyv9M-j4V_A,vjpp3_0VN80
youtube,UC-HP5ck8g6ZnMPZmtRw1qcw,anEY5eCcumY
youtube,UC-hP9kqKXZUiV2YXsRNwkmQ,79ACo4016wA
youtube,UC-hP9kqKXZUiV2YXsRNwkmQ,hcd-WAcuwKw
youtube,UC-hP9kqKXZUiV2YXsRNwkmQ,OrRoC5pX_Fk
youtube,UC-hp_VxbFTH6F_llsjzStDw,ed9taIGqT24
youtube,UC-hpCQeBIIgGGE9hj1I7a9A,HuUmrQB6jTo
youtube,UC-hPiTL3fVVibqAEhSu_aNA,aq9OXGxxwo4
youtube,UC-hPiTL3fVVibqAEhSu_aNA,hcZg-IjH-TA
youtube,UC-hPiTL3fVVibqAEhSu_aNA,Iwasi7S0zwk
youtube,UC-hPiTL3fVVibqAEhSu_aNA,tV73dHdrXHA
youtube,UC-hpOd7ucdrIvLI9Goa_GFQ,EcGyX5ojzRQ
youtube,UC-hpOd7ucdrIvLI9Goa_GFQ,et_CBP7S0Dg
youtube,UC-hpOd7ucdrIvLI9Goa_GFQ,fF61LvMi8YI
youtube,UC-hpOd7ucdrIvLI9Goa_GFQ,ViRNbZy6aag
youtube,UC-HPQOnTgxMm0sVaiqPsgwg,33SHuyfLDbU
youtube,UC-HPQOnTgxMm0sVaiqPsgwg,9MAaNQ1sY98
youtube,UC-HPQOnTgxMm0sVaiqPsgwg,a3WbieYeqoA
youtube,UC-HPQOnTgxMm0sVaiqPsgwg,aOSoNvpYH7w
youtube,UC-HPQOnTgxMm0sVaiqPsgwg,dyjIYhVoxvQ
youtube,UC-HPQOnTgxMm0sVaiqPsgwg,Fpsso1Ufgkk
youtube,UC-HPQOnTgxMm0sVaiqPsgwg,lk1m7-uvGyc
youtube,UC-HPQOnTgxMm0sVaiqPsgwg,nB46O1i0bVA
youtube,UC-HPQOnTgxMm0sVaiqPsgwg,ym6wHr9h074
youtube,UC-hpSDT-IyJsXnwrXIv0meg,yA40Czemcy4
youtube,UC-HQ572xZ9ShrVv1VlVReyg,DSzatpw7jdQ
youtube,UC-HQ572xZ9ShrVv1VlVReyg,hf2wGD1O4Q4
youtube,UC-HQ572xZ9ShrVv1VlVReyg,ifQy2rS67vs
youtube,UC-HQ572xZ9ShrVv1VlVReyg,YkgzwKZCMn4
youtube,UC-Hq_uiJoACLYYmsZRzDIlA,DbQPooQ7838
youtube,UC-Hq_uiJoACLYYmsZRzDIlA,uvyy86dwjhI
youtube,UC-Hq_uiJoACLYYmsZRzDIlA,w3svP_SlTkQ
youtube,UC-hQBUHpe2Q61SZ9lk8Urvg,rcRyLWvvsg0
youtube,UC-HQE-NMF5qGu85RgDOnecA,HTpCmSzHO0c
youtube,UC-HqF1kGM4X3QoLOMFxnSlQ,MVQBDtqMgvU
youtube,UC-hqg3WC7JcciFhbLuhhgXQ,xj02S2waGOw
youtube,UC-hQhcqRRdRhzASX1rsQmeg,6gH28b2K4fQ
youtube,UC-hQT_-F-fhFsboNeRP-eEQ,5k53ya60RWk
youtube,UC-hQT_-F-fhFsboNeRP-eEQ,c6aPHc13HiI
youtube,UC-hQT_-F-fhFsboNeRP-eEQ,NeAn5Stomik
youtube,UC-hQT_-F-fhFsboNeRP-eEQ,o2FGJ1H-y9s
youtube,UC-hQT_-F-fhFsboNeRP-eEQ,Q2qrRgCemxA
youtube,UC-hQT_-F-fhFsboNeRP-eEQ,TLhgFv3iOwQ
youtube,UC-hQT_-F-fhFsboNeRP-eEQ,VrkqNYWMClg
youtube,UC-hQT_-F-fhFsboNeRP-eEQ,YdEZx2gEs8Q
youtube,UC-hQT_-F-fhFsboNeRP-eEQ,yrmuEWbawng
youtube,UC-hQYvk40T1kxB6QMqeTc2Q,CZnyBIIdo-s
youtube,UC-HR207SOmBEJIomvDj9UjA,FZwHwSvsxoM
youtube,UC-HR207SOmBEJIomvDj9UjA,gvDGa3Fw2Jc
youtube,UC-HR207SOmBEJIomvDj9UjA,L7BSFvZdi6o
youtube,UC-HR207SOmBEJIomvDj9UjA,OtisyzP9P34
youtube,UC-HR207SOmBEJIomvDj9UjA,V1gW5Wilq1Y
youtube,UC-HR207SOmBEJIomvDj9UjA,zl6toHqSBwQ
youtube,UC-HR207SOmBEJIomvDj9UjA,Zm5CPEE0gjA
youtube,UC-hR9KUXzKAebAfUXGyobVQ,kCEUC1EEjbQ
youtube,UC-hR9KUXzKAebAfUXGyobVQ,s54N7CwjW9c
youtube,UC-HrdERKVR2rg9jbILVc7eA,5aW3FGKr4g4
youtube,UC-hreepF0GGgsHP34rd7dJg,09LSf6gh1YM
youtube,UC-hRjEfKFUyEARZbSCe4ZSw,2NtBRdkF9dQ
youtube,UC-HRqsw_REMwPwQZTZJD3Ug,01pwAg6vVCI
youtube,UC-HRuDrRl5ortSSUuv8tkbw,57h6Qg-7n88
youtube,UC-Hs-S2HdjfsZLtQXm1kHHg,UXiSS2gJCyQ
youtube,UC-HS0LNCaqVqGallXZRUtrg,4Gt3MgSnZwE
youtube,UC-HS0LNCaqVqGallXZRUtrg,6OetmageSo0
youtube,UC-HS0LNCaqVqGallXZRUtrg,6XyCcyYS7ww
youtube,UC-HS0LNCaqVqGallXZRUtrg,9KqmuzHSh8E
youtube,UC-HS0LNCaqVqGallXZRUtrg,AgtwfHNEqhs
youtube,UC-HS0LNCaqVqGallXZRUtrg,DLEj3BP7Qug
youtube,UC-HS0LNCaqVqGallXZRUtrg,JJLN9PuGKpo
youtube,UC-HS0LNCaqVqGallXZRUtrg,JOcYFp9PYD0
youtube,UC-HS0LNCaqVqGallXZRUtrg,kDwM6dcReGg
youtube,UC-HS0LNCaqVqGallXZRUtrg,KhxQ6qWyWHE
youtube,UC-HS0LNCaqVqGallXZRUtrg,kLzd7fa_M5g
youtube,UC-HS0LNCaqVqGallXZRUtrg,lNCszsia-CE
youtube,UC-HS0LNCaqVqGallXZRUtrg,QWbOg5Z9BZM
youtube,UC-HS0LNCaqVqGallXZRUtrg,qxOO1ki56iI
youtube,UC-HS0LNCaqVqGallXZRUtrg,RoFojRU5ooY
youtube,UC-HS0LNCaqVqGallXZRUtrg,TXSkV_jdRaA
youtube,UC-HS0LNCaqVqGallXZRUtrg,VtF3FAetnCI
youtube,UC-HS0LNCaqVqGallXZRUtrg,xj02S2waGOw
youtube,UC-HSdxd-LWhuRjMZgrAMI7A,-hhpVhHx9yg
youtube,UC-HSdxd-LWhuRjMZgrAMI7A,3Nq7BXhm6Og
youtube,UC-HSdxd-LWhuRjMZgrAMI7A,b70ygMrMkhk
youtube,UC-HSdxd-LWhuRjMZgrAMI7A,bkWDxa0l2Sw
youtube,UC-HSdxd-LWhuRjMZgrAMI7A,EiY5oGy0i7U
youtube,UC-HSdxd-LWhuRjMZgrAMI7A,gudV80Xrpvg
youtube,UC-HSdxd-LWhuRjMZgrAMI7A,NpSSHQAinpE
youtube,UC-HSdxd-LWhuRjMZgrAMI7A,vl49q3-grN8
youtube,UC-hsFwnsGf0xudIcczPNa6w,hh3EopjrQNE
youtube,UC-HSN9BXpfYPMpL_nwde-Kw,p35-TM1x85g
youtube,UC-HSN9BXpfYPMpL_nwde-Kw,PU4TV4z-dUg
youtube,UC-HSN9BXpfYPMpL_nwde-Kw,t8457oMQkso
youtube,UC-HsNDdoywrtxaI9kWotqNw,n4svizmqZ78
youtube,UC-hsP62gNMzAMFdgNEywkxQ,qGbyAiRm8aU
youtube,UC-HSqSa5Mo_DKoGymRX5PWQ,dQXTNJh77T0
youtube,UC-hsZmU-R_utqW3PxOwcXFw,FIdjzMBanbE
youtube,UC-hT0I0BrGCzG8t4LhRtRPw,AgtwfHNEqhs
youtube,UC-ht7rVcZqZiEcYHHC2o2fA,PuyNC3jAQ2M
youtube,UC-ht8tAjQ9SZ95fU1EBj7Jw,2IuDzzoeh4Q
youtube,UC-htDR6ETALXxk9xtExltZg,X0AjCHyh5Sc
youtube,UC-HTsMXz7sxtjxsfclnqfwA,RKvjn9Ibpfc
youtube,UC-HTsMXz7sxtjxsfclnqfwA,X46gN8DSfQg
youtube,UC-HTu7JrLzLYJFQw0ojWUyw,2u_l6ylcxUI
youtube,UC-HTu7JrLzLYJFQw0ojWUyw,5_Fcvqcdss4
youtube,UC-HTu7JrLzLYJFQw0ojWUyw,BHAvLlcgbOg
youtube,UC-HTu7JrLzLYJFQw0ojWUyw,Cdy9pPcvFLc
youtube,UC-HTu7JrLzLYJFQw0ojWUyw,CPpgwBI1ydA
youtube,UC-HTu7JrLzLYJFQw0ojWUyw,kR_rLlYTGsA
youtube,UC-HTu7JrLzLYJFQw0ojWUyw,mW07S32VQKc
youtube,UC-HTu7JrLzLYJFQw0ojWUyw,yHvL7qDpF-w
youtube,UC-Hu6dpdQDquf6lFxRjq38A,dPGfwhBDHqA
youtube,UC-HUlfZzhh1m8dfHh8JuLiA,l8aXzJGQlgA
youtube,UC-HupxKVZHr97J0PPJoUK9g,EiqlQV3dGjs
youtube,UC-huTjq-Ev251vnV5J8AIfw,u85SnAfzcYA
youtube,UC-huv0l8-P3aS2AkSeQI7XQ,-Kk9-pcuNt0
youtube,UC-huv0l8-P3aS2AkSeQI7XQ,-Q2nJq6p9-k
youtube,UC-huv0l8-P3aS2AkSeQI7XQ,02GXjX55YKI
youtube,UC-huv0l8-P3aS2AkSeQI7XQ,5eueeEHRMfA
youtube,UC-huv0l8-P3aS2AkSeQI7XQ,6edNHUKpwUc
youtube,UC-huv0l8-P3aS2AkSeQI7XQ,AtC8mPHQHT4
youtube,UC-huv0l8-P3aS2AkSeQI7XQ,baRdC9kr1rk
youtube,UC-huv0l8-P3aS2AkSeQI7XQ,BwdcG9va6ek
youtube,UC-huv0l8-P3aS2AkSeQI7XQ,c4N0lR_nrRQ
youtube,UC-huv0l8-P3aS2AkSeQI7XQ,cHYLL1W3RZw
youtube,UC-huv0l8-P3aS2AkSeQI7XQ,f7LkWXN4gIc
youtube,UC-huv0l8-P3aS2AkSeQI7XQ,FOb0i5qk7oM
youtube,UC-huv0l8-P3aS2AkSeQI7XQ,HCskFJyQchk
youtube,UC-huv0l8-P3aS2AkSeQI7XQ,I7yNmnAeefA
youtube,UC-huv0l8-P3aS2AkSeQI7XQ,Iwasi7S0zwk
youtube,UC-huv0l8-P3aS2AkSeQI7XQ,kYRdbrjpKMk
youtube,UC-huv0l8-P3aS2AkSeQI7XQ,Mo9R5zWWjVI
youtube,UC-huv0l8-P3aS2AkSeQI7XQ,pddHB6tFgnA
youtube,UC-huv0l8-P3aS2AkSeQI7XQ,Q0AFOKvGyeI
youtube,UC-huv0l8-P3aS2AkSeQI7XQ,SfusJvZO_A8
youtube,UC-huv0l8-P3aS2AkSeQI7XQ,sM8dzaLwgEg
youtube,UC-huv0l8-P3aS2AkSeQI7XQ,ux6JhOoVg3Y
youtube,UC-huv0l8-P3aS2AkSeQI7XQ,VmbCVOzPf44
youtube,UC-huv0l8-P3aS2AkSeQI7XQ,w8nnsV9Si1U
youtube,UC-huv0l8-P3aS2AkSeQI7XQ,wHyEgO1vMEc
youtube,UC-huv0l8-P3aS2AkSeQI7XQ,yuERYCMq69Y
youtube,UC-huv0l8-P3aS2AkSeQI7XQ,ZADi-6yBDqQ
youtube,UC-huv0l8-P3aS2AkSeQI7XQ,zviTPiOM-Yk
youtube,UC-hUvKck5fdxfDSSES3QGbQ,7y4kMmxXSgU
youtube,UC-hv0FAd4eytDiv5zxjiXvw,26jSLXfaMLk
youtube,UC-hv0FAd4eytDiv5zxjiXvw,P7HZ7E9n8IA
youtube,UC-hv0Kzf8utsPH6ZHk0TMBw,_w8AqBj2rfA
youtube,UC-hvdS-h5w9c3XC1-PpMpqQ,3i4xoUmwuRY
youtube,UC-hVIvicaVkqyMouqvONT5w,_SPMABAIixE
youtube,UC-HVJlRV9NiaCtaehF6fPIw,Iwasi7S0zwk
youtube,UC-hvkaxb2VbrILHeScgxdFg,Iwasi7S0zwk
youtube,UC-hvkaxb2VbrILHeScgxdFg,kXpQZ8-1t2s
youtube,UC-hvkaxb2VbrILHeScgxdFg,wiMm6sn0tjY
youtube,UC-hvkaxb2VbrILHeScgxdFg,YW5ZrOsu5mY
youtube,UC-hvMaRKfdr67yc--J2V9-Q,XK5Spb68xsE
youtube,UC-hvSST1S6j2gvJCA8m0iCA,zYhv5xBeDkE
youtube,UC-HvtdpJCJH57nIk3szQHrw,4jXeJhVLndY
youtube,UC-Hw7V0cBmWxjsN0bbr7YCA,14tmvIZBvTs
youtube,UC-Hw7V0cBmWxjsN0bbr7YCA,5H5rbvTl8Jo
youtube,UC-Hw7V0cBmWxjsN0bbr7YCA,8GYVsIzU0x4
youtube,UC-Hw7V0cBmWxjsN0bbr7YCA,_Fi9woCYiAU
youtube,UC-Hw7V0cBmWxjsN0bbr7YCA,bnw_RrzbOAU
youtube,UC-Hw7V0cBmWxjsN0bbr7YCA,BTflkAgiRDU
youtube,UC-Hw7V0cBmWxjsN0bbr7YCA,cpGfW-GTm4k
youtube,UC-Hw7V0cBmWxjsN0bbr7YCA,cu-81boDJ3E
youtube,UC-Hw7V0cBmWxjsN0bbr7YCA,DFaIQ1snJl0
youtube,UC-Hw7V0cBmWxjsN0bbr7YCA,iRbPdQ0Vt2o
youtube,UC-Hw7V0cBmWxjsN0bbr7YCA,M1dwmUoxrvw
youtube,UC-Hw7V0cBmWxjsN0bbr7YCA,QzTkCN1cqks
youtube,UC-Hw7V0cBmWxjsN0bbr7YCA,rcRyLWvvsg0
youtube,UC-Hw7V0cBmWxjsN0bbr7YCA,TskGnMnKfYc
youtube,UC-Hw7V0cBmWxjsN0bbr7YCA,uRSOaTfN2BQ
youtube,UC-Hw7V0cBmWxjsN0bbr7YCA,VaKIDyU2O4A
youtube,UC-Hw7V0cBmWxjsN0bbr7YCA,YBfZPXnpQ5c
youtube,UC-Hw7V0cBmWxjsN0bbr7YCA,yuERYCMq69Y
youtube,UC-Hw7V0cBmWxjsN0bbr7YCA,zARgkIIpx5s
youtube,UC-HWLLLK5OnsoKcoMqjfJWw,QX1nVDTcUcg
youtube,UC-hX_Q9q-HZznK3anEJySPA,NlI5QuPGoqA
youtube,UC-hX_Q9q-HZznK3anEJySPA,pLpDsew3N4E
youtube,UC-HXFKDh9JxglNnm-O2hY6Q,1LbYTHWSvkQ
youtube,UC-HXFKDh9JxglNnm-O2hY6Q,9_XyiMhfpYk
youtube,UC-HXFKDh9JxglNnm-O2hY6Q,bAQjQAxD-Sc
youtube,UC-HXFKDh9JxglNnm-O2hY6Q,BHAvLlcgbOg
youtube,UC-HXFKDh9JxglNnm-O2hY6Q,EcGyX5ojzRQ
youtube,UC-HXFKDh9JxglNnm-O2hY6Q,OtRlwUyr11M
youtube,UC-HXFKDh9JxglNnm-O2hY6Q,QlD2eV8Yat0
youtube,UC-HXFKDh9JxglNnm-O2hY6Q,sD9NcivA_TI
youtube,UC-HxNyy5KtUtp4lSsKfxhug,uN9lNRVA1Q8
youtube,UC-hXNz3qNEPNqHlaMgEEiAA,kFwVAuut8NQ
youtube,UC-hxtEsA4YU9dEBbwm-Tt5g,GAYniio9qAg
youtube,UC-hxVG3ILFUIYIvhJ85W6-w,_Fi9woCYiAU
youtube,UC-HxzAECPBcLv4Pd6AzRIJg,Iwasi7S0zwk
youtube,UC-Hy3Iss95C0WEfsUFf2KLQ,5zgBGuyhU84
youtube,UC-Hy3Iss95C0WEfsUFf2KLQ,EH_kRSLoZg8
youtube,UC-Hy3Iss95C0WEfsUFf2KLQ,p2JM1JxLNFA
youtube,UC-HYOCddZ4jmmdOf1MqBMBg,0uigcfHqYG0
youtube,UC-HYOCddZ4jmmdOf1MqBMBg,BFzM2A_zYdk
youtube,UC-hYzOqNV7aWaoI3hvgzSAg,CgdXtoPz_pY
youtube,UC-hYzOqNV7aWaoI3hvgzSAg,IIuU8qsLCPQ
youtube,UC-hYzOqNV7aWaoI3hvgzSAg,JYanwc4MzbM
youtube,UC-hzDPYBon4KG5OJjLIgtBw,nPTcmB4Pgo8
youtube,UC-hZfaUYhB1yAx884g4k3IQ,Xpprw1WZ0pg
youtube,UC-Hzmq7NNxyhN6mSL4tCBsg,anEY5eCcumY
youtube,UC-Hzmq7NNxyhN6mSL4tCBsg,goI6saUibpw
youtube,UC-Hzmq7NNxyhN6mSL4tCBsg,TY0Sm8-YW2Q
youtube,UC-HZxcxvD4lAoGI0V3eXcWw,LTnu4G_Ik6w
youtube,UC-I-_vy90PgGad23mgduncw,wT0hG1f79Q4
youtube,UC-i-Judo4CoailAP2zOLorg,YSKFFO-4ezo
youtube,UC-I0XNE66cPL2KPjxF7Ezdg,_WMv67OKdlE
youtube,UC-I179pi7c8Z53_lR-MBrAg,f-3oHXnki8o
youtube,UC-i1EJdcvWg1dnjvoJHsjtw,s5JwuDhEKDk
youtube,UC-i1KxKiXKFPZmUT1HyhtJw,B4erAgcjHx0
youtube,UC-i1oGlG7fNivFzgZCeshRQ,5fSUMriLgec
youtube,UC-i1oGlG7fNivFzgZCeshRQ,6UR0CJXaNWw
youtube,UC-i1oGlG7fNivFzgZCeshRQ,ba9HnipUOGA
youtube,UC-i1oGlG7fNivFzgZCeshRQ,cOtER8do4dk
youtube,UC-i1oGlG7fNivFzgZCeshRQ,VaHeq8T479c
youtube,UC-I1StQSlKqrJ3xxNGsw1GA,AgtwfHNEqhs
youtube,UC-I1StQSlKqrJ3xxNGsw1GA,bbCVLlxqNmU
youtube,UC-I1zIw5IxNogr6_Q7ex2dg,kG-WrH-5vvQ
youtube,UC-I21-taEJTkoVLy5F-dYuQ,-47q9QYbd1U
youtube,UC-I21-taEJTkoVLy5F-dYuQ,0HnXwPrl30g
youtube,UC-I21-taEJTkoVLy5F-dYuQ,2YhFUeZZrbs
youtube,UC-I21-taEJTkoVLy5F-dYuQ,6O4XZJV_zdI
youtube,UC-I21-taEJTkoVLy5F-dYuQ,6zmmQaUqqnc
youtube,UC-I21-taEJTkoVLy5F-dYuQ,7xPAqPbhDaY
youtube,UC-I21-taEJTkoVLy5F-dYuQ,9vMtqMz4PGI
youtube,UC-I21-taEJTkoVLy5F-dYuQ,9zjZqAM3HhE
youtube,UC-I21-taEJTkoVLy5F-dYuQ,aPJljJuBO3I
youtube,UC-I21-taEJTkoVLy5F-dYuQ,BwdcG9va6ek
youtube,UC-I21-taEJTkoVLy5F-dYuQ,cyF3kAxKdrQ
youtube,UC-I21-taEJTkoVLy5F-dYuQ,FnNn942jSuc
youtube,UC-I21-taEJTkoVLy5F-dYuQ,fwYKucKZeC8
youtube,UC-I21-taEJTkoVLy5F-dYuQ,hcZg-IjH-TA
youtube,UC-I21-taEJTkoVLy5F-dYuQ,IdH4Cfrt9ug
youtube,UC-I21-taEJTkoVLy5F-dYuQ,Iwasi7S0zwk
youtube,UC-I21-taEJTkoVLy5F-dYuQ,KaoTcH5tWRo
youtube,UC-I21-taEJTkoVLy5F-dYuQ,ktc8EYmhB4o
youtube,UC-I21-taEJTkoVLy5F-dYuQ,KukmLScsE3g
youtube,UC-I21-taEJTkoVLy5F-dYuQ,LTnu4G_Ik6w
youtube,UC-I21-taEJTkoVLy5F-dYuQ,mfaComDoKLE
youtube,UC-I21-taEJTkoVLy5F-dYuQ,Mq8K_kKf94A
youtube,UC-I21-taEJTkoVLy5F-dYuQ,rXiSHPlJ5kI
youtube,UC-I21-taEJTkoVLy5F-dYuQ,svknmFMNK6s
youtube,UC-I21-taEJTkoVLy5F-dYuQ,tDnBd65bTlo
youtube,UC-I21-taEJTkoVLy5F-dYuQ,uAWMwFWUH8Q
youtube,UC-I21-taEJTkoVLy5F-dYuQ,Xya5X5hln_8
youtube,UC-I21-taEJTkoVLy5F-dYuQ,ZL4kw3rq1YA
youtube,UC-I23C2JHpzNcvNTdW9Z9uA,vvIJzUHfdlw
youtube,UC-i2565YxTy4vYArO7fDtCQ,Br2vp4Yp5HY
youtube,UC-i2565YxTy4vYArO7fDtCQ,bTMogXZRVsQ
youtube,UC-i2565YxTy4vYArO7fDtCQ,GYwfzbUbHsM
youtube,UC-i2565YxTy4vYArO7fDtCQ,Qr3DSEupyJY
youtube,UC-i2565YxTy4vYArO7fDtCQ,XY2rpOyyGy4
youtube,UC-i2565YxTy4vYArO7fDtCQ,ZaJtcTRyKRQ
youtube,UC-I2E1DdT_1PNOVzCYrtktQ,ZZLSSlZn2hQ
youtube,UC-I2oP8dNKGbvBlfAyOq9bg,5IMIf45DOj0
youtube,UC-I2Qrm08ZRs7GIlTnIHmAw,4wnRyarsa_E
youtube,UC-i33To0nSPsCawsp2Yj36A,XW_gB_T0-NI
youtube,UC-I3Uz-ytZJmjU4U0J2fsNQ,bh-c335LA6I
youtube,UC-I3Uz-ytZJmjU4U0J2fsNQ,P0tq0tWkMQE
youtube,UC-I3Uz-ytZJmjU4U0J2fsNQ,pYsCl3jYaHs
youtube,UC-I4_1NQVKAGB0yxQmDawYw,_XS-C7Am9t0
youtube,UC-I4_1NQVKAGB0yxQmDawYw,ayj1Oe4tGCk
youtube,UC-I4_1NQVKAGB0yxQmDawYw,i2hqEXOMh_w
youtube,UC-I4_1NQVKAGB0yxQmDawYw,S357FD5ex0U
youtube,UC-I4_1NQVKAGB0yxQmDawYw,vPrl9GUAMHc
youtube,UC-I4Fm_NyrRNBccDSmqrKsg,n9Eu-2Qig-8
youtube,UC-i4LABdD4gIvQARvZJNAqg,Mq-ihPHKoCs
youtube,UC-I4mghhc45VlpwRx-q2stA,isUYGAgcP60
youtube,UC-I4PGV5UHoq2gVTIa1q_8g,-R1E9TdUCYQ
youtube,UC-I4PGV5UHoq2gVTIa1q_8g,7u8TZndxerU
youtube,UC-I4u3KzcmG8GfGpVPJ_ntw,7eRu_lKEKf0
youtube,UC-I5d491lRKlp_w9XvZ6YDw,tEavoyiChRU
youtube,UC-i5JtXyMYX85o2Ohyvsyuw,2HWRj1HwDbo
youtube,UC-i5JtXyMYX85o2Ohyvsyuw,39xqI2NoJyA
youtube,UC-i5JtXyMYX85o2Ohyvsyuw,4yaT6M4OrA0
youtube,UC-i5JtXyMYX85o2Ohyvsyuw,6O4XZJV_zdI
youtube,UC-i5JtXyMYX85o2Ohyvsyuw,apeKeH0WeRs
youtube,UC-i5JtXyMYX85o2Ohyvsyuw,b39q1QdA3NM
youtube,UC-i5JtXyMYX85o2Ohyvsyuw,CEGtQB8eJd0
youtube,UC-i5JtXyMYX85o2Ohyvsyuw,egwgMzJZM6c
youtube,UC-i5JtXyMYX85o2Ohyvsyuw,gPYJDUh870A
youtube,UC-i5JtXyMYX85o2Ohyvsyuw,H5tNCmwmTgw
youtube,UC-i5JtXyMYX85o2Ohyvsyuw,JYJtdwNVPPs
youtube,UC-i5JtXyMYX85o2Ohyvsyuw,LPnpFs6blwo
youtube,UC-i5JtXyMYX85o2Ohyvsyuw,mL-QIal04T4
youtube,UC-i5JtXyMYX85o2Ohyvsyuw,NJhPRkxpdME
youtube,UC-i5JtXyMYX85o2Ohyvsyuw,oaaT9NPBoHQ
youtube,UC-i5JtXyMYX85o2Ohyvsyuw,QX1nVDTcUcg
youtube,UC-i5JtXyMYX85o2Ohyvsyuw,W4Ra3uCdUxg
youtube,UC-i5JtXyMYX85o2Ohyvsyuw,XtT1ZqbQehY
youtube,UC-i5JtXyMYX85o2Ohyvsyuw,yi-Oh4rLvVU
youtube,UC-i5MBwOH0GyN8Fk_KVfMRA,_g8LslMW4w0
youtube,UC-i5MBwOH0GyN8Fk_KVfMRA,BwdcG9va6ek
youtube,UC-i5MBwOH0GyN8Fk_KVfMRA,OXWA9H_9CYI
youtube,UC-I6AQhfr5V37AK5C5SCrlA,4SyDhcO3lmw
youtube,UC-I6AQhfr5V37AK5C5SCrlA,sN7zPeGs4R8
youtube,UC-i6BV8vP1qwz3ScHnNQXwQ,6SQJTScErD0
youtube,UC-i6l44P7rNRf2EA-eLkwjA,AgtwfHNEqhs
youtube,UC-i6l44P7rNRf2EA-eLkwjA,luRhvZgAZk4
youtube,UC-i6l44P7rNRf2EA-eLkwjA,xGjCONDiCWU
youtube,UC-i6oIb6m46nqc6U1AzPunw,cu-81boDJ3E
youtube,UC-i6oIb6m46nqc6U1AzPunw,MOM0-tkHZjk
youtube,UC-i6oIb6m46nqc6U1AzPunw,PgzmtmZH_bA
youtube,UC-I6onTsKGoi6spugY8U3TQ,EO9Ij1PhQSs
youtube,UC-I6onTsKGoi6spugY8U3TQ,YULLGAzO4wo
youtube,UC-I6uAgtpcMl5pV0IzPIeEw,sM8dzaLwgEg
youtube,UC-i78VwH59GPzFHhx0WXeKg,-RgCMNYIQWI
youtube,UC-i78VwH59GPzFHhx0WXeKg,1v4zq5eICEc
youtube,UC-i78VwH59GPzFHhx0WXeKg,2n1DIwtusS8
youtube,UC-i78VwH59GPzFHhx0WXeKg,8sJB3RwM18k
youtube,UC-i78VwH59GPzFHhx0WXeKg,9tlsPaN45Hs
youtube,UC-i78VwH59GPzFHhx0WXeKg,c0tm9lXvOWg
youtube,UC-i78VwH59GPzFHhx0WXeKg,CgeDAK3WHK0
youtube,UC-i78VwH59GPzFHhx0WXeKg,egwgMzJZM6c
youtube,UC-i78VwH59GPzFHhx0WXeKg,EnKMJnZ5VwU
youtube,UC-i78VwH59GPzFHhx0WXeKg,EO9Ij1PhQSs
youtube,UC-i78VwH59GPzFHhx0WXeKg,gLEbD-kLtlA
youtube,UC-i78VwH59GPzFHhx0WXeKg,i6WecDSYoA0
youtube,UC-i78VwH59GPzFHhx0WXeKg,I_qjGNpUAdo
youtube,UC-i78VwH59GPzFHhx0WXeKg,kR_rLlYTGsA
youtube,UC-i78VwH59GPzFHhx0WXeKg,P4hAOQi2Xzw
youtube,UC-i78VwH59GPzFHhx0WXeKg,pYsCl3jYaHs
youtube,UC-i78VwH59GPzFHhx0WXeKg,qJSfCGUMlBc
youtube,UC-i78VwH59GPzFHhx0WXeKg,R4u1V8c6k00
youtube,UC-i78VwH59GPzFHhx0WXeKg,tWQdV7lCkWk
youtube,UC-i78VwH59GPzFHhx0WXeKg,ujoNS7W48M8
youtube,UC-i78VwH59GPzFHhx0WXeKg,Ww0uFDSGNis
youtube,UC-i78VwH59GPzFHhx0WXeKg,X0AjCHyh5Sc
youtube,UC-i78VwH59GPzFHhx0WXeKg,XY2rpOyyGy4
youtube,UC-I7GP4PmwUPqpyddTEIkZA,wvkko4_Y0wU
youtube,UC-I7k6LqVrICvC3KCI8AHHw,04UkssL9sYQ
youtube,UC-I7k6LqVrICvC3KCI8AHHw,Vx8lb8CFs48
youtube,UC-I7pTe8yhA84X7NBeHkysg,fhyJke8JzR4
youtube,UC-I80KMExNFrMtHvibjH6ig,06ScatoxkVQ
youtube,UC-I80KMExNFrMtHvibjH6ig,0LFQJhoY5xk
youtube,UC-I80KMExNFrMtHvibjH6ig,2NtBRdkF9dQ
youtube,UC-I80KMExNFrMtHvibjH6ig,7oAP4yaat58
youtube,UC-I80KMExNFrMtHvibjH6ig,93RHjW4G1ho
youtube,UC-I80KMExNFrMtHvibjH6ig,CVeb3InKIAo
youtube,UC-I80KMExNFrMtHvibjH6ig,eMQkKRiaTxM
youtube,UC-I80KMExNFrMtHvibjH6ig,GQHopDcuoMs
youtube,UC-I80KMExNFrMtHvibjH6ig,Kd2oXVx3M1U
youtube,UC-I80KMExNFrMtHvibjH6ig,oEfKB_Id4hM
youtube,UC-I80KMExNFrMtHvibjH6ig,pz29k_8VoEM
youtube,UC-I80KMExNFrMtHvibjH6ig,wiMm6sn0tjY
youtube,UC-I8fEM4nvHIqe5FQ-DcF9Q,_eepu6M-V7k
youtube,UC-I8fEM4nvHIqe5FQ-DcF9Q,APn0PorinPM
youtube,UC-I8fEM4nvHIqe5FQ-DcF9Q,Io8GbskM6WU
youtube,UC-I8fEM4nvHIqe5FQ-DcF9Q,kckt-indRoQ
youtube,UC-I8fEM4nvHIqe5FQ-DcF9Q,PuyNC3jAQ2M
youtube,UC-I8fEM4nvHIqe5FQ-DcF9Q,TZYBU81DdV0
youtube,UC-I8fEM4nvHIqe5FQ-DcF9Q,yZPDUGkosXY
youtube,UC-I8zkU1KDazhgNFRAXFA6g,AytOxrwobd4
youtube,UC-I9bnj-9BSpls_3pGjj9EA,sN7zPeGs4R8
youtube,UC-I9UB8D3ojeHl3xLyZxTqQ,19bLBNqvo-k
youtube,UC-i_hUZpsGoR8SKxGGR9mpg,DJc4MpMkdnI
youtube,UC-i_hUZpsGoR8SKxGGR9mpg,xe6haOawEjo
youtube,UC-i_iKSnjzXm3mRzp4ukPnQ,YSKFFO-4ezo
youtube,UC-iA6uy6gH6VYsfBCqaOJIg,Iwasi7S0zwk
youtube,UC-iA6uy6gH6VYsfBCqaOJIg,YW5ZrOsu5mY
youtube,UC-ia7WMAAvFfJf98fmiL6_A,kFwVAuut8NQ
youtube,UC-IaEFTPI1nHm8SzC5Rr5LA,Iwasi7S0zwk
youtube,UC-iAl5m0cmPYe4kd3Mahakg,1v4zq5eICEc
youtube,UC-iAl5m0cmPYe4kd3Mahakg,4xjrGP90oyU
youtube,UC-iAl5m0cmPYe4kd3Mahakg,q5zxB91ozKk
youtube,UC-iaoSkydMAP9E5QI6HnuBw,33SHuyfLDbU
youtube,UC-iaoSkydMAP9E5QI6HnuBw,5u3UoHJtUNA
youtube,UC-iaoSkydMAP9E5QI6HnuBw,_g8LslMW4w0
youtube,UC-iaoSkydMAP9E5QI6HnuBw,a3WbieYeqoA
youtube,UC-iaoSkydMAP9E5QI6HnuBw,CPpgwBI1ydA
youtube,UC-iaoSkydMAP9E5QI6HnuBw,e7sqYzNegIw
youtube,UC-iaoSkydMAP9E5QI6HnuBw,g-PopTqpdHc
youtube,UC-iaoSkydMAP9E5QI6HnuBw,gQkzqcpmnGg
youtube,UC-iaoSkydMAP9E5QI6HnuBw,i5zz-HxD0sA
youtube,UC-iaoSkydMAP9E5QI6HnuBw,ihYt-uH0Xdk
youtube,UC-iaoSkydMAP9E5QI6HnuBw,ktc8EYmhB4o
youtube,UC-iaoSkydMAP9E5QI6HnuBw,ly4hZ70hJ28
youtube,UC-iaoSkydMAP9E5QI6HnuBw,qFRNRsv_AJc
youtube,UC-iaoSkydMAP9E5QI6HnuBw,vcnNBBvzQTk
youtube,UC-iaoSkydMAP9E5QI6HnuBw,w0k1t1QqksI
youtube,UC-iaoSkydMAP9E5QI6HnuBw,W185iomVXu4
youtube,UC-iaoSkydMAP9E5QI6HnuBw,xj02S2waGOw
youtube,UC-iaoSkydMAP9E5QI6HnuBw,YW5ZrOsu5mY
youtube,UC-iaqUnvRzoIYPn7xYcNeWQ,BFzM2A_zYdk
youtube,UC-IAuFEVPY0WSGsm4n10ukg,mGqbxyFcGmA
youtube,UC-Ib-WmYyZrhCyPVUAIAZOQ,Ey2UZBfFRJI
youtube,UC-ibflk00aPrLHi0IecvumQ,7r78oUqdrE8
youtube,UC-IbjJaM6nGjMaNCZnrNB6g,Iryig779rSU
youtube,UC-IbQZbnjC7va3zj5vBxCDA,aT66fs4Cgj4
youtube,UC-IbQZbnjC7va3zj5vBxCDA,feHZAMsRMWU
youtube,UC-ic4qERLJFIXwNZxqybMJA,GzUsLeNiOFc
youtube,UC-ICA1ve6IfyOvy6bzA4grw,YyexU2g6gfo
youtube,UC-ICBhJsYBfOHZEuiJCGa8w,-WSzDLa8x5A
youtube,UC-ICBhJsYBfOHZEuiJCGa8w,9Glrq39hIT4
youtube,UC-ICBhJsYBfOHZEuiJCGa8w,DJc4MpMkdnI
youtube,UC-ICBhJsYBfOHZEuiJCGa8w,gPYJDUh870A
youtube,UC-ICBhJsYBfOHZEuiJCGa8w,kKnTpQi-7lI
youtube,UC-ICBhJsYBfOHZEuiJCGa8w,NYnM0aGq4W4
youtube,UC-ICBhJsYBfOHZEuiJCGa8w,SNwqumPDxes
youtube,UC-ICBhJsYBfOHZEuiJCGa8w,Sp2CMj0vI30
youtube,UC-ICBhJsYBfOHZEuiJCGa8w,U-qt0b5VmTI
youtube,UC-IcHaOY09_k9BDgFBTLV4g,6Ojm0kobtUM
youtube,UC-IcHaOY09_k9BDgFBTLV4g,qpy3a5QCGEY
youtube,UC-IcHaOY09_k9BDgFBTLV4g,VfFTYeP6cSI
youtube,UC-IcHaOY09_k9BDgFBTLV4g,wHrXaKghSVw
youtube,UC-icJvqUpubP6rngb8XPn1Q,1Sa0wIexVCM
youtube,UC-ICTiNXy3rNgBhFoZMzK8Q,CbD38jetjt0
youtube,UC-IczqiEs_VtIxUpyxV4KNg,juEjXCjrYf8
youtube,UC-id4zYVz93zugugCqXucFQ,gvDGa3Fw2Jc
youtube,UC-id4zYVz93zugugCqXucFQ,LbYThEp_zWk
youtube,UC-iDeNogizbFeuPDOamzHow,zq3jfVdX4r8
youtube,UC-idgAOGb_WpiTWxH3uShYA,jbjX89LhquM
youtube,UC-IDJHaO2hKaVdVcVxh6Lyw,aUlxl06M8Uo
youtube,UC-iDKfjZ8mElkB3pf-7xxhw,g-PopTqpdHc
youtube,UC-idPM8fpkMJXWr67GpcuFA,-SRbC5dj1Og
youtube,UC-idPM8fpkMJXWr67GpcuFA,2u_l6ylcxUI
youtube,UC-idPM8fpkMJXWr67GpcuFA,3E6a3sK0k5Y
youtube,UC-idPM8fpkMJXWr67GpcuFA,6O4XZJV_zdI
youtube,UC-idPM8fpkMJXWr67GpcuFA,7o9x1r9vxhs
youtube,UC-idPM8fpkMJXWr67GpcuFA,ajmK9kxRxvE
youtube,UC-idPM8fpkMJXWr67GpcuFA,B5LFhKSK8xQ
youtube,UC-idPM8fpkMJXWr67GpcuFA,CskznpoHUjg
youtube,UC-idPM8fpkMJXWr67GpcuFA,deyWP53ZJQc
youtube,UC-idPM8fpkMJXWr67GpcuFA,Dv88eymDxN0
youtube,UC-idPM8fpkMJXWr67GpcuFA,Ey2UZBfFRJI
youtube,UC-idPM8fpkMJXWr67GpcuFA,FIdjzMBanbE
youtube,UC-idPM8fpkMJXWr67GpcuFA,gbvG1MjLRQ0
youtube,UC-idPM8fpkMJXWr67GpcuFA,gPYJDUh870A
youtube,UC-idPM8fpkMJXWr67GpcuFA,hh3EopjrQNE
youtube,UC-idPM8fpkMJXWr67GpcuFA,ikFmuvh4Hvk
youtube,UC-idPM8fpkMJXWr67GpcuFA,LbYThEp_zWk
youtube,UC-idPM8fpkMJXWr67GpcuFA,mW07S32VQKc
youtube,UC-idPM8fpkMJXWr67GpcuFA,oaaT9NPBoHQ
youtube,UC-idPM8fpkMJXWr67GpcuFA,Q3UT10nBJTI
youtube,UC-idPM8fpkMJXWr67GpcuFA,sN7zPeGs4R8
youtube,UC-idPM8fpkMJXWr67GpcuFA,U-qt0b5VmTI
youtube,UC-idPM8fpkMJXWr67GpcuFA,uvyUnAFWKvs
youtube,UC-idPM8fpkMJXWr67GpcuFA,xe6haOawEjo
youtube,UC-idPM8fpkMJXWr67GpcuFA,XtT1ZqbQehY
youtube,UC-idPM8fpkMJXWr67GpcuFA,ysY-KkSvBt8
youtube,UC-idPM8fpkMJXWr67GpcuFA,Zm1MfRuFSAk
youtube,UC-IDrnStVxS31naCr9VaOlg,_pFPTFOfRr0
youtube,UC-IDrnStVxS31naCr9VaOlg,D0obaLOw80c
youtube,UC-IDrnStVxS31naCr9VaOlg,FPRvs6UJHhA
youtube,UC-IDwglqYfg2P5JV4MMa6VA,wZhypbg41gA
youtube,UC-IeAdrx8mseG0TKfxCS3ew,jJLXBpBaBzc
youtube,UC-IeGB2lvdsohBNfnOSVY3Q,rIcBGZC7cYc
youtube,UC-IeGB2lvdsohBNfnOSVY3Q,wiMm6sn0tjY
youtube,UC-iekGXl_JdSY2Kn4o0tpUQ,SWn0lN1n5M0
youtube,UC-Iem84KJHdQLIIowuUubHg,D7VW0-nNYvE
youtube,UC-iewcPsCLZfYtwTuCJTUdA,EWjlnNCb3Ik
youtube,UC-iewcPsCLZfYtwTuCJTUdA,s54N7CwjW9c
youtube,UC-If5ffKFYNdb9ViJ6A_lfw,FGc-Yl2uHfk
youtube,UC-If5ffKFYNdb9ViJ6A_lfw,S44DculZSyc
youtube,UC-IFaBMMcgSJS63yts5nj9w,6O4XZJV_zdI
youtube,UC-IFaBMMcgSJS63yts5nj9w,DJc4MpMkdnI
youtube,UC-IFaBMMcgSJS63yts5nj9w,gbvG1MjLRQ0
youtube,UC-IFaBMMcgSJS63yts5nj9w,oaaT9NPBoHQ
youtube,UC-IFaBMMcgSJS63yts5nj9w,QX1nVDTcUcg
youtube,UC-IFaBMMcgSJS63yts5nj9w,sN7zPeGs4R8
youtube,UC-IFaBMMcgSJS63yts5nj9w,wT0hG1f79Q4
youtube,UC-IFaBMMcgSJS63yts5nj9w,xe6haOawEjo
youtube,UC-IFdA5KXuWL5u8oJHGK7eA,YdEZx2gEs8Q
youtube,UC-iFe0cRlR6tZATCTOePolg,_WMv67OKdlE
youtube,UC-IfFCv7xAd3dLerTKlqDYA,1eJr_hf1tEo
youtube,UC-IfFCv7xAd3dLerTKlqDYA,2YhFUeZZrbs
youtube,UC-IfFCv7xAd3dLerTKlqDYA,3jwe9FgB06U
youtube,UC-IfFCv7xAd3dLerTKlqDYA,465P7HEd5YM
youtube,UC-IfFCv7xAd3dLerTKlqDYA,5A1BUNciV-0
youtube,UC-IfFCv7xAd3dLerTKlqDYA,7eRu_lKEKf0
youtube,UC-IfFCv7xAd3dLerTKlqDYA,7vtAEJz9Nb8
youtube,UC-IfFCv7xAd3dLerTKlqDYA,aGwVDzM4AAc
youtube,UC-IfFCv7xAd3dLerTKlqDYA,aq9OXGxxwo4
youtube,UC-IfFCv7xAd3dLerTKlqDYA,B_gGSgITEyU
youtube,UC-IfFCv7xAd3dLerTKlqDYA,CDIIlwEOdIk
youtube,UC-IfFCv7xAd3dLerTKlqDYA,CMNHxkE2Ya8
youtube,UC-IfFCv7xAd3dLerTKlqDYA,Cp0WJP3TcS8
youtube,UC-IfFCv7xAd3dLerTKlqDYA,dX3m9u8mN7I
youtube,UC-IfFCv7xAd3dLerTKlqDYA,Eyewd2ir6kk
youtube,UC-IfFCv7xAd3dLerTKlqDYA,hG8cpu50Psk
youtube,UC-IfFCv7xAd3dLerTKlqDYA,i2hqEXOMh_w
youtube,UC-IfFCv7xAd3dLerTKlqDYA,Kfoqte_uUlQ
youtube,UC-IfFCv7xAd3dLerTKlqDYA,l7k2ih1wRhE
youtube,UC-IfFCv7xAd3dLerTKlqDYA,lgi45EIy6l8
youtube,UC-IfFCv7xAd3dLerTKlqDYA,lXKHK71lQU0
youtube,UC-IfFCv7xAd3dLerTKlqDYA,Mo9R5zWWjVI
youtube,UC-IfFCv7xAd3dLerTKlqDYA,nZ4K7_vPwkc
youtube,UC-IfFCv7xAd3dLerTKlqDYA,OENbgAhnVWM
youtube,UC-IfFCv7xAd3dLerTKlqDYA,OwmmjdKdOxU
youtube,UC-IfFCv7xAd3dLerTKlqDYA,P2KhuqDugYc
youtube,UC-IfFCv7xAd3dLerTKlqDYA,qRCgcEGaiYs
youtube,UC-IfFCv7xAd3dLerTKlqDYA,sM8dzaLwgEg
youtube,UC-IfFCv7xAd3dLerTKlqDYA,VaKIDyU2O4A
youtube,UC-IfFCv7xAd3dLerTKlqDYA,vZC9OKh1nag
youtube,UC-IfFCv7xAd3dLerTKlqDYA,Xcjp1BjpQCA
youtube,UC-IfFCv7xAd3dLerTKlqDYA,Z2XbAPnuZ2A
youtube,UC-IfFCv7xAd3dLerTKlqDYA,zn3Z_8s6CGY
youtube,UC-IfW5JX_yH_0LNSnn_0Xbw,75Cmvv6c88c
youtube,UC-ifzJwoX5U7KiRg6OK4L8g,wT0hG1f79Q4
youtube,UC-Ig2g2sh3WQmTvnENO4Azw,IhoONh-_nDQ
youtube,UC-iga-ALoEOnK8pBErdkxxQ,N8weuSW8hgI
youtube,UC-IgC4ze1xJgR6MFQc0X8pw,45BEjaW2dHg
youtube,UC-IgC4ze1xJgR6MFQc0X8pw,4ADrr9D3h_U
youtube,UC-IgC4ze1xJgR6MFQc0X8pw,eWTamPdHlmA
youtube,UC-IgC4ze1xJgR6MFQc0X8pw,HymSxF7RtAw
youtube,UC-IgC4ze1xJgR6MFQc0X8pw,mBhAem9KBcs
youtube,UC-IgcSy_qaUDplbOVF7sdSA,BFzM2A_zYdk
youtube,UC-IgcSy_qaUDplbOVF7sdSA,D7VW0-nNYvE
youtube,UC-IgcSy_qaUDplbOVF7sdSA,Gr49PIGi8Rk
youtube,UC-IgcSy_qaUDplbOVF7sdSA,iADENG6Ldsk
youtube,UC-IgcXAbbYZA37XBLYe2qJQ,yXUiDvxkkSQ
youtube,UC-IGDDSx5NYF_msB0gr4mig,7xPAqPbhDaY
youtube,UC-igiAK4G2MFz4ElA1fjmTQ,MUB-_hV510s
youtube,UC-IgKYi7HSd80odRPos8krg,3i4xoUmwuRY
youtube,UC-Igl3WU867QdHk0TnaIpVA,OENbgAhnVWM
youtube,UC-Igl3WU867QdHk0TnaIpVA,VtQ-s2wcudk
youtube,UC-IGVl1ibQXXqpjQdT_x0AA,9Lr8KzASZoY
youtube,UC-IGVl1ibQXXqpjQdT_x0AA,_50HwxXCCQ4
youtube,UC-IGVl1ibQXXqpjQdT_x0AA,c8Zh1DqZiKY
youtube,UC-IGVl1ibQXXqpjQdT_x0AA,H01qUPXE9Rs
youtube,UC-IGVl1ibQXXqpjQdT_x0AA,NLdmf09hqRU
youtube,UC-IGVl1ibQXXqpjQdT_x0AA,PQHMZSYZyo8
youtube,UC-IGVl1ibQXXqpjQdT_x0AA,tkFjwQjzh5k
youtube,UC-IGVl1ibQXXqpjQdT_x0AA,U8qPeFpT0tk
youtube,UC-IGVl1ibQXXqpjQdT_x0AA,X49In4jBAsA
youtube,UC-IGVl1ibQXXqpjQdT_x0AA,Xjre8q1OQ8w
youtube,UC-IGVl1ibQXXqpjQdT_x0AA,ZjWxqxRgyv0
youtube,UC-IGVUimWMFdDkV_qKMFN4A,aNRovIdSbJI
youtube,UC-IGVUimWMFdDkV_qKMFN4A,iqa90w-y81s
youtube,UC-ihdBUmbhrjwV5sE-riyzg,0IuO84Hehfc
youtube,UC-ihdBUmbhrjwV5sE-riyzg,BZqSN7CkKFk
youtube,UC-ihdBUmbhrjwV5sE-riyzg,eRig2mRjoAM
youtube,UC-ihdBUmbhrjwV5sE-riyzg,gppPAz6enYU
youtube,UC-ihdBUmbhrjwV5sE-riyzg,pscENe3tEv0
youtube,UC-ihdBUmbhrjwV5sE-riyzg,rshrZivzJX8
youtube,UC-ihdBUmbhrjwV5sE-riyzg,XY2rpOyyGy4
youtube,UC-ihdBUmbhrjwV5sE-riyzg,zKVkixLh9fk
youtube,UC-ihFf9G5uOEBkZemAxLmCg,xj02S2waGOw
youtube,UC-ihHAw0d3jiM8DmD7gIAtg,Mq8K_kKf94A
youtube,UC-ihHAw0d3jiM8DmD7gIAtg,QvUImi2dU6Y
youtube,UC-ihHAw0d3jiM8DmD7gIAtg,VaHeq8T479c
youtube,UC-ihHAw0d3jiM8DmD7gIAtg,ZADi-6yBDqQ
youtube,UC-iHj2ZtRSRueYem12jM-tg,D-ZxbIUNq4g
youtube,UC-iHO86ddBpWjo56MjD_bTQ,UJtXaAY0-Go
youtube,UC-IHPzX-t1Idg1z7jNpatpw,BOW2VUn-grE
youtube,UC-IHPzX-t1Idg1z7jNpatpw,XzSySckxUCs
youtube,UC-iI1hSpSRDntnGpYDiYcAQ,IF8BT5lK0ko
youtube,UC-IIdRp1X5p2Rl6l1NEeWWA,1Am-BvAv9dc
youtube,UC-IIdRp1X5p2Rl6l1NEeWWA,bd7qBMhQmeo
youtube,UC-iII_nexryl2G14gbL4E_w,zARgkIIpx5s
youtube,UC-iiiAkeJ0IlNjt2cKDTh8Q,lSmmBChlAMo
youtube,UC-IiP8jT7Rj8XSAHU2yjV5g,k9NWM0dPxU8
youtube,UC-iIRDIVenoaCkHsPaHRGsA,fJEGKbdKHeA
youtube,UC-IiUuJ3GesZQM12zXppLbw,rdCY_WEpsF8
youtube,UC-iIWj9Bx_XLfuU0D0Dl7JQ,AgtwfHNEqhs
youtube,UC-IJ1FBVajmOBbQEBLCtyKA,2qrmS3HOuzI
youtube,UC-IJ1FBVajmOBbQEBLCtyKA,wkdxryIeteg
youtube,UC-IJCVox9of34rPecnk3Wdg,2WQfAu8FGL4
youtube,UC-ijhRNv0lhgUfBu7f3rAaw,CEGtQB8eJd0
youtube,UC-IjJoNCAnAYp0gLeOTYdVA,9rsJgiF41cA
youtube,UC-ijL0omUIGazaxal2dYA0g,wiMm6sn0tjY
youtube,UC-ijlH31a2ZA2B3VzG6odyg,a38A-VDeyFU
youtube,UC-IjPfj37QJGX9XniOjpyuw,7q8GZKqE30Q
youtube,UC-IjPfj37QJGX9XniOjpyuw,y5E1tmUoACY
youtube,UC-ijQMTjh6XcGH5rIq3mSZA,2s3rXM2U8YU
youtube,UC-IKAwhmwkER_ocLO7K29eg,9jFZiMZM2NA
youtube,UC-IKAwhmwkER_ocLO7K29eg,Br2vp4Yp5HY
youtube,UC-IKAwhmwkER_ocLO7K29eg,kPkD_UoJSmk
youtube,UC-IKAwhmwkER_ocLO7K29eg,rP7inaxZpbk
youtube,UC-IKAwhmwkER_ocLO7K29eg,TO2o01Gj9pA
youtube,UC-IKHrVwZ2z52vjuV3z8HbQ,7oAP4yaat58
youtube,UC-IkiNh7N1DfOar-qETNv8A,f9oee71fw8o
youtube,UC-ikkWDikyqiMgdPWtk7QYw,4Be6ljsbCTk
youtube,UC-ikkWDikyqiMgdPWtk7QYw,k4eL4Q1rZ90
youtube,UC-ikkWDikyqiMgdPWtk7QYw,MRt2cAvRrms
youtube,UC-ikkWDikyqiMgdPWtk7QYw,y5E1tmUoACY
youtube,UC-ikM3rNCV-2E75opBJk1Cw,xj02S2waGOw
youtube,UC-iKQ4JBxnIq7nj_a9D-9lw,87MwqzemlRQ
youtube,UC-iKQ4JBxnIq7nj_a9D-9lw,v_7fCwwRe5Q
youtube,UC-Il9YoQXhm2JdtebuBXKjg,6Ojm0kobtUM
youtube,UC-Il9YoQXhm2JdtebuBXKjg,Uklhu9LEZSc
youtube,UC-iLb9rDgVMxyCADzKxWwyQ,anEY5eCcumY
youtube,UC-iLb9rDgVMxyCADzKxWwyQ,NdhEwymP6Os
youtube,UC-iLb9rDgVMxyCADzKxWwyQ,u85SnAfzcYA
youtube,UC-IlEzDiTQIHxJ0H2dlCFDw,9S6GgB-H4PE
youtube,UC-ILLG4P0yXQNGZZRlGHkUQ,539nLlm1ZQU
youtube,UC-ILLG4P0yXQNGZZRlGHkUQ,CbD38jetjt0
youtube,UC-ILLG4P0yXQNGZZRlGHkUQ,WafKNs-TcOU
youtube,UC-ILLG4P0yXQNGZZRlGHkUQ,Xc82pXqoHK0
youtube,UC-im5n5LF5Q9sIQtDWlg3dw,cWFEzckhTio
youtube,UC-imkfeHdTthfrTcmRswN5w,3E6a3sK0k5Y
youtube,UC-imkfeHdTthfrTcmRswN5w,6lFiKODuvR0
youtube,UC-imkfeHdTthfrTcmRswN5w,B5LFhKSK8xQ
youtube,UC-imo-OcCj_orHvEp8-WKrg,04UkssL9sYQ
youtube,UC-iMqBHjVkuKQu-90gEdpQQ,lNCszsia-CE
youtube,UC-iMS1hEmE9jy4xK2s186Ag,mUWUbnDHnDU
youtube,UC-IMukrqK6RDYeTvO_0i9ww,atcXJXJf5Mw
youtube,UC-IMukrqK6RDYeTvO_0i9ww,JuYnKYfbGdQ
youtube,UC-IMV92AU3D62AGfrEzgoqQ,JMzBzeRzOoo
youtube,UC-imWzpiQgrI5liEL8QdxlA,0xUxWuInIZw
youtube,UC-imWzpiQgrI5liEL8QdxlA,9jFZiMZM2NA
youtube,UC-imWzpiQgrI5liEL8QdxlA,D0obaLOw80c
youtube,UC-imWzpiQgrI5liEL8QdxlA,Fpsso1Ufgkk
youtube,UC-imWzpiQgrI5liEL8QdxlA,jRF_-RSqXCs
youtube,UC-imWzpiQgrI5liEL8QdxlA,TskGnMnKfYc
youtube,UC-imWzpiQgrI5liEL8QdxlA,Tw2BrAGJaCQ
youtube,UC-imWzpiQgrI5liEL8QdxlA,vVpTfNJjNuM
youtube,UC-ImzTSLhl0rgILbcBqRcow,yBpspV03GgE
youtube,UC-IN-9ux0aMBlU1dwyd13Og,Gnz6FxKw64c
youtube,UC-IN-9ux0aMBlU1dwyd13Og,V4vNrDgEEFg
youtube,UC-iN_5uZywQ2JjuODzVctew,zgxidoI1KXM
youtube,UC-iNHlBo87srnXFg9aZQSew,Au-Fiy4oGms
youtube,UC-iNHlBo87srnXFg9aZQSew,MZK9vL_h8QY
youtube,UC-inTOvygmL5cq22Z9Kfzjw,7ZMYxHZlE58
youtube,UC-inTOvygmL5cq22Z9Kfzjw,mrTx5PY-x38
youtube,UC-inTOvygmL5cq22Z9Kfzjw,TSNnBRrx4Ss
youtube,UC-Io37Q85Og498XRsny2d4A,z1s7EMkB63o
youtube,UC-ioFRAn5kpFK2o9a8Xel3Q,Ds8rB8vLMBU
youtube,UC-iOOjp-S9YlrzWbfMTsiHw,2ssv1mmEBPI
youtube,UC-iOOjp-S9YlrzWbfMTsiHw,Ds8rB8vLMBU
youtube,UC-iOOjp-S9YlrzWbfMTsiHw,GYRgFt9UMiw
youtube,UC-iOOjp-S9YlrzWbfMTsiHw,HMByjbtmT88
youtube,UC-iOOjp-S9YlrzWbfMTsiHw,iADENG6Ldsk
youtube,UC-iOOjp-S9YlrzWbfMTsiHw,lHT61exqSUw
youtube,UC-iOOjp-S9YlrzWbfMTsiHw,R9VrhWS7m_E
youtube,UC-iP-R6cYWrR6oBtVjITR3Q,4FNmoax0qXE
youtube,UC-iP-R6cYWrR6oBtVjITR3Q,HCskFJyQchk
youtube,UC-iP-R6cYWrR6oBtVjITR3Q,hyUEZTA-YJQ
youtube,UC-iP-R6cYWrR6oBtVjITR3Q,jaCGUwD9CGg
youtube,UC-iP-R6cYWrR6oBtVjITR3Q,q-AB5lpvnzs
youtube,UC-IP7JBj5EUPAlbNESFqhoA,ujmbCesOcSI
youtube,UC-IpfSH8C1Dmvo6LHqTnmYw,5UJR2jXBjQo
youtube,UC-ipGWvrz_Aa_M0hNl465-g,n3deYJQs6z4
youtube,UC-iPK7qFqyxMRYp1tT31sDg,DCjsykwY1xY
youtube,UC-iPK7qFqyxMRYp1tT31sDg,GIr981_k4sI
youtube,UC-iPK7qFqyxMRYp1tT31sDg,HzLoK8KFPzE
youtube,UC-iPK7qFqyxMRYp1tT31sDg,rrDkAbZvpCU
youtube,UC-iPK7qFqyxMRYp1tT31sDg,yDvn-A03kfg
youtube,UC-IQ0Xzn_XBfHJT2Rn7V4Aw,0TJsDil8Dbk
youtube,UC-IQ0Xzn_XBfHJT2Rn7V4Aw,G5rT5Ce14jY
youtube,UC-IQ0Xzn_XBfHJT2Rn7V4Aw,hBpkEXWf0Jw
youtube,UC-IQ0Xzn_XBfHJT2Rn7V4Aw,MO5Bnp759NA
youtube,UC-IQ0Xzn_XBfHJT2Rn7V4Aw,MOM0-tkHZjk
youtube,UC-IQ0Xzn_XBfHJT2Rn7V4Aw,xj02S2waGOw
youtube,UC-IQ0Xzn_XBfHJT2Rn7V4Aw,yfMcGuAzrOU
youtube,UC-IQ0Xzn_XBfHJT2Rn7V4Aw,yh97K1ccxx8
youtube,UC-IQ0Xzn_XBfHJT2Rn7V4Aw,yl8P3gpUqNI
youtube,UC-IQ0Xzn_XBfHJT2Rn7V4Aw,YSKFFO-4ezo
youtube,UC-IQuRP4tA26WimwzxcBCkQ,ISLO3ytIBcE
youtube,UC-Ir-kUkcmxa_NzBOFPfS0Q,_g8LslMW4w0
youtube,UC-Ir-kUkcmxa_NzBOFPfS0Q,YonbaKPI4Pc
youtube,UC-ir7cBZQovkFOH-m5fzCsA,Iwasi7S0zwk
youtube,UC-irJpn3wywlJNscUGR1npw,WIgJHoIhKIE
youtube,UC-iRQDkrsQ-ECO1RBpCIXTg,gPYJDUh870A
youtube,UC-iRQDkrsQ-ECO1RBpCIXTg,Yt0rA8oN3XU
youtube,UC-Irv3elvykwbWPoKRbmypg,0LFQJhoY5xk
youtube,UC-Irv3elvykwbWPoKRbmypg,bTMogXZRVsQ
youtube,UC-Irv3elvykwbWPoKRbmypg,hK2rnVHZ6r8
youtube,UC-Irv3elvykwbWPoKRbmypg,K3oFR89RO3A
youtube,UC-is4V_2vk1okCYDZEzU9dg,EiY5oGy0i7U
youtube,UC-is4V_2vk1okCYDZEzU9dg,FnNn942jSuc
youtube,UC-is4V_2vk1okCYDZEzU9dg,ij8vr3-DuG0
youtube,UC-is4V_2vk1okCYDZEzU9dg,MAy8z-Ev85I
youtube,UC-is4V_2vk1okCYDZEzU9dg,nop5FheGcj8
youtube,UC-is4V_2vk1okCYDZEzU9dg,tqXgnBr2YGc
youtube,UC-Isil-HA6Yt_r4fL33QWZg,7eRu_lKEKf0
youtube,UC-Isil-HA6Yt_r4fL33QWZg,ZsiOvyM3lQk
youtube,UC-ISJ3xKHyinX_2QuLwaoxA,tzHEuiA141Y
youtube,UC-isU7u8w6Xvq7pDij6kg9A,-47q9QYbd1U
youtube,UC-isU7u8w6Xvq7pDij6kg9A,0K3OgMrUqv8
youtube,UC-isU7u8w6Xvq7pDij6kg9A,1gMhX894MZA
youtube,UC-isU7u8w6Xvq7pDij6kg9A,1yLlQah_AAY
youtube,UC-isU7u8w6Xvq7pDij6kg9A,2e7GeX1Cuk4
youtube,UC-isU7u8w6Xvq7pDij6kg9A,3jwe9FgB06U
youtube,UC-isU7u8w6Xvq7pDij6kg9A,3ylINlzlf_8
youtube,UC-isU7u8w6Xvq7pDij6kg9A,5A33YsxzzsE
youtube,UC-isU7u8w6Xvq7pDij6kg9A,6NI8YjHit8Y
youtube,UC-isU7u8w6Xvq7pDij6kg9A,6wbp7K9SYKU
youtube,UC-isU7u8w6Xvq7pDij6kg9A,6ZtF5zK8aGc
youtube,UC-isU7u8w6Xvq7pDij6kg9A,8QRTDEJbvjU
youtube,UC-isU7u8w6Xvq7pDij6kg9A,9xiM-TVUSDw
youtube,UC-isU7u8w6Xvq7pDij6kg9A,_qm1-JKNKa8
youtube,UC-isU7u8w6Xvq7pDij6kg9A,A1jgTsG-Wdk
youtube,UC-isU7u8w6Xvq7pDij6kg9A,Ag3Xv7EGWpc
youtube,UC-isU7u8w6Xvq7pDij6kg9A,AuP0Y9Slvyk
youtube,UC-isU7u8w6Xvq7pDij6kg9A,bd4jb_-JixA
youtube,UC-isU7u8w6Xvq7pDij6kg9A,by4Q11Tg2Zo
youtube,UC-isU7u8w6Xvq7pDij6kg9A,DOnSdswLjQA
youtube,UC-isU7u8w6Xvq7pDij6kg9A,F70RH537AiE
youtube,UC-isU7u8w6Xvq7pDij6kg9A,fYjbO6X5WOs
youtube,UC-isU7u8w6Xvq7pDij6kg9A,g7DvysXw6-Q
youtube,UC-isU7u8w6Xvq7pDij6kg9A,g9Vst9R2xgo
youtube,UC-isU7u8w6Xvq7pDij6kg9A,gPYJDUh870A
youtube,UC-isU7u8w6Xvq7pDij6kg9A,HCskFJyQchk
youtube,UC-isU7u8w6Xvq7pDij6kg9A,jvTDwmr7gZs
youtube,UC-isU7u8w6Xvq7pDij6kg9A,k6fBIFeoHAM
youtube,UC-isU7u8w6Xvq7pDij6kg9A,KkdUr4hdXDc
youtube,UC-isU7u8w6Xvq7pDij6kg9A,Kr7y6yhA8c8
youtube,UC-isU7u8w6Xvq7pDij6kg9A,ktc8EYmhB4o
youtube,UC-isU7u8w6Xvq7pDij6kg9A,kxOItA49vxg
youtube,UC-isU7u8w6Xvq7pDij6kg9A,kz5DwXgDJFs
youtube,UC-isU7u8w6Xvq7pDij6kg9A,mdmybK6AsAc
youtube,UC-isU7u8w6Xvq7pDij6kg9A,MlhArCQvL5o
youtube,UC-isU7u8w6Xvq7pDij6kg9A,mW07S32VQKc
youtube,UC-isU7u8w6Xvq7pDij6kg9A,OICkDCYUX7A
youtube,UC-isU7u8w6Xvq7pDij6kg9A,oKCKbWhrrEo
youtube,UC-isU7u8w6Xvq7pDij6kg9A,PYVl0YSZwRw
youtube,UC-isU7u8w6Xvq7pDij6kg9A,q20jbOSINW4
youtube,UC-isU7u8w6Xvq7pDij6kg9A,qOxUL9KrNZs
youtube,UC-isU7u8w6Xvq7pDij6kg9A,rcF7zG79dac
youtube,UC-isU7u8w6Xvq7pDij6kg9A,sM8dzaLwgEg
youtube,UC-isU7u8w6Xvq7pDij6kg9A,TUpmFHBcGr0
youtube,UC-isU7u8w6Xvq7pDij6kg9A,TWs5dUwpgac
youtube,UC-isU7u8w6Xvq7pDij6kg9A,uQeKnl0AdNE
youtube,UC-isU7u8w6Xvq7pDij6kg9A,uWMre3yZ4Lk
youtube,UC-isU7u8w6Xvq7pDij6kg9A,uYhs_J5ZYw4
youtube,UC-isU7u8w6Xvq7pDij6kg9A,vaqMdKd8P78
youtube,UC-isU7u8w6Xvq7pDij6kg9A,vIQV1tXIJUQ
youtube,UC-isU7u8w6Xvq7pDij6kg9A,VmbCVOzPf44
youtube,UC-isU7u8w6Xvq7pDij6kg9A,XSqQ8Nk9OPc
youtube,UC-isU7u8w6Xvq7pDij6kg9A,xZdmANOq0Iw
youtube,UC-isU7u8w6Xvq7pDij6kg9A,yE4HoFMOaOc
youtube,UC-isU7u8w6Xvq7pDij6kg9A,YW5ZrOsu5mY
youtube,UC-ISUpnIO7brOk9mMaUJeeQ,hbiHVLh3yqM
youtube,UC-ISUpnIO7brOk9mMaUJeeQ,MKqFo9LkPbM
youtube,UC-ISUpnIO7brOk9mMaUJeeQ,r5Ymb-hezU8
youtube,UC-iT4MTFSLP5-s8dPO5AKeA,2b8KXoZhEbo
youtube,UC-iT8P6ZlOlptln1VZ7UCzA,Cs6yPrn0I_I
youtube,UC-It9_Y4bXGAKzBr3zvefqw,HMByjbtmT88
youtube,UC-IT9Pf8QL5u_OmQC7ZjAuA,id29jfIyCro
youtube,UC-IT9Pf8QL5u_OmQC7ZjAuA,JOcYFp9PYD0
youtube,UC-IT9Pf8QL5u_OmQC7ZjAuA,rp53CT69nDM
youtube,UC-iT_Hm0ytoM8qbro3UETXw,9IlAiLy0PPQ
youtube,UC-itT1pVBDbxML0UnO6Uj-g,_JhW5EfqdhU
youtube,UC-itT1pVBDbxML0UnO6Uj-g,C54xc73_uJQ
youtube,UC-itT1pVBDbxML0UnO6Uj-g,kCEUC1EEjbQ
youtube,UC-itT1pVBDbxML0UnO6Uj-g,luRhvZgAZk4
youtube,UC-itT1pVBDbxML0UnO6Uj-g,NSmXCuLJgRE
youtube,UC-itT1pVBDbxML0UnO6Uj-g,OaJjOl0351I
youtube,UC-iu1aUpdEdErPzSiDkN8bg,9fsOoB5jC4A
youtube,UC-IuIi--59rPzFzq7AcCu6g,OQvg9T3bVtY
youtube,UC-iUj9BuBxHz_7mN9063mAQ,i2OvRKVO0-s
youtube,UC-IunVWXhUhxSKe0-UxcAsQ,hjabuq0joBs
youtube,UC-iuRr-gzoTm3rjfkiKU3MQ,2ssv1mmEBPI
youtube,UC-iuRr-gzoTm3rjfkiKU3MQ,D7VW0-nNYvE
youtube,UC-iuRr-gzoTm3rjfkiKU3MQ,Ds8rB8vLMBU
youtube,UC-iuRr-gzoTm3rjfkiKU3MQ,GYRgFt9UMiw
youtube,UC-iuRr-gzoTm3rjfkiKU3MQ,yOX4ciBsUV8
youtube,UC-IUwQcRFpAU4Du_zOhm5hw,-78TzoyYu7A
youtube,UC-IUwQcRFpAU4Du_zOhm5hw,0LFQJhoY5xk
youtube,UC-IUwQcRFpAU4Du_zOhm5hw,1e08KGTeRoE
youtube,UC-IUwQcRFpAU4Du_zOhm5hw,Br2vp4Yp5HY
youtube,UC-IUwQcRFpAU4Du_zOhm5hw,hINsFC0BzN8
youtube,UC-IUwQcRFpAU4Du_zOhm5hw,MFqMKnUqZ3E
youtube,UC-IUwQcRFpAU4Du_zOhm5hw,MlCb3biwXn4
youtube,UC-IUwQcRFpAU4Du_zOhm5hw,v57m1nRYkD4
youtube,UC-IUwQcRFpAU4Du_zOhm5hw,xbxf7yqLXHU
youtube,UC-IUwQcRFpAU4Du_zOhm5hw,xGjCONDiCWU
youtube,UC-IUwQcRFpAU4Du_zOhm5hw,zOjc8foVTF0
youtube,UC-iuWRsxO16kEqhwmhFs1lA,tYB2-mwkE0Y
youtube,UC-iuWRsxO16kEqhwmhFs1lA,XVo_-_CKPYg
youtube,UC-iUypW_kB8dg0CTWSr_UJg,1Sa0wIexVCM
youtube,UC-Iv699Zm3hiPm2cRvimNIg,FwTe96irgdo
youtube,UC-IvAeSrdKWRhmJD51ka86Q,AgtwfHNEqhs
youtube,UC-IvEwEUZTLQTsj0qtjHzuQ,4QXgqO__Ds4
youtube,UC-IvEwEUZTLQTsj0qtjHzuQ,sM8dzaLwgEg
youtube,UC-IvEwEUZTLQTsj0qtjHzuQ,ZADi-6yBDqQ
youtube,UC-IvsOYLG_oYVTkK4fTfCQA,05D4zmrdPEQ
youtube,UC-IvsOYLG_oYVTkK4fTfCQA,5R7maRlDKAE
youtube,UC-IvsOYLG_oYVTkK4fTfCQA,bBsrwrbD9VM
youtube,UC-IvsOYLG_oYVTkK4fTfCQA,GEaw5dGQ9YY
youtube,UC-IvsOYLG_oYVTkK4fTfCQA,q5zxB91ozKk
youtube,UC-IvsOYLG_oYVTkK4fTfCQA,QLfInz3QDec
youtube,UC-ivvB_7lvIIQnPVinXAItA,Q7B_9LdKHW4
youtube,UC-IwA7Tm-HnG7ZESw3pvvUg,qGPJ_1RJ5mI
youtube,UC-IwbCoVzkAtZvZH_r0XTVw,zARgkIIpx5s
youtube,UC-Iwhp3qXzMr1P3Foje3P2g,jJLXBpBaBzc
youtube,UC-IWIMMJWRE8_xkMW_wlUMQ,gBvMvdnrphU
youtube,UC-iWuZnnGW25dHt0bmovlvg,8W6IJ-N5ef0
youtube,UC-iwyByWIT5E_L7oGFsTCdA,d0_jr4Uhnjc
youtube,UC-ixEK0xib3cLSVDKYLSFAQ,2Ll0mOWuIWQ
youtube,UC-iXfv8CeF65AAcv6DIpf4g,5NK1f-yD4XY
youtube,UC-iXfv8CeF65AAcv6DIpf4g,7xPAqPbhDaY
youtube,UC-iXfv8CeF65AAcv6DIpf4g,_kyCTB7Ae60
youtube,UC-iXfv8CeF65AAcv6DIpf4g,A1kCq_mIK7Q
youtube,UC-iXfv8CeF65AAcv6DIpf4g,AOsf1KQwA34
youtube,UC-iXfv8CeF65AAcv6DIpf4g,B0ks2FPfbTo
youtube,UC-iXfv8CeF65AAcv6DIpf4g,BwdcG9va6ek
youtube,UC-iXfv8CeF65AAcv6DIpf4g,LBus46K5WP4
youtube,UC-iXfv8CeF65AAcv6DIpf4g,lNjTFr4ynYY
youtube,UC-iXfv8CeF65AAcv6DIpf4g,tzHEuiA141Y
youtube,UC-iXfv8CeF65AAcv6DIpf4g,UqJkWjEGCzI
youtube,UC-iXfv8CeF65AAcv6DIpf4g,VnPOaQb_ltc
youtube,UC-iXfv8CeF65AAcv6DIpf4g,ZADi-6yBDqQ
youtube,UC-iXfv8CeF65AAcv6DIpf4g,ZsGloK89AVs
youtube,UC-IxiBQ0vKKyMbcqARauhuA,CPpgwBI1ydA
youtube,UC-IxiBQ0vKKyMbcqARauhuA,EhjbCfcbQnw
youtube,UC-IxiBQ0vKKyMbcqARauhuA,hRuJlmERsN8
youtube,UC-IxiBQ0vKKyMbcqARauhuA,JEkseWFQsvA
youtube,UC-IxiBQ0vKKyMbcqARauhuA,LfFIQn4C1yI
youtube,UC-IxiBQ0vKKyMbcqARauhuA,qxOO1ki56iI
youtube,UC-IxiBQ0vKKyMbcqARauhuA,VaHeq8T479c
youtube,UC-IxiBQ0vKKyMbcqARauhuA,X7RIwEDejs0
youtube,UC-IXUFu1dpaW36L6mEvpP2g,Xc82pXqoHK0
youtube,UC-iY8bisw1AbLsn8I88Oegw,ORiXS4YTfeY
youtube,UC-IyB4wYt9Jnch5hnTr4RfQ,RC-BskFArZQ
youtube,UC-iyBgkcp8X8CRpo4r7AWrg,FybPrHorxOk
youtube,UC-IyEqqpS2SZN_tk6YbSfrQ,-KD4xcSfhZ0
youtube,UC-IYOcGGDsZYFg55mU5mpng,0KE24-O9Ahc
youtube,UC-iYThCB9rH8s7Y2Vd9yzcQ,HErKyAt8BC8
youtube,UC-iYThCB9rH8s7Y2Vd9yzcQ,PGvEDkzEmo8
youtube,UC-iYThCB9rH8s7Y2Vd9yzcQ,sfXsqKK5Cto
youtube,UC-iYUWxqPdxlWzIiP6jioKQ,zYjYx-i2pBQ
youtube,UC-iZ80kOe2E4NZW69qrn7Tw,_HeNBnhdfRk
youtube,UC-iZ80kOe2E4NZW69qrn7Tw,yFah9BlyQzI
youtube,UC-IzdqB-GG5uffmQf-QMgAA,aOSoNvpYH7w
youtube,UC-IzdqB-GG5uffmQf-QMgAA,EgNRI_a8VSQ
youtube,UC-IzdqB-GG5uffmQf-QMgAA,HZ5P2-aNKS0
youtube,UC-IZL4my1FHCyeeK_zZKmYw,c4N0lR_nrRQ
youtube,UC-izlXfCwf1WfG_KJE1BBQQ,3i4xoUmwuRY
youtube,UC-j-dIpUMAmE66kXOdzvvvg,Uc2Cafs_NaI
youtube,UC-j-eIwQBO3vMy673ago5SA,_Fi9woCYiAU
youtube,UC-j-eIwQBO3vMy673ago5SA,CaNyPTsnPDI
youtube,UC-J-eu2neKrJXbDCayAmnsQ,cHYLL1W3RZw
youtube,UC-J-eu2neKrJXbDCayAmnsQ,ie4UOivL1p8
youtube,UC-J-eu2neKrJXbDCayAmnsQ,XEnVcvg-HRw
youtube,UC-J-IUV4jXWgf51yLo83BOA,mUWUbnDHnDU
youtube,UC-J-kxil7-ENVAKUogIXGeg,-R1E9TdUCYQ
youtube,UC-J-kxil7-ENVAKUogIXGeg,6lFiKODuvR0
youtube,UC-J-kxil7-ENVAKUogIXGeg,7W8awdL119A
youtube,UC-J-kxil7-ENVAKUogIXGeg,ajmK9kxRxvE
youtube,UC-J-kxil7-ENVAKUogIXGeg,hyUEZTA-YJQ
youtube,UC-J-kxil7-ENVAKUogIXGeg,KaoTcH5tWRo
youtube,UC-J-kxil7-ENVAKUogIXGeg,yHvL7qDpF-w
youtube,UC-J-kxil7-ENVAKUogIXGeg,ZmvuKabp1sA
youtube,UC-j-o0bZSJJcuyON9C4Ps4g,4fQQ95smFxo
youtube,UC-j-o0bZSJJcuyON9C4Ps4g,anEY5eCcumY
youtube,UC-j-o0bZSJJcuyON9C4Ps4g,kKnTpQi-7lI
youtube,UC-j-o0bZSJJcuyON9C4Ps4g,OzwWcNGBTzk
youtube,UC-j-o0bZSJJcuyON9C4Ps4g,tzHEuiA141Y
youtube,UC-j02oNKXEmpwVEtDER-56A,ocq8DGej8SA
youtube,UC-j0hILIUjBvkUISiKyMJcA,Thoftf7pqKk
youtube,UC-J15UmDEqh-agKrgk6ea_w,GI60RpiTJ9U
youtube,UC-J1vmCmtC6_cHCBxI1yCdA,01pwAg6vVCI
youtube,UC-J1vmCmtC6_cHCBxI1yCdA,7ire-WJ3aIQ
youtube,UC-J1vmCmtC6_cHCBxI1yCdA,aOSoNvpYH7w
youtube,UC-J1vmCmtC6_cHCBxI1yCdA,bTMogXZRVsQ
youtube,UC-J1vmCmtC6_cHCBxI1yCdA,E4VlJ5Q08xs
youtube,UC-J1vmCmtC6_cHCBxI1yCdA,eRig2mRjoAM
youtube,UC-J1vmCmtC6_cHCBxI1yCdA,hYO5u2ERpGY
youtube,UC-J1vmCmtC6_cHCBxI1yCdA,iFt5Pbcq-5Q
youtube,UC-J1vmCmtC6_cHCBxI1yCdA,kwMEgIwcA8k
youtube,UC-J1vmCmtC6_cHCBxI1yCdA,lSDaxysClKY
youtube,UC-J1vmCmtC6_cHCBxI1yCdA,ly4hZ70hJ28
youtube,UC-J1vmCmtC6_cHCBxI1yCdA,PuyNC3jAQ2M
youtube,UC-J1vmCmtC6_cHCBxI1yCdA,pXqwr5TdiAw
youtube,UC-J1vmCmtC6_cHCBxI1yCdA,tDnBd65bTlo
youtube,UC-J1vmCmtC6_cHCBxI1yCdA,TO2o01Gj9pA
youtube,UC-J1vmCmtC6_cHCBxI1yCdA,tWQdV7lCkWk
youtube,UC-J1vmCmtC6_cHCBxI1yCdA,ucN51a4TlZM
youtube,UC-J1vmCmtC6_cHCBxI1yCdA,uK2PBmQCJrs
youtube,UC-J1vmCmtC6_cHCBxI1yCdA,yWA1S7f2nyw
youtube,UC-J1vmCmtC6_cHCBxI1yCdA,ZazDTTe5m9E
youtube,UC-J1vmCmtC6_cHCBxI1yCdA,ZYjPJa-X4a4
youtube,UC-J1Wj2BS80Ea1slqOE0Eag,LAvBfuuWjZk
youtube,UC-J1WtO95b_Z01uxQuiDw-w,NYnM0aGq4W4
youtube,UC-J2aLswvi-nxKb6tpYM76w,kziHaUZ9ZDI
youtube,UC-j2umv7FyM4N1SfnPJJwdw,isUYGAgcP60
youtube,UC-j2umv7FyM4N1SfnPJJwdw,YF3flUd3mM8
youtube,UC-J2VOVSUnRq87Z8XrCnP9w,qbn9cAuxC08
youtube,UC-j2yeqEliJjtikwEdoRmGQ,BTFA4CgM40Y
youtube,UC-j2yeqEliJjtikwEdoRmGQ,JQimTHI33Sg
youtube,UC-j2yeqEliJjtikwEdoRmGQ,QvUImi2dU6Y
youtube,UC-j37U_xA5ArdR8i4xSSUMw,7htcDIEpdwY
youtube,UC-J3k43lOfFaLw2NyfbH4AQ,-KD4xcSfhZ0
youtube,UC-J3k43lOfFaLw2NyfbH4AQ,nB46O1i0bVA
youtube,UC-j4OHMJ0OTZsHlFVlTHqqA,DJc4MpMkdnI
youtube,UC-j4OHMJ0OTZsHlFVlTHqqA,mW07S32VQKc
youtube,UC-J52ErggnWdTSinQpdVlOA,_a9wL5xOS5U
youtube,UC-J52ErggnWdTSinQpdVlOA,D7VW0-nNYvE
youtube,UC-j65Mebo3mM0_QjnXWPUHA,w3N8m0szFR0
youtube,UC-J6FObOW81YoVgjfFiw7Sw,kziHaUZ9ZDI
youtube,UC-J6TR-V95qF7y-2_MnVtpw,wvkko4_Y0wU
youtube,UC-j6yn4QrSBqMYkVn1_Dhog,MAk5FWU-lm8
youtube,UC-j72Cwal38Z3yBIeARvypQ,KRIGRIlK20M
youtube,UC-j7IeFdsxINTBWDsKjP1Sg,wiMm6sn0tjY
youtube,UC-j7iuZuakSq5u5EXbcNzuQ,hwBmTTEilnI
youtube,UC-j7iuZuakSq5u5EXbcNzuQ,pZrJtGcmXrk
youtube,UC-J7os3_8sYe0HKWT6CGl8g,tSa3M89I4dA
youtube,UC-j7yGYO1ESwQy5siVUO0XQ,KHIRlAwLJ2U
youtube,UC-j868MS2tkbONw74h2pngg,1Sa0wIexVCM
youtube,UC-j868MS2tkbONw74h2pngg,4UI8Bd-6GMc
youtube,UC-j868MS2tkbONw74h2pngg,Cp0WJP3TcS8
youtube,UC-j868MS2tkbONw74h2pngg,Iwasi7S0zwk
youtube,UC-j868MS2tkbONw74h2pngg,KaoTcH5tWRo
youtube,UC-j868MS2tkbONw74h2pngg,KUzp9t3gI7Y
youtube,UC-j868MS2tkbONw74h2pngg,ORdpjdLd6So
youtube,UC-j868MS2tkbONw74h2pngg,y3isK1bg7gQ
youtube,UC-J8HOYl7tUnAQvFlPn80FQ,wiMm6sn0tjY
youtube,UC-j8SFj7KQs0wUKdQ7WYSsQ,NlI5QuPGoqA
youtube,UC-j8XRUnjekaQdlRSC4alzw,naqmMLcIDEE
youtube,UC-J8ZZkhvHznh2OLz_EnXyA,AgtwfHNEqhs
youtube,UC-j9E6_y2HOVGXhbKdJyebw,3QFoye5oofY
youtube,UC-J_0PaAdi7Il74i2J4UXCg,sH1jHKtm0uE
youtube,UC-j_1Ds3azG3QdjmHCHN5_A,p-TBUW0cClw
youtube,UC-J_EoJ8v7dRIFv3mBTNkAg,knYMzaOFIn0
youtube,UC-J_EoJ8v7dRIFv3mBTNkAg,OZ3GcBPFsNE
youtube,UC-J_EoJ8v7dRIFv3mBTNkAg,vyFrV-bm5iM
youtube,UC-J_EoJ8v7dRIFv3mBTNkAg,zsDHFkX4mjI
youtube,UC-J_tUDVtXbTPjj4FAvsONQ,A8hVS5r8XHI
youtube,UC-JA1hB-CNEJCOmXc6NVogw,2JUDUswlXxQ
youtube,UC-JA1hB-CNEJCOmXc6NVogw,lNCszsia-CE
youtube,UC-Ja5QBo8vQebXIkwVVLcNw,9Glrq39hIT4
youtube,UC-ja6lj6PAhwnQFhxtJyk5A,t0Fn9ju4UP4
youtube,UC-JaGht3EGDHroTBjmmacnw,Mq-ihPHKoCs
youtube,UC-jAhUE4kqgwlZtuT4HKn8w,5aW3FGKr4g4
youtube,UC-jajRzHWXUR2o6y2702L8A,Gghgn_5VIck
youtube,UC-jajRzHWXUR2o6y2702L8A,GYwfzbUbHsM
youtube,UC-jajRzHWXUR2o6y2702L8A,rtf7e5hfyAo
youtube,UC-jAJzYaKzf7t6NaUnlalag,GYRgFt9UMiw
youtube,UC-jARglI-yZRYDvO8tjcQ1A,HTpCmSzHO0c
youtube,UC-jARglI-yZRYDvO8tjcQ1A,rp53CT69nDM
youtube,UC-jATbCG5TpoYMXLtaz82uA,BP_MuAS0jZA
youtube,UC-jaVCABEy_kRvkELQyxNCw,QGPOpqHiJCY
youtube,UC-JAweIzJ5fHwYl7wLsyoJw,bItb3j85AS8
youtube,UC-JAweIzJ5fHwYl7wLsyoJw,Br2vp4Yp5HY
youtube,UC-JAweIzJ5fHwYl7wLsyoJw,xj02S2waGOw
youtube,UC-jaxkr6tIdhw18s-UHL6yg,96SWCUMR5os
youtube,UC-JaY6tXtq4WyjjHPDXBhIQ,AgtwfHNEqhs
youtube,UC-Jb-w6KzOlDqNvIdpoAP8A,7M4WdG9oV_g
youtube,UC-Jb3yoTX0kO_gYNTCM9X8Q,6nRu4y4KAiQ
youtube,UC-Jb3yoTX0kO_gYNTCM9X8Q,6UL_580UlG4
youtube,UC-Jb3yoTX0kO_gYNTCM9X8Q,aZ_RC0XNxMw
youtube,UC-Jb3yoTX0kO_gYNTCM9X8Q,G6cc8oS2tiQ
youtube,UC-Jb3yoTX0kO_gYNTCM9X8Q,JjSVh4pDREw
youtube,UC-Jb3yoTX0kO_gYNTCM9X8Q,tiUcsMb1FDY
youtube,UC-Jb3yoTX0kO_gYNTCM9X8Q,TSNnBRrx4Ss
youtube,UC-Jb3yoTX0kO_gYNTCM9X8Q,VlKBp1yTmk4
youtube,UC-Jb3yoTX0kO_gYNTCM9X8Q,Wv5vJFYVOnc
youtube,UC-jbHIPwJeIbh5XkUR5mw3Q,7ETGcFImxCM
youtube,UC-JBPlBu8J_ek3U8Km3dAdg,ZRIurIUS4Bw
youtube,UC-JBqATx6XxPqIMIRB11tnQ,6O4XZJV_zdI
youtube,UC-jBrRqEwjZXxG9P16PirsQ,1gMhX894MZA
youtube,UC-jBrRqEwjZXxG9P16PirsQ,EuA6OirjhWU
youtube,UC-jBrRqEwjZXxG9P16PirsQ,hcZg-IjH-TA
youtube,UC-JbxTMoCEZmYgEtifYiJKg,5CwtLvboaR0
youtube,UC-jBY1ANN6Xi1EBZPVHD6ng,GYRgFt9UMiw
youtube,UC-jCDcy3AhskfhwXc0EGqag,6fqfm3aIwmM
youtube,UC-jCDcy3AhskfhwXc0EGqag,bEVFdPXD_V8
youtube,UC-jCDcy3AhskfhwXc0EGqag,Dxn04-7S_60
youtube,UC-jCDcy3AhskfhwXc0EGqag,IpyjTGz0wsA
youtube,UC-jCDcy3AhskfhwXc0EGqag,Ja64r-FmD-0
youtube,UC-jCDcy3AhskfhwXc0EGqag,l7k2ih1wRhE
youtube,UC-jCDcy3AhskfhwXc0EGqag,LPnpFs6blwo
youtube,UC-jCDcy3AhskfhwXc0EGqag,NbGXYjajoEc
youtube,UC-jCDcy3AhskfhwXc0EGqag,pquhKOssrBo
youtube,UC-jCDcy3AhskfhwXc0EGqag,RRdcbHta7kY
youtube,UC-jCDcy3AhskfhwXc0EGqag,Rt655LBiqdg
youtube,UC-jCDcy3AhskfhwXc0EGqag,tuKIVtFNqsw
youtube,UC-jCDcy3AhskfhwXc0EGqag,UMBNgaj_aSw
youtube,UC-jCDcy3AhskfhwXc0EGqag,X7RIwEDejs0
youtube,UC-jCDcy3AhskfhwXc0EGqag,yFBFPpqn_6U
youtube,UC-jcgFTwWbfUltzMnDpUC3g,5u3UoHJtUNA
youtube,UC-jcgFTwWbfUltzMnDpUC3g,79ACo4016wA
youtube,UC-jcgFTwWbfUltzMnDpUC3g,bbCVLlxqNmU
youtube,UC-jcgFTwWbfUltzMnDpUC3g,tzHEuiA141Y
youtube,UC-jcgFTwWbfUltzMnDpUC3g,YYoNdQgmY_c
youtube,UC-jCkMSGZgQ-8sIDkBrQEkg,wiMm6sn0tjY
youtube,UC-JcTX_D-GWRodlshWQ03Bw,RrWk0qFwGqo
youtube,UC-JCUJbyKSWweGEuClhRnSw,IhoONh-_nDQ
youtube,UC-JcvF4hFZJNJkgdtA_-y2g,57h6Qg-7n88
youtube,UC-JCvwqIyf4MOyEw-yqQX4w,uA6vBeYdaA8
youtube,UC-JD-pwUaylLCj_YgLaKEVg,eLn7T1QQ5Xo
youtube,UC-jD_nDSXbj9EDjRfIrSghQ,DOCsf8pivCQ
youtube,UC-JDcXm-ihqrMNaDqjatiLg,hRuJlmERsN8
youtube,UC-JDFnjoS7OfQ-u4kWvJSlw,Rhj_rCmU9D8
youtube,UC-JDJatHbq6WMTw6SrxwGpg,5u3UoHJtUNA
youtube,UC-jdKpL36RvWCx44Q-vMvfA,As0avziR6WQ
youtube,UC-JDOsDZ8DX2tXC9lj0ifYQ,AgtwfHNEqhs
youtube,UC-JDOsDZ8DX2tXC9lj0ifYQ,TskGnMnKfYc
youtube,UC-jdV-d4lcHkREi3-0VwN4A,mUWUbnDHnDU
youtube,UC-JDx5RGHZpJ6raOFz4k7pw,jBUI1b6ndt0
youtube,UC-JDx5RGHZpJ6raOFz4k7pw,zYhv5xBeDkE
youtube,UC-jEr79xSxZ-LEX402il_Ew,ghp98qjhK-0
youtube,UC-jEr79xSxZ-LEX402il_Ew,QGPOpqHiJCY
youtube,UC-jes5kSSu9DphZl0yJqmUQ,D0Juysa-2Co
youtube,UC-JeUC93-yg9ApmI0JemQcg,Io8GbskM6WU
youtube,UC-JeUC93-yg9ApmI0JemQcg,NoTIZ0b_m5s
youtube,UC-JeW8-AGhW8FKK0G36Wvxw,5vmEvhO2imQ
youtube,UC-jf6Clm6UnWM38fNnBQLIw,2s3rXM2U8YU
youtube,UC-jf6Clm6UnWM38fNnBQLIw,m2e0QtKAFJw
youtube,UC-jf6Clm6UnWM38fNnBQLIw,o9_ICIKKE4U
youtube,UC-JfbxXkFK-OkYS1ZvxXWPQ,hirCHqpFWAE
youtube,UC-jfgxkGL5ZJVLCl6NHcyTA,2YeTgHeIiUA
youtube,UC-jfgxkGL5ZJVLCl6NHcyTA,3i4xoUmwuRY
youtube,UC-jfgxkGL5ZJVLCl6NHcyTA,baRdC9kr1rk
youtube,UC-jfgxkGL5ZJVLCl6NHcyTA,who0UKZ5mnM
youtube,UC-JFLaPVIuoM7KYjxwEJSag,WBq-8QChtdo
youtube,UC-jFoDOZ_di-6yxu8NkGx2Q,AgtwfHNEqhs
youtube,UC-jfoXmIcXBdU0tzcEuAbeg,2YhFUeZZrbs
youtube,UC-jfoXmIcXBdU0tzcEuAbeg,Cp0WJP3TcS8
youtube,UC-jfry5pxSFAAGW085vJP3A,a38A-VDeyFU
youtube,UC-JFZysjhgir08nObOeeuog,U-qt0b5VmTI
youtube,UC-JG0_oBcws9qymSa4Oyb0g,npsZ7FBbPHg
youtube,UC-JG0_oBcws9qymSa4Oyb0g,xZdmANOq0Iw
youtube,UC-JG0_oBcws9qymSa4Oyb0g,YYoNdQgmY_c
youtube,UC-Jg0H_aGXmR2wokovnmHfQ,yXUiDvxkkSQ
youtube,UC-jg3kg9stwbHBvOgy3pn6w,DKRbzfedfB4
youtube,UC-jg3kg9stwbHBvOgy3pn6w,dTGFrkO_spM
youtube,UC-jg3kg9stwbHBvOgy3pn6w,lLh0_Q9f0sk
youtube,UC-jg3kg9stwbHBvOgy3pn6w,MJTgOrFgf0M
youtube,UC-jg3kg9stwbHBvOgy3pn6w,NSHai0-_ilw
youtube,UC-jg3kg9stwbHBvOgy3pn6w,NYnM0aGq4W4
youtube,UC-JghhjAmoOqqiays0yqJDg,BwdcG9va6ek
youtube,UC-JghhjAmoOqqiays0yqJDg,QvUImi2dU6Y
youtube,UC-jGIcfmNcRlmOtAEkL94QA,Iwasi7S0zwk
youtube,UC-jGIcfmNcRlmOtAEkL94QA,pWKLoFSrAFM
youtube,UC-jGIcfmNcRlmOtAEkL94QA,UGiPOXWWiD4
youtube,UC-jGIcfmNcRlmOtAEkL94QA,uQeKnl0AdNE
youtube,UC-jGIcfmNcRlmOtAEkL94QA,xHYyQUS908A
youtube,UC-jGIcfmNcRlmOtAEkL94QA,YW5ZrOsu5mY
youtube,UC-JgM5XwklCV2tKfyuamGUw,fF61LvMi8YI
youtube,UC-JgM5XwklCV2tKfyuamGUw,HMByjbtmT88
youtube,UC-JgM5XwklCV2tKfyuamGUw,Lb8Zu9jpMo4
youtube,UC-JgM5XwklCV2tKfyuamGUw,OQeaHqHQJ8M
youtube,UC-JgM5XwklCV2tKfyuamGUw,qmEuMgohNYI
youtube,UC-JgM5XwklCV2tKfyuamGUw,qWKAjxYDdlo
youtube,UC-JgM5XwklCV2tKfyuamGUw,RTUlawFFKJ8
youtube,UC-JgM5XwklCV2tKfyuamGUw,rXiSHPlJ5kI
youtube,UC-JgM5XwklCV2tKfyuamGUw,SW1Bl31Kpnk
youtube,UC-JgM5XwklCV2tKfyuamGUw,syGfQZJO82E
youtube,UC-JgM5XwklCV2tKfyuamGUw,vcnNBBvzQTk
youtube,UC-jGNDUQkqYyXQzBSMrD-HQ,xtnJyPbMC4Y
youtube,UC-jHjJIX5iHLEoFA89TzERg,8kpAsc5opRw
youtube,UC-jHjJIX5iHLEoFA89TzERg,bEVFdPXD_V8
youtube,UC-JhmdXOyirF8qi1iGKvbtA,PJTPlzRM1mQ
youtube,UC-jhNGWNfiGjZW_OpRIA48Q,-47q9QYbd1U
youtube,UC-jhNGWNfiGjZW_OpRIA48Q,0K3OgMrUqv8
youtube,UC-jhNGWNfiGjZW_OpRIA48Q,19bLBNqvo-k
youtube,UC-jhNGWNfiGjZW_OpRIA48Q,5A33YsxzzsE
youtube,UC-jhNGWNfiGjZW_OpRIA48Q,AuP0Y9Slvyk
youtube,UC-jhNGWNfiGjZW_OpRIA48Q,BFzM2A_zYdk
youtube,UC-jhNGWNfiGjZW_OpRIA48Q,CXJxjEgw1JY
youtube,UC-jhNGWNfiGjZW_OpRIA48Q,DRw_ibZNXdY
youtube,UC-jhNGWNfiGjZW_OpRIA48Q,FZBf5biTpGI
youtube,UC-jhNGWNfiGjZW_OpRIA48Q,JPqEMMTzjMI
youtube,UC-jhNGWNfiGjZW_OpRIA48Q,LqgFNyXXJ9w
youtube,UC-jhNGWNfiGjZW_OpRIA48Q,nop5FheGcj8
youtube,UC-jhNGWNfiGjZW_OpRIA48Q,pquhKOssrBo
youtube,UC-jhNGWNfiGjZW_OpRIA48Q,wZT1ih430cw
youtube,UC-jhNGWNfiGjZW_OpRIA48Q,XdCyBpU_0Q4
youtube,UC-jhNGWNfiGjZW_OpRIA48Q,Y33XWO8Jsps
youtube,UC-jhNGWNfiGjZW_OpRIA48Q,yWJj62ERmig
youtube,UC-jhNGWNfiGjZW_OpRIA48Q,ZubQB9BddBs
youtube,UC-jI3Pn_4x04uKunFjInlVQ,3i4xoUmwuRY
youtube,UC-Ji5BU-WoKrvvsdBNh34mw,0-PV7kNMsK4
youtube,UC-jI8IX4FqLL0_aQyAtGNUQ,6wHc-n9-TlI
youtube,UC-JikdLeHVXL4bqfJbt11zg,PuyNC3jAQ2M
youtube,UC-Jim6CbqEYslvHkJ2HSVkw,bbCVLlxqNmU
youtube,UC-jiR1jLhdquJ484lpm_XJg,3Hq_5OqrSCM
youtube,UC-jiSW_CS4IZtlMAQVP1S3g,lLie5asGYDE
youtube,UC-JIW3H7grGZ8-MzJArg_Sw,bX1JISXOfYQ
youtube,UC-JIW3H7grGZ8-MzJArg_Sw,CgeDAK3WHK0
youtube,UC-JIW3H7grGZ8-MzJArg_Sw,t91yUuvpvkc
youtube,UC-JIW3H7grGZ8-MzJArg_Sw,xgAADisSDiI
youtube,UC-JIW3H7grGZ8-MzJArg_Sw,ZU3IT5cHCyk
youtube,UC-Jix8glLYxXe5EACS-deyA,GYRgFt9UMiw
youtube,UC-jIxUAypOZwv_MEu-ca1Tg,jJLXBpBaBzc
youtube,UC-JiZTJADm6eko1ZoTfqAAQ,HMByjbtmT88
youtube,UC-jj6O8qWfqLnNthbfVIk3A,SNwqumPDxes
youtube,UC-jJ8ynFj7xz8yMTJvMiPYg,Lwn6Nox29vM
youtube,UC-Jj9_XqJWoNxK4erOM55lg,Ct_Y6cTRs9U
youtube,UC-jjfKVilK51SfA2FGEIuhg,-MtrQsMVKqI
youtube,UC-jjfKVilK51SfA2FGEIuhg,Pbk-mV5pB6k
youtube,UC-JJMBq31qr7TEwXaLv8PJA,bItb3j85AS8
youtube,UC-jJMmdJWngKkcnpYYvbqJw,EuA6OirjhWU
youtube,UC-jJn9xrnMgk_82nTqfuj7Q,dMo5ORwFEBU
youtube,UC-jJn9xrnMgk_82nTqfuj7Q,ITpS9J8kK04
youtube,UC-jJNeYp-nZ_nI6_tDAB4Vg,tnp0zaQGmJw
youtube,UC-JjuM57OtXW6UPzzr6OIqg,3Ad6L1vnKhY
youtube,UC-JjuM57OtXW6UPzzr6OIqg,O_B80aj_f0w
youtube,UC-Jjv2irWegfiapnhZGbkhg,9sQdOpyTy68
youtube,UC-JjzL7Zt8qSLmvrZBizwcA,5u3UoHJtUNA
youtube,UC-JjzL7Zt8qSLmvrZBizwcA,BwdcG9va6ek
youtube,UC-jk0oH4TX8hR23Sds51OGQ,Fh4UZV3DZ1s
youtube,UC-jk0oH4TX8hR23Sds51OGQ,pF589UkzLmM
youtube,UC-JK4z9mALdodyqyBXKUlyQ,FWeibHtLNnc
youtube,UC-JK4z9mALdodyqyBXKUlyQ,joxM3Nt0tCg
youtube,UC-JK4z9mALdodyqyBXKUlyQ,mW07S32VQKc
youtube,UC-JK4z9mALdodyqyBXKUlyQ,rgXryqp2cO0
youtube,UC-Jk8WuoxhGBCQ60eFaChWQ,0K3OgMrUqv8
youtube,UC-Jk8WuoxhGBCQ60eFaChWQ,1gMhX894MZA
youtube,UC-Jk8WuoxhGBCQ60eFaChWQ,4oW1Y9tu3Oc
youtube,UC-Jk8WuoxhGBCQ60eFaChWQ,4ZasC_0ymJM
youtube,UC-Jk8WuoxhGBCQ60eFaChWQ,5tBpiQEiCyo
youtube,UC-Jk8WuoxhGBCQ60eFaChWQ,6D0POOt_I2A
youtube,UC-Jk8WuoxhGBCQ60eFaChWQ,8ISViz1FqIA
youtube,UC-Jk8WuoxhGBCQ60eFaChWQ,96SWCUMR5os
youtube,UC-Jk8WuoxhGBCQ60eFaChWQ,9xCTZ5hFiIw
youtube,UC-Jk8WuoxhGBCQ60eFaChWQ,_HeNBnhdfRk
youtube,UC-Jk8WuoxhGBCQ60eFaChWQ,_qm1-JKNKa8
youtube,UC-Jk8WuoxhGBCQ60eFaChWQ,A2eDUfAYvD0
youtube,UC-Jk8WuoxhGBCQ60eFaChWQ,b82t-k_HLt8
youtube,UC-Jk8WuoxhGBCQ60eFaChWQ,Cdccr8aK9_o
youtube,UC-Jk8WuoxhGBCQ60eFaChWQ,D3qLBfN-RgU
youtube,UC-Jk8WuoxhGBCQ60eFaChWQ,EcGyX5ojzRQ
youtube,UC-Jk8WuoxhGBCQ60eFaChWQ,EuAtNFPGhpY
youtube,UC-Jk8WuoxhGBCQ60eFaChWQ,fF61LvMi8YI
youtube,UC-Jk8WuoxhGBCQ60eFaChWQ,fYjbO6X5WOs
youtube,UC-Jk8WuoxhGBCQ60eFaChWQ,hwBmTTEilnI
youtube,UC-Jk8WuoxhGBCQ60eFaChWQ,JgypjFN2klk
youtube,UC-Jk8WuoxhGBCQ60eFaChWQ,KmXfyPTGXXA
youtube,UC-Jk8WuoxhGBCQ60eFaChWQ,Kr7y6yhA8c8
youtube,UC-Jk8WuoxhGBCQ60eFaChWQ,kR_rLlYTGsA
youtube,UC-Jk8WuoxhGBCQ60eFaChWQ,ktc8EYmhB4o
youtube,UC-Jk8WuoxhGBCQ60eFaChWQ,l08Uog-u7iI
youtube,UC-Jk8WuoxhGBCQ60eFaChWQ,la3lePEGvac
youtube,UC-Jk8WuoxhGBCQ60eFaChWQ,LohzyeclN4Q
youtube,UC-Jk8WuoxhGBCQ60eFaChWQ,mRbe979JFVo
youtube,UC-Jk8WuoxhGBCQ60eFaChWQ,QDhxZ5pgp8A
youtube,UC-Jk8WuoxhGBCQ60eFaChWQ,qO0HZKwVPjE
youtube,UC-Jk8WuoxhGBCQ60eFaChWQ,rXiSHPlJ5kI
youtube,UC-Jk8WuoxhGBCQ60eFaChWQ,s6lC-7eneiY
youtube,UC-Jk8WuoxhGBCQ60eFaChWQ,SaoVbAlhrrQ
youtube,UC-Jk8WuoxhGBCQ60eFaChWQ,sN7zPeGs4R8
youtube,UC-Jk8WuoxhGBCQ60eFaChWQ,TnxsQdd7PLs
youtube,UC-Jk8WuoxhGBCQ60eFaChWQ,tuKIVtFNqsw
youtube,UC-Jk8WuoxhGBCQ60eFaChWQ,u8AhGKNIknE
youtube,UC-Jk8WuoxhGBCQ60eFaChWQ,U8VR-a-2tYk
youtube,UC-Jk8WuoxhGBCQ60eFaChWQ,uKXFoVt0Lf0
youtube,UC-Jk8WuoxhGBCQ60eFaChWQ,W7VxXTSfGAI
youtube,UC-Jk8WuoxhGBCQ60eFaChWQ,WGtevCH1LMI
youtube,UC-Jk8WuoxhGBCQ60eFaChWQ,XrE4zNdiJVE
youtube,UC-JK9Jh8Vi3DqgZFYaeigKQ,9tlsPaN45Hs
youtube,UC-JK9Jh8Vi3DqgZFYaeigKQ,dM0TH876J08
youtube,UC-JK9Jh8Vi3DqgZFYaeigKQ,p4ZBWl0zPoo
youtube,UC-JkacDpFwh9YJ7D0X8K8uQ,m03ZcYO8Yko
youtube,UC-jKg63OrHiizyfG50H0ysQ,goI6saUibpw
youtube,UC-Jklssx3rNmSE7_ctKvHGQ,qHfCqcQOSvg
youtube,UC-jKn4wNXPRlc4kWz8Vu2FQ,s54N7CwjW9c
youtube,UC-JKV5ZiaRF-Nu9ERt9rSyg,xj02S2waGOw
youtube,UC-JKZG1v5iNJhDTZKO93TLQ,l_T6x6EBX30
youtube,UC-JKZG1v5iNJhDTZKO93TLQ,sM8dzaLwgEg
youtube,UC-Jl3PArcnlZEHcjD_Wm6dg,5xncs-QC-Bg
youtube,UC-Jl3PArcnlZEHcjD_Wm6dg,KawFLGBUTgk
youtube,UC-Jl3PArcnlZEHcjD_Wm6dg,sIGfYmWt5ZY
youtube,UC-jL92OUzyiqcnPKAS_3B8A,0igFJY0x56o
youtube,UC-jL92OUzyiqcnPKAS_3B8A,_twz1GmKFxU
youtube,UC-jL92OUzyiqcnPKAS_3B8A,QvUImi2dU6Y
youtube,UC-Jl9GNB4JleWHMDNclNBMQ,-feyn_PjbM0
youtube,UC-Jl9GNB4JleWHMDNclNBMQ,PYVl0YSZwRw
youtube,UC-jL_gK_SCXU5JWNQ8T96lA,-1SICOyzr-w
youtube,UC-jL_qNna_T2otkdLIV4HJw,FZwHwSvsxoM
youtube,UC-jL_qNna_T2otkdLIV4HJw,pDOHSqtq_m4
youtube,UC-jlC8BoSSCO3JVwmzKw-RA,j9UEDV-p8Z0
youtube,UC-jlC8BoSSCO3JVwmzKw-RA,ztxzga187Lk
youtube,UC-jlLlMpA1wQPkOBgFjhIEg,4Uv3aUPLY1w
youtube,UC-jlLlMpA1wQPkOBgFjhIEg,a3WbieYeqoA
youtube,UC-jlLlMpA1wQPkOBgFjhIEg,GpQRTLBUFiE
youtube,UC-jlLlMpA1wQPkOBgFjhIEg,pYsCl3jYaHs
youtube,UC-jlLlMpA1wQPkOBgFjhIEg,tYE3JaeaCOg
youtube,UC-jlLlMpA1wQPkOBgFjhIEg,WLHdTM2ALJo
youtube,UC-jlLlMpA1wQPkOBgFjhIEg,YPQfPpBy7vc
youtube,UC-jlLlMpA1wQPkOBgFjhIEg,zYhv5xBeDkE
youtube,UC-JLrU6U_OFCgbyfc-kObEQ,_WMv67OKdlE
youtube,UC-JlUiY3GvX9efAyKLSfY1Q,HjL_sfung3g
youtube,UC-JlXcURcALBk6mz_12FzbA,cyF3kAxKdrQ
youtube,UC-JLz0m6aDVIgQ2bq5YOo6Q,__Jw8cVHfl4
youtube,UC-JLz0m6aDVIgQ2bq5YOo6Q,Dv88eymDxN0
youtube,UC-JLz0m6aDVIgQ2bq5YOo6Q,ktc8EYmhB4o
youtube,UC-JLz0m6aDVIgQ2bq5YOo6Q,n7TBFG99TT4
youtube,UC-JLz0m6aDVIgQ2bq5YOo6Q,YiTg5XxNfFY
youtube,UC-JlzOT6OhcycxI0X2NEOVA,s6UPjs7q8Og
youtube,UC-jmftdmP3-w6taiSudnD7g,5J9dFqqj81A
youtube,UC-JMovuNiyEIF7MNv75LJaA,R87oR3silk0
youtube,UC-jMOyYByVbVAdRf-s6FWYg,51QJ_B6WEXI
youtube,UC-jMOyYByVbVAdRf-s6FWYg,jjXLPNp8MOo
youtube,UC-jMOyYByVbVAdRf-s6FWYg,p_DF3NrtBKs
youtube,UC-jMOyYByVbVAdRf-s6FWYg,rFpkLF8woiw
youtube,UC-jMOyYByVbVAdRf-s6FWYg,yQ73Uvb4C-8
youtube,UC-JMWMiVL0ysGozFWWU7Faw,HuUmrQB6jTo
youtube,UC-jnbpXvioEDh_nx7Y3cw3w,yE4HoFMOaOc
youtube,UC-JNFnTmaQXce7_N4RblN6g,WhsMtP-XB7M
youtube,UC-JnnYJbahkImADfxLdtMFg,QFqW41Kr9eI
youtube,UC-JNQ4RhkEXlUcYuXor7jcg,ikFmuvh4Hvk
youtube,UC-JNQ4RhkEXlUcYuXor7jcg,N54mGwCsTWA
youtube,UC-JNXeVhfLyXv8r9k4xwb9A,JKAsT-I2d_8
youtube,UC-joccR4CqWecLtzuFcvbng,lNCszsia-CE
youtube,UC-JODZJg9h2bMpdq_Zs92NQ,ikFmuvh4Hvk
youtube,UC-JODZJg9h2bMpdq_Zs92NQ,JN9r88mvA8c
youtube,UC-joQY1vcIv4AoeS30uFFCQ,R4s3-vtRGh4
youtube,UC-JoVbEh_28B7nZuPlnEKuw,ZLqzKczMYU4
youtube,UC-jOwSAgZLDQvKRVUG6PhTA,6wHc-n9-TlI
youtube,UC-joxfqPwosJSMNoVz9G0fQ,cRFrpHoDGsc
youtube,UC-joxfqPwosJSMNoVz9G0fQ,CZnyBIIdo-s
youtube,UC-joxfqPwosJSMNoVz9G0fQ,eMIaTOasjyo
youtube,UC-joxfqPwosJSMNoVz9G0fQ,MeHQG9KRfZE
youtube,UC-joxfqPwosJSMNoVz9G0fQ,mrs65qQojro
youtube,UC-joxfqPwosJSMNoVz9G0fQ,QoAWZGEnxEg
youtube,UC-joxfqPwosJSMNoVz9G0fQ,ysY-KkSvBt8
youtube,UC-JP2ZL9s0tmfpUTGTOsLuQ,zgxidoI1KXM
youtube,UC-jpGstoWTUHPjpODKTdpPQ,aq9OXGxxwo4
youtube,UC-jpGstoWTUHPjpODKTdpPQ,jHYz2xUJfaE
youtube,UC-jpGstoWTUHPjpODKTdpPQ,tzHEuiA141Y
youtube,UC-Jpkxmqo_L6uI33sdQj4WA,2y5VvtdRbx4
youtube,UC-Jpkxmqo_L6uI33sdQj4WA,7xPAqPbhDaY
youtube,UC-Jpkxmqo_L6uI33sdQj4WA,l08Uog-u7iI
youtube,UC-JPR3Ilpc7-XDJGnbbXz-Q,AgtwfHNEqhs
youtube,UC-jPspid7UDvj-8pn6h4h5A,76bYyS7YrQI
youtube,UC-jpxjBwGAF0u5nZvAioPpA,HTpCmSzHO0c
youtube,UC-JpyGeI461co84htTdkh9w,6wHc-n9-TlI
youtube,UC-JPZ298YS731WZ5vvitHuw,6NI8YjHit8Y
youtube,UC-JPZ298YS731WZ5vvitHuw,RTUlawFFKJ8
youtube,UC-JPZ298YS731WZ5vvitHuw,xtEkEQEOR8U
youtube,UC-jPzhWodErlcIJ3yXIwJyg,hWi3eGmXkdI
youtube,UC-JQ4mhZ1FoXFZw-FyivHbw,Ieprs3mtHHc
youtube,UC-JQ4mhZ1FoXFZw-FyivHbw,ly4hZ70hJ28
youtube,UC-JQ4mhZ1FoXFZw-FyivHbw,umvyiLfm7ok
youtube,UC-jq89f4kcUc3VYrpYgNqMA,2eUyGrBXR4k
youtube,UC-jq89f4kcUc3VYrpYgNqMA,Add9h8k6Qjs
youtube,UC-jq89f4kcUc3VYrpYgNqMA,E3dvrE5JtTM
youtube,UC-jq89f4kcUc3VYrpYgNqMA,m18bEydz_Mc
youtube,UC-JQa_rs5V8U7l_dexijAvQ,J4Rx-l-ipTk
youtube,UC-JQa_rs5V8U7l_dexijAvQ,JMzBzeRzOoo
youtube,UC-JQa_rs5V8U7l_dexijAvQ,pbC1pui4dMs
youtube,UC-JQa_rs5V8U7l_dexijAvQ,rS7axo1Tb8g
youtube,UC-JQBX57vi_H6QU5ViYl44Q,xbSYSN6FD1g
youtube,UC-jQCBxny-2v7CuP_vbUo4g,2IuDzzoeh4Q
youtube,UC-jQCBxny-2v7CuP_vbUo4g,9S6GgB-H4PE
youtube,UC-jqKyzU_prY5ksLLWzvIyg,caFY_3poSog
youtube,UC-jqXx3_S9M0l3G2NUaUZlg,QX1nVDTcUcg
youtube,UC-JQZ47tX3om4aDZBEFpuZQ,4nCiZe4M0sw
youtube,UC-JQZ47tX3om4aDZBEFpuZQ,5ZPY0stoKUk
youtube,UC-JQZ47tX3om4aDZBEFpuZQ,F6Dqrwgn_XA
youtube,UC-JQZ47tX3om4aDZBEFpuZQ,q358NLc2JIk
youtube,UC-JQZ47tX3om4aDZBEFpuZQ,QOx8bTaEkWU
youtube,UC-JQZ47tX3om4aDZBEFpuZQ,wZhypbg41gA
youtube,UC-JQZ47tX3om4aDZBEFpuZQ,yMMBgqyrFYk
youtube,UC-jR9jnagCLIev2ilKZRScQ,AgtwfHNEqhs
youtube,UC-jrmzuho2zuGPEYMebEoGA,JYanwc4MzbM
youtube,UC-jrmzuho2zuGPEYMebEoGA,OuPMt7zxwmg
youtube,UC-jrmzuho2zuGPEYMebEoGA,QZeFElxySeE
youtube,UC-JrNBr5lLj9ZqDkMX3Qpew,xj02S2waGOw
youtube,UC-jRsMDzeGVn7BzsUDnld9g,hINsFC0BzN8
youtube,UC-jrWCr8uAqGqglWnC89Rzw,AmBwN1B4ovw
youtube,UC-Js23ehzw-X3reLkEU9r2A,AgtwfHNEqhs
youtube,UC-jS9VB3huqSKmSGRKNQ1Lw,_twz1GmKFxU
youtube,UC-jS9VB3huqSKmSGRKNQ1Lw,rOul0ZvaVpU
youtube,UC-JsU1kHysKPDpVwxT0Twlg,pzXhiZde96M
youtube,UC-JT1kOx2JBn4RstruEtVpw,sN7zPeGs4R8
youtube,UC-JTbqKhBW-xJ60hs0sgsIQ,B7zW6CGxjyE
youtube,UC-JtCuYBD7ErppNge6A0FYQ,09LSf6gh1YM
youtube,UC-JtCuYBD7ErppNge6A0FYQ,AgtwfHNEqhs
youtube,UC-jTf_xFDEn-izvaOZMJBNQ,KYuBUV5EUco
youtube,UC-JTHP8gKKN5QAOzDwf1TKA,2b8KXoZhEbo
youtube,UC-JTHP8gKKN5QAOzDwf1TKA,AWJ16WKPYms
youtube,UC-JTHP8gKKN5QAOzDwf1TKA,nZOlq_3TF1s
youtube,UC-JtL_Tq-1eBffRWvSlku3A,6VgcG-8nhIE
youtube,UC-JtL_Tq-1eBffRWvSlku3A,SppofDWY0Ag
youtube,UC-JTnDhU1DbzMHGSLtYrPnA,Q8LzJ3bMhPs
youtube,UC-Jto9h5kZC5mWOR0qdGxNg,D7VW0-nNYvE
youtube,UC-Jto9h5kZC5mWOR0qdGxNg,Ds8rB8vLMBU
youtube,UC-JTOOr7tjfm5eXH6mEaOFw,tYE3JaeaCOg
youtube,UC-JTtwV-b-iIqO3oJDQnsnQ,xbzasHpO_b8
youtube,UC-jTy7ubXl6hI96d1IW1V3Q,-KD4xcSfhZ0
youtube,UC-JU1Ets0YJPwm8cxCpE86A,hcZg-IjH-TA
youtube,UC-juDAldpexkJr7AnLhEptA,cu-81boDJ3E
youtube,UC-JUm0saYpvLSkjkaZkzlOw,UTGHMmWmyd8
youtube,UC-JuQ5WchUOXVNAR_FQQoPw,kJxgKY17PlY
youtube,UC-JVHXA3vn8Nkf9csjYt8IA,5GDlBby2pBA
youtube,UC-JVHXA3vn8Nkf9csjYt8IA,oaaT9NPBoHQ
youtube,UC-JvOowsbUoWNDRbPO7iJlw,S4G_nGegMpY
youtube,UC-JVp3oSlgNOPm5IFbwhvog,GCVNBUeFKJM
youtube,UC-JwHwuBCW8c9MrBilHw-_Q,AgtwfHNEqhs
youtube,UC-JwUwkt7lyCCHdxYiP67ew,hRuJlmERsN8
youtube,UC-JWWSz9riPBovd-u1KkbxQ,3gjIFYJpz38
youtube,UC-JWWSz9riPBovd-u1KkbxQ,4oW1Y9tu3Oc
youtube,UC-JWWSz9riPBovd-u1KkbxQ,8eOLhIDRZ3k
youtube,UC-JWWSz9riPBovd-u1KkbxQ,8LPZplGQP-c
youtube,UC-JWWSz9riPBovd-u1KkbxQ,_EMnbLGlNDM
youtube,UC-JWWSz9riPBovd-u1KkbxQ,CvbpZoPXjpA
youtube,UC-JWWSz9riPBovd-u1KkbxQ,EuA6OirjhWU
youtube,UC-JWWSz9riPBovd-u1KkbxQ,fUU554H--vU
youtube,UC-JWWSz9riPBovd-u1KkbxQ,gvjCZT57evc
youtube,UC-JWWSz9riPBovd-u1KkbxQ,id29jfIyCro
youtube,UC-JWWSz9riPBovd-u1KkbxQ,Ja64r-FmD-0
youtube,UC-JWWSz9riPBovd-u1KkbxQ,JgRCbl4h6MY
youtube,UC-JWWSz9riPBovd-u1KkbxQ,JqFx1oNUP5E
youtube,UC-JWWSz9riPBovd-u1KkbxQ,kn5Ge77ILwI
youtube,UC-JWWSz9riPBovd-u1KkbxQ,l5mMP5MJ95k
youtube,UC-JWWSz9riPBovd-u1KkbxQ,LjxXnldlfwQ
youtube,UC-JWWSz9riPBovd-u1KkbxQ,LROLNXZX2-s
youtube,UC-JWWSz9riPBovd-u1KkbxQ,m18bEydz_Mc
youtube,UC-JWWSz9riPBovd-u1KkbxQ,n7nEH7Gx2hE
youtube,UC-JWWSz9riPBovd-u1KkbxQ,NMNDjRk9i8A
youtube,UC-JWWSz9riPBovd-u1KkbxQ,NoTIZ0b_m5s
youtube,UC-JWWSz9riPBovd-u1KkbxQ,NrMH0KLRzgs
youtube,UC-JWWSz9riPBovd-u1KkbxQ,o6FZ28atS88
youtube,UC-JWWSz9riPBovd-u1KkbxQ,q8FSUachZ4k
youtube,UC-JWWSz9riPBovd-u1KkbxQ,RIR5dH8yMoY
youtube,UC-JWWSz9riPBovd-u1KkbxQ,SW1Bl31Kpnk
youtube,UC-JWWSz9riPBovd-u1KkbxQ,VVE_Y5S8Rcg
youtube,UC-JWWSz9riPBovd-u1KkbxQ,WJQUbsmmjgE
youtube,UC-JWWSz9riPBovd-u1KkbxQ,yxwSqDhXjiA
youtube,UC-JWWSz9riPBovd-u1KkbxQ,z2cmsguXSyQ
youtube,UC-JWWSz9riPBovd-u1KkbxQ,zcTlY5fz3iA
youtube,UC-JwzpYe6yVBhh8dQuQCBhg,5_Fcvqcdss4
youtube,UC-JwzpYe6yVBhh8dQuQCBhg,CdihgG0vMhs
youtube,UC-JwzpYe6yVBhh8dQuQCBhg,EuA6OirjhWU
youtube,UC-JwzpYe6yVBhh8dQuQCBhg,f7LkWXN4gIc
youtube,UC-JwzpYe6yVBhh8dQuQCBhg,RQZsAObFUoM
youtube,UC-JwzpYe6yVBhh8dQuQCBhg,tuKIVtFNqsw
youtube,UC-JwzpYe6yVBhh8dQuQCBhg,u0n3R_uo-cQ
youtube,UC-jx1U4qq6HOAvFgKz4rcpQ,RkLJ0k0kSek
youtube,UC-JX6xInXS9u32lMSF2CV6Q,PuyNC3jAQ2M
youtube,UC-JXGghYklUzY-9wrLDDaNg,3gjIFYJpz38
youtube,UC-JXGghYklUzY-9wrLDDaNg,_50HwxXCCQ4
youtube,UC-JXGghYklUzY-9wrLDDaNg,aOSoNvpYH7w
youtube,UC-JXGghYklUzY-9wrLDDaNg,de4tDKbl51U
youtube,UC-JXGghYklUzY-9wrLDDaNg,H6oU4JgQEJM
youtube,UC-JXGghYklUzY-9wrLDDaNg,HTpCmSzHO0c
youtube,UC-JXGghYklUzY-9wrLDDaNg,HZ5P2-aNKS0
youtube,UC-JXGghYklUzY-9wrLDDaNg,unBbgFFl1i0
youtube,UC-JXGghYklUzY-9wrLDDaNg,WafKNs-TcOU
youtube,UC-JXGghYklUzY-9wrLDDaNg,xj02S2waGOw
youtube,UC-JXp7d7WrsWOLKbRQh-zug,tSa3M89I4dA
youtube,UC-JxqS6YFuhEmTLm7EpQKPg,A_USZ2b-OVw
youtube,UC-JXSdNsMDAe4g9_1-Wt1xQ,9IlAiLy0PPQ
youtube,UC-JXUByARXFoOk-Yky-kABQ,Og2QUVXRtaI
youtube,UC-jXZC_TABPOAepLKj8DlkA,6zmmQaUqqnc
youtube,UC-jXZC_TABPOAepLKj8DlkA,b82t-k_HLt8
youtube,UC-jXZC_TABPOAepLKj8DlkA,FvP72zhOst4
youtube,UC-jXZC_TABPOAepLKj8DlkA,fYjbO6X5WOs
youtube,UC-jXZC_TABPOAepLKj8DlkA,JFqPP3i1kdc
youtube,UC-jXZC_TABPOAepLKj8DlkA,Jybg4-4apqI
youtube,UC-jXZC_TABPOAepLKj8DlkA,OtisyzP9P34
youtube,UC-jXZC_TABPOAepLKj8DlkA,SMibnJ9681U
youtube,UC-Jy_-SSVs0aaw6ulAlM0IA,KHKLZoY_uTw
youtube,UC-Jy_-SSVs0aaw6ulAlM0IA,n82YZqfA4Q0
youtube,UC-Jy_-SSVs0aaw6ulAlM0IA,zsDHFkX4mjI
youtube,UC-JyAqkcUvtu-_mtR_jya0A,wczWa1TRHFU
youtube,UC-JYHMzSGYQU7oiY4w4fliQ,aOSoNvpYH7w
youtube,UC-JYHMzSGYQU7oiY4w4fliQ,niMg_XHjNHs
youtube,UC-JYHMzSGYQU7oiY4w4fliQ,NrDWUeaQ_L0
youtube,UC-JYHMzSGYQU7oiY4w4fliQ,reFn7wH6Z68
youtube,UC-JYHMzSGYQU7oiY4w4fliQ,ZsiOvyM3lQk
youtube,UC-jYkTzcJ2baTTCmLfghVqg,sH5tSn8BbGY
youtube,UC-JYsDnGoeFOc_gTx76YsSg,6Ojm0kobtUM
youtube,UC-JyZCH36k-Yl_NcStRC33g,saqvNOH_w2s
youtube,UC-jz34leCUwoTPh0bG5IOzA,GCVNBUeFKJM
youtube,UC-Jz5czUeuF7ncB_kwcgfFw,AupwuxZmNP4
youtube,UC-JZ8kEGKdDr1eoATGyW3fw,GYRgFt9UMiw
youtube,UC-JZ8kEGKdDr1eoATGyW3fw,kkW7WwrPAKw
youtube,UC-jZ_NYtJi67pnH___kPneA,ZEGyaBZHC_Q
youtube,UC-jZRePMZGrLWTJdtefwnbg,LMewUzxuc_I
youtube,UC-jZRePMZGrLWTJdtefwnbg,y3isK1bg7gQ
youtube,UC-jzTFvxtVt9FyqqZU478kQ,2RU8sHlsEKo
youtube,UC-jzTFvxtVt9FyqqZU478kQ,vkSQWLrWOm8
youtube,UC-JZyLh0eaE2DTikL84PjfA,HTpCmSzHO0c
youtube,UC-JZyLh0eaE2DTikL84PjfA,m2e0QtKAFJw
youtube,UC-K-0OVVzAddcBhkTR1ayqw,zIQ6daeVqzg
youtube,UC-K-4pyAaASWE6IKYAq60nQ,n2xQ112p4Kg
youtube,UC-K-8Iq3Ff9CxtIFPwV52Qg,w8nnsV9Si1U
youtube,UC-k-aejl9-fuJyaLzW6nMPA,AvnoU4_7wbM
youtube,UC-K-jf4z1m_zHthf3OTYogg,2ynsKm1Y6Pk
youtube,UC-K-jf4z1m_zHthf3OTYogg,3CFdL_eDuxk
youtube,UC-K-jf4z1m_zHthf3OTYogg,8apwnQFLzyc
youtube,UC-K-jf4z1m_zHthf3OTYogg,AFnzHgDZQdw
youtube,UC-K-jf4z1m_zHthf3OTYogg,KNvJjoXRsio
youtube,UC-K-jf4z1m_zHthf3OTYogg,kT_TBtJqgs0
youtube,UC-K-jf4z1m_zHthf3OTYogg,OXWA9H_9CYI
youtube,UC-K-jf4z1m_zHthf3OTYogg,p3stw9y0lgY
youtube,UC-K-jf4z1m_zHthf3OTYogg,ty3nUN_T5Ck
youtube,UC-K-jf4z1m_zHthf3OTYogg,ZNL3LRRy5Vo
youtube,UC-k-NOc2hta34kOBls_fdiQ,A5b7tPsB7FM
youtube,UC-k-NOc2hta34kOBls_fdiQ,iIH55TTFZZM
youtube,UC-k-NOc2hta34kOBls_fdiQ,Kd2oXVx3M1U
youtube,UC-k-NOc2hta34kOBls_fdiQ,Okd655xb8PE
youtube,UC-k-NOc2hta34kOBls_fdiQ,pwXs7IA94Zk
youtube,UC-k-NOc2hta34kOBls_fdiQ,r5Ymb-hezU8
youtube,UC-k-NOc2hta34kOBls_fdiQ,YFrf8zkPFe8
youtube,UC-K07INo21WnLfQYj6q2USA,LAvBfuuWjZk
youtube,UC-K07INo21WnLfQYj6q2USA,Q3FLTHu42yw
youtube,UC-K0l4sVSka0XA15OfgzBLQ,AgtwfHNEqhs
youtube,UC-k0RppR3zU9KhnPKYR7IQA,l7k2ih1wRhE
youtube,UC-k0XqvQ3Mctu85gbHQcysQ,_JhW5EfqdhU
youtube,UC-k0XqvQ3Mctu85gbHQcysQ,Bd2TRoF_mLM
youtube,UC-k0XqvQ3Mctu85gbHQcysQ,C54xc73_uJQ
youtube,UC-k0XqvQ3Mctu85gbHQcysQ,ktc8EYmhB4o
youtube,UC-k0XqvQ3Mctu85gbHQcysQ,luRhvZgAZk4
youtube,UC-k0XqvQ3Mctu85gbHQcysQ,ovzVPNUeDb8
youtube,UC-k0XqvQ3Mctu85gbHQcysQ,r58smvVZExo
youtube,UC-K12U33XDX4lkGJssl9MMQ,93RHjW4G1ho
youtube,UC-K12U33XDX4lkGJssl9MMQ,dKmH3TyZ9GM
youtube,UC-K12U33XDX4lkGJssl9MMQ,mUWUbnDHnDU
youtube,UC-K12U33XDX4lkGJssl9MMQ,oGtcLwk0lrk
youtube,UC-K12U33XDX4lkGJssl9MMQ,P5je5bMGeIg
youtube,UC-K12U33XDX4lkGJssl9MMQ,yShvbFE4-Rc
youtube,UC-K1VmqLJcs24PPOIK0Q5dQ,pz29k_8VoEM
youtube,UC-K2aLm9zGGLQH9zJQCwdjQ,3Hq_5OqrSCM
youtube,UC-K35f6IE5P5-wjRt7aUmjg,PWpG_1BVBnw
youtube,UC-k364Ek3RH9zPegzCckkng,tlTiUvKVfP8
youtube,UC-k3j9v_-8RT-D13D06X9Ww,Ds8rB8vLMBU
youtube,UC-k3j9v_-8RT-D13D06X9Ww,LeJBPW6uukM
youtube,UC-k4_PoxhaQWroPRyJHXCxw,B5LFhKSK8xQ
youtube,UC-k4TppdpDjQ-kXBSk0ghUg,6qT4WLo2OMI
youtube,UC-k4TppdpDjQ-kXBSk0ghUg,uD2GksmewMM
youtube,UC-k4TppdpDjQ-kXBSk0ghUg,wHrXaKghSVw
youtube,UC-k4TppdpDjQ-kXBSk0ghUg,yrmuEWbawng
youtube,UC-k4uIPtWsIFj8zqSwmNtzw,HAgQZ4-Qqus
youtube,UC-k4uIPtWsIFj8zqSwmNtzw,uA6vBeYdaA8
youtube,UC-K5brW1SFSfOFs5V5qSWGg,1ztP7qoYf0c
youtube,UC-K5brW1SFSfOFs5V5qSWGg,7vtAEJz9Nb8
youtube,UC-K5brW1SFSfOFs5V5qSWGg,dbQk8NsaCIo
youtube,UC-k5LZuIcxHQQhnsh9EN0AA,YYoNdQgmY_c
youtube,UC-k5pMiQtyvpAxLsUrD9Ydg,ly4hZ70hJ28
youtube,UC-k5pMiQtyvpAxLsUrD9Ydg,PoixJ-bJ0VQ
youtube,UC-K5RXoyCFcRFCFZBPeVDfw,cR8z-Ql2ltk
youtube,UC-k63pScT85XAmXZ7oWArrA,MsPVGi2_llw
youtube,UC-k6COXiLLaAXOfLolLTlzA,RS23sWwL0g4
youtube,UC-k6ddByQcBBevSDdBXDB9g,7xPAqPbhDaY
youtube,UC-k6ddByQcBBevSDdBXDB9g,Iwasi7S0zwk
youtube,UC-k6dHVYz0Ny7ONJrukicdA,wiMm6sn0tjY
youtube,UC-k6JVIi8DdSiDn71UbNkvg,PWpG_1BVBnw
youtube,UC-k6ULm4SuArsIo-UAuHkwg,B5LFhKSK8xQ
youtube,UC-k70xOAjqP0SnM0_N5sgWA,SzU7dHGyO_I
youtube,UC-K7q2pHNR8Rgy9--wg_oEg,EcGyX5ojzRQ
youtube,UC-K7q2pHNR8Rgy9--wg_oEg,FGc-Yl2uHfk
youtube,UC-K7q2pHNR8Rgy9--wg_oEg,isq1A08tvJQ
youtube,UC-K7q2pHNR8Rgy9--wg_oEg,Ko9qp_KKJ38
youtube,UC-K7q2pHNR8Rgy9--wg_oEg,NlI5QuPGoqA
youtube,UC-K7q2pHNR8Rgy9--wg_oEg,rdCY_WEpsF8
youtube,UC-k7utSDPwI4JrBJUHLlvYA,U9oVGMT4mZk
youtube,UC-k7utSDPwI4JrBJUHLlvYA,Vx8lb8CFs48
youtube,UC-K89aYPBiWwWZRE3ryemYw,shrnL1vBP3Y
youtube,UC-K89aYPBiWwWZRE3ryemYw,UgxaFFlp364
youtube,UC-k8hC8QMJWMxpeUiLQju5Q,vPrl9GUAMHc
youtube,UC-K8ihqsqMnmRJiWvxdzHsQ,0ad9-Jvf8cM
youtube,UC-K8ihqsqMnmRJiWvxdzHsQ,3i4xoUmwuRY
youtube,UC-K8ihqsqMnmRJiWvxdzHsQ,9nhVoklul_c
youtube,UC-K8ihqsqMnmRJiWvxdzHsQ,DOF9jzMJW-8
youtube,UC-K8PpV2P5AjwKsEZP1NaiQ,VKPHD4qQ0rQ
youtube,UC-K9PF4bZuZwLAwVit57sdA,DYUxT2P3oZY
youtube,UC-k9x5Q5Pmo0hl-rPVMlXHQ,oM4I8kSFS5E
youtube,UC-k_cIDqiR0GIFxPlXmVqQA,Ds8rB8vLMBU
youtube,UC-K_hq6iyCF95D3zafmwUiw,2b8KXoZhEbo
youtube,UC-K_hq6iyCF95D3zafmwUiw,3ylINlzlf_8
youtube,UC-K_hq6iyCF95D3zafmwUiw,6NI8YjHit8Y
youtube,UC-K_hq6iyCF95D3zafmwUiw,6ThEkBbNn5M
youtube,UC-K_hq6iyCF95D3zafmwUiw,8bm0t5nLCZE
youtube,UC-K_hq6iyCF95D3zafmwUiw,by4Q11Tg2Zo
youtube,UC-K_hq6iyCF95D3zafmwUiw,h9q9FJelrtc
youtube,UC-K_hq6iyCF95D3zafmwUiw,Ib9fc9VFbR0
youtube,UC-K_hq6iyCF95D3zafmwUiw,NhbINNjEYzg
youtube,UC-K_hq6iyCF95D3zafmwUiw,p2JM1JxLNFA
youtube,UC-K_hq6iyCF95D3zafmwUiw,pddHB6tFgnA
youtube,UC-K_hq6iyCF95D3zafmwUiw,pWKLoFSrAFM
youtube,UC-K_hq6iyCF95D3zafmwUiw,q20jbOSINW4
youtube,UC-K_hq6iyCF95D3zafmwUiw,rcF7zG79dac
youtube,UC-K_hq6iyCF95D3zafmwUiw,SLsYKelRBAU
youtube,UC-K_hq6iyCF95D3zafmwUiw,vaqMdKd8P78
youtube,UC-K_hq6iyCF95D3zafmwUiw,whSGN61XiQs
youtube,UC-K_hq6iyCF95D3zafmwUiw,ZlTwK_K50vM
youtube,UC-K_SK4AL3vKSinjuJWkwDQ,BTFA4CgM40Y
youtube,UC-K_SK4AL3vKSinjuJWkwDQ,mfaComDoKLE
youtube,UC-KAAsic1aCAZEze0Vz5feg,2y5VvtdRbx4
youtube,UC-KakXiAFG2DryiZkdeu9gg,joxM3Nt0tCg
youtube,UC-kAR2WvDL_wnYyUeQgAYgQ,CxdoLXP68f4
youtube,UC-kAspUxBAnd46INmyrAzeg,87MwqzemlRQ
youtube,UC-KAWzLljIA60niQgJxuHKw,oIw6FWDQ18Y
youtube,UC-KAx7nCTpqGNeC_WFI9AlQ,D7VW0-nNYvE
youtube,UC-kBglN0qAJ054NxC9rjj8Q,sC1v6aj_tGw
youtube,UC-kBglN0qAJ054NxC9rjj8Q,WhsMtP-XB7M
youtube,UC-Kbh7WIoHYJW5JL4Ks7eUw,3gjIFYJpz38
youtube,UC-KBhv51qk2gDa3MtYEMOZw,ghp98qjhK-0
youtube,UC-KBJ4Q-3Xb4S3EA8pSjAcw,bEozEYS-jFw
youtube,UC-KBJ4Q-3Xb4S3EA8pSjAcw,kvyky6spX8c
youtube,UC-KBJ4Q-3Xb4S3EA8pSjAcw,Y85KHnpVB30
youtube,UC-KBkHc4YiQDCYmz7w3-KCQ,4RKz1JqDwaY
youtube,UC-KBkHc4YiQDCYmz7w3-KCQ,SGLNGsmFx_c
youtube,UC-KBkHc4YiQDCYmz7w3-KCQ,x7SatTKodXs
youtube,UC-KBkHc4YiQDCYmz7w3-KCQ,yxHJRF2Rj1Q
youtube,UC-kbTNlAPRWo1ac1CweowyA,NfnwnjSXSE8
youtube,UC-kc_TVRpogqmlZzeSsm3GQ,JKAsT-I2d_8
youtube,UC-kcCTWApyWqerKq3WKFWLw,SIIe6VD81ok
youtube,UC-KCpu_22v4EeJUzynU93VA,FYukgEd5XEg
youtube,UC-kcSt4bsxi7y43CArkpRMQ,HeZ1tleb9bM
youtube,UC-kcTnvISkJ6oJZjF4meVyQ,YYoNdQgmY_c
youtube,UC-kcz_D4GmmxllD0t53DoqQ,CckMkGKboz4
youtube,UC-kdbfNj-G1n6PX2cVf4j2g,ij8vr3-DuG0
youtube,UC-kdcK5-71ksoPJneovH-Wg,jEYNPU9z1lU
youtube,UC-KDJ-drRTu0ajuVIzCDMKQ,o6fLPh5JGcI
youtube,UC-kDXzhw-ZpOk42-UFgzpgQ,CjrbEqzuPGw
youtube,UC-kDXzhw-ZpOk42-UFgzpgQ,cPScrFxCJMk
youtube,UC-kDXzhw-ZpOk42-UFgzpgQ,cQbWF7wQMaU
youtube,UC-kDXzhw-ZpOk42-UFgzpgQ,EY4aiMuJ3xw
youtube,UC-kDXzhw-ZpOk42-UFgzpgQ,Fpsso1Ufgkk
youtube,UC-kDXzhw-ZpOk42-UFgzpgQ,mvd6G1UawrU
youtube,UC-kdycZt3kwCwt9XYBnOKgw,pMbzaygsY4w
youtube,UC-kdycZt3kwCwt9XYBnOKgw,S4F09gZiTlk
youtube,UC-ke5YRzVXW_o6OHE2iU9jA,4PsFxYAPPKk
youtube,UC-ke5YRzVXW_o6OHE2iU9jA,9sQdOpyTy68
youtube,UC-ke5YRzVXW_o6OHE2iU9jA,AsCkV-27iC0
youtube,UC-ke5YRzVXW_o6OHE2iU9jA,bEVFdPXD_V8
youtube,UC-ke5YRzVXW_o6OHE2iU9jA,by4Q11Tg2Zo
youtube,UC-ke5YRzVXW_o6OHE2iU9jA,bzQiEf9G8as
youtube,UC-ke5YRzVXW_o6OHE2iU9jA,dXruXB2i9W4
youtube,UC-ke5YRzVXW_o6OHE2iU9jA,eRig2mRjoAM
youtube,UC-ke5YRzVXW_o6OHE2iU9jA,gLNRr80Nuw4
youtube,UC-ke5YRzVXW_o6OHE2iU9jA,j_kygqVfOYY
youtube,UC-ke5YRzVXW_o6OHE2iU9jA,LfT70mK1MrA
youtube,UC-ke5YRzVXW_o6OHE2iU9jA,m02ANOp10Cg
youtube,UC-ke5YRzVXW_o6OHE2iU9jA,qPs42X0JWAY
youtube,UC-ke5YRzVXW_o6OHE2iU9jA,QZeFElxySeE
youtube,UC-ke5YRzVXW_o6OHE2iU9jA,SewbLO9Etr8
youtube,UC-ke5YRzVXW_o6OHE2iU9jA,XLJaOONFgBg
youtube,UC-keExm_zrLb-Ctv9sZKmrA,kP7m_aH_Dv0
youtube,UC-KefajyZOhu6Mgw_jLGzog,7ire-WJ3aIQ
youtube,UC-kEfoXCyRohHaHzPpp0NqQ,BFzM2A_zYdk
youtube,UC-KeHBVqvvIyg9nN7wVvwcQ,Ds8rB8vLMBU
youtube,UC-KeHBVqvvIyg9nN7wVvwcQ,HMByjbtmT88
youtube,UC-KeHBVqvvIyg9nN7wVvwcQ,Ib9fc9VFbR0
youtube,UC-kEkWA14Jh7-EAwZzMl4Fg,09LSf6gh1YM
youtube,UC-kEPvlU7wwHofU7J3eAIPA,A1LzxFbtuNM
youtube,UC-kEPvlU7wwHofU7J3eAIPA,CXJxjEgw1JY
youtube,UC-kEPvlU7wwHofU7J3eAIPA,JQimTHI33Sg
youtube,UC-kEPvlU7wwHofU7J3eAIPA,t09htpZ7ffM
youtube,UC-kEPvlU7wwHofU7J3eAIPA,Y33XWO8Jsps
youtube,UC-keR6FmTyR7RWkhnks-z9w,ZubQB9BddBs
youtube,UC-KeW8nh90H-oYhpFQ4PcNA,5l0S351Cxe8
youtube,UC-KeW8nh90H-oYhpFQ4PcNA,5ODvMFCTXCA
youtube,UC-KeW8nh90H-oYhpFQ4PcNA,7dN-r-qS4-c
youtube,UC-KeW8nh90H-oYhpFQ4PcNA,LnkVp7k5BYs
youtube,UC-KeW8nh90H-oYhpFQ4PcNA,lr8WXhYmUDY
youtube,UC-KeW8nh90H-oYhpFQ4PcNA,SzSsY1Z2T2Q
youtube,UC-KeW8nh90H-oYhpFQ4PcNA,VAmwfoxhh5A
youtube,UC-kEWSrOC8l8V-2wiBf3Riw,XW_gB_T0-NI
youtube,UC-KEydmNHFPSoOwAv2Ay8tg,VICBZLA-LUQ
youtube,UC-kEZHNqGLWGwUoxiHdX7fQ,5zTdTNuDfqo
youtube,UC-kF93OOyD9YEznM5GH5H6Q,KLkYMn9OmYs
youtube,UC-kF93OOyD9YEznM5GH5H6Q,vHGa7kTjXYg
youtube,UC-KfcQp1nIqCy22S2Qfb31g,w1UeqtMMQ5U
youtube,UC-KFeNRjJ7EaUMkPx4heOTg,15B-PAG7C_0
youtube,UC-KFeNRjJ7EaUMkPx4heOTg,8ISViz1FqIA
youtube,UC-KFeNRjJ7EaUMkPx4heOTg,bFW7an4fPPA
youtube,UC-KFeNRjJ7EaUMkPx4heOTg,FnNn942jSuc
youtube,UC-KFeNRjJ7EaUMkPx4heOTg,RTUlawFFKJ8
youtube,UC-KFeNRjJ7EaUMkPx4heOTg,syGfQZJO82E
youtube,UC-kGAKDLYsGEb51MC7nq90w,ze0XkirLxIo
youtube,UC-KGN03SIl6CkH5T_b18ekA,af6VGeSFWyA
youtube,UC-KGN03SIl6CkH5T_b18ekA,D7VW0-nNYvE
youtube,UC-KGN03SIl6CkH5T_b18ekA,Ds8rB8vLMBU
youtube,UC-KGN03SIl6CkH5T_b18ekA,hsnvXgzEepc
youtube,UC-KGN03SIl6CkH5T_b18ekA,jqi92rpowzw
youtube,UC-KGN03SIl6CkH5T_b18ekA,lHT61exqSUw
youtube,UC-KGN03SIl6CkH5T_b18ekA,P5dKEbfX1LI
youtube,UC-KGN03SIl6CkH5T_b18ekA,x4u9RQv40HY
youtube,UC-kGpagRyKXomstHEdetEVg,A1kCq_mIK7Q
youtube,UC-kGpagRyKXomstHEdetEVg,bd4jb_-JixA
youtube,UC-kGpagRyKXomstHEdetEVg,dITN2PGJTPE
youtube,UC-kGpagRyKXomstHEdetEVg,et_CBP7S0Dg
youtube,UC-kGpagRyKXomstHEdetEVg,H_EYypaEE7o
youtube,UC-kGpagRyKXomstHEdetEVg,i2OvRKVO0-s
youtube,UC-kGpagRyKXomstHEdetEVg,I4BSHqLaFHQ
youtube,UC-kGpagRyKXomstHEdetEVg,mOovWteulKI
youtube,UC-kGpagRyKXomstHEdetEVg,OQeaHqHQJ8M
youtube,UC-kGpagRyKXomstHEdetEVg,QQidDrFeaHk
youtube,UC-kGpagRyKXomstHEdetEVg,rXiSHPlJ5kI
youtube,UC-kGpagRyKXomstHEdetEVg,tlTiUvKVfP8
youtube,UC-kGpagRyKXomstHEdetEVg,uBwxijm1aJ0
youtube,UC-kGpagRyKXomstHEdetEVg,wf4a0CAH3fE
youtube,UC-kGpagRyKXomstHEdetEVg,XlfuUfCA8yI
youtube,UC-KGRGTSiQUAbZI4z0HgCEg,KaoTcH5tWRo
youtube,UC-KGRGTSiQUAbZI4z0HgCEg,kBsgxR3Iaao
youtube,UC-KGRGTSiQUAbZI4z0HgCEg,wLLr1eARkCg
youtube,UC-kgwj1BT2iKAxgDa8HNOWg,xj02S2waGOw
youtube,UC-KH3lin6FVjnXH-icGqDAQ,Br2vp4Yp5HY
youtube,UC-KhDp7cEgIZiAwb06mhtRw,2-2Svg-o1-Q
youtube,UC-KhDp7cEgIZiAwb06mhtRw,aOSoNvpYH7w
youtube,UC-KhDp7cEgIZiAwb06mhtRw,AXrMPYmbE84
youtube,UC-KhDp7cEgIZiAwb06mhtRw,g4Fbzm-oLnQ
youtube,UC-KhDp7cEgIZiAwb06mhtRw,s54N7CwjW9c
youtube,UC-KhDp7cEgIZiAwb06mhtRw,ZKy0jhwD8ms
youtube,UC-kHmL1LwlMHHpiK0C-VF0w,0NIvVtAXuJU
youtube,UC-kHmL1LwlMHHpiK0C-VF0w,JgypjFN2klk
youtube,UC-kHS-0Hu_mRsvIjoqSPsYg,4RpUCf65Iuo
youtube,UC-kHS-0Hu_mRsvIjoqSPsYg,7BA8fOUNeAQ
youtube,UC-kHS-0Hu_mRsvIjoqSPsYg,9CdNDKZH-qI
youtube,UC-kHS-0Hu_mRsvIjoqSPsYg,k5IqeYr4xSE
youtube,UC-kHS-0Hu_mRsvIjoqSPsYg,LqgFNyXXJ9w
youtube,UC-kHS-0Hu_mRsvIjoqSPsYg,OZ3GcBPFsNE
youtube,UC-kHS-0Hu_mRsvIjoqSPsYg,p_ISIJHr-6c
youtube,UC-KHsQLLtKkRWmeTz_WWx5Q,ooCGRUcP0RY
youtube,UC-KHsQLLtKkRWmeTz_WWx5Q,S4F09gZiTlk
youtube,UC-khUNw7s3mymfRvSikzB_A,33SHuyfLDbU
youtube,UC-khZd4i_ZjnLnYhG9AaU4g,TskGnMnKfYc
youtube,UC-KIV0yvjf73YMMVXBvjblQ,VnPOaQb_ltc
youtube,UC-Kj_6R_yBIEz_eL1rg3oKA,NBDZnEl-ONY
youtube,UC-Kj_6R_yBIEz_eL1rg3oKA,VaHeq8T479c
youtube,UC-kjHO7lAyRFKnBgt_4WvMg,H01qUPXE9Rs
youtube,UC-KJK5yNZqelnyqXvpAjhAw,HuUmrQB6jTo
youtube,UC-KjoDvAXn85FeBVZxanDMg,lr0YyT-bVxw
youtube,UC-kjSrdlrj6QwU4BB08VUjw,9KWVKG6DuWc
youtube,UC-KjvpqaZN140skiU7WR21A,f7LkWXN4gIc
youtube,UC-KjvpqaZN140skiU7WR21A,fOpxp6xusjo
youtube,UC-KjvpqaZN140skiU7WR21A,mfaComDoKLE
youtube,UC-KjvpqaZN140skiU7WR21A,xLsQ1A8W0Vw
youtube,UC-KjvpqaZN140skiU7WR21A,ZmvuKabp1sA
youtube,UC-KK3tGGrpdpl08CNTnQ9tw,dQXTNJh77T0
youtube,UC-KkiyM1ziSb-iTku4EIQXQ,g1KLwqgbaY0
youtube,UC-KkKLXfbiNALYHbZFGBuyQ,jaCGUwD9CGg
youtube,UC-KKNvW1HSQfAiGTBE2EoJg,QWlJG1ppfHg
youtube,UC-kKpZAOR1nNDwccJAWYv8g,3i4xoUmwuRY
youtube,UC-kKpZAOR1nNDwccJAWYv8g,GYRgFt9UMiw
youtube,UC-kKTl32pOhIeIc9ok7s2Yg,uFnm7plzitU
youtube,UC-kKVwaP9ZXIplgOt1PjoFQ,byrTj6AjPIg
youtube,UC-kL8D9Ic2wBmHjB70JU1dA,5_Fcvqcdss4
youtube,UC-kL8D9Ic2wBmHjB70JU1dA,Dxn04-7S_60
youtube,UC-kL8D9Ic2wBmHjB70JU1dA,FOGezI672Rw
youtube,UC-kL8D9Ic2wBmHjB70JU1dA,rfEX7TAv87U
youtube,UC-kL8D9Ic2wBmHjB70JU1dA,tzHEuiA141Y
youtube,UC-klElv9poCYbid-s9SHZYw,LAvBfuuWjZk
youtube,UC-klpWCTsVLL8WDshQArQsQ,H5tNCmwmTgw
youtube,UC-KlUj2g2GjyyX9o0GgHZLw,SNwqumPDxes
youtube,UC-KLv9kgvXvv8rliU3Gbldw,7BMAwUnXeVQ
youtube,UC-KLv9kgvXvv8rliU3Gbldw,Bd2TRoF_mLM
youtube,UC-KLv9kgvXvv8rliU3Gbldw,QePsSPmS-LQ
youtube,UC-KLv9kgvXvv8rliU3Gbldw,tp_EA0NfTCk
youtube,UC-KLv9kgvXvv8rliU3Gbldw,u-Kplp24wTw
youtube,UC-kmcfAFiz_zZjkr9waKPdg,ikFmuvh4Hvk
youtube,UC-kmcfAFiz_zZjkr9waKPdg,l8V54BKyadE
youtube,UC-kmeO4teVXDgajX7rsaPgg,IAznGGEyYV8
youtube,UC-kMlgLJJ1k1hBGy2KodblA,wT0hG1f79Q4
youtube,UC-kMVEPRERCnDK9bxNpdcFQ,Ib9fc9VFbR0
youtube,UC-KMvF3jehY8RIGoaw2nScw,Cp0WJP3TcS8
youtube,UC-KMwJsuvCbGgt84jT7dDUg,NlI5QuPGoqA
youtube,UC-kN1b9jbjum9nqvyffY1lw,ai0gN8q2MTQ
youtube,UC-Kn4fs16UObJvRSRkyjnVA,H6oU4JgQEJM
youtube,UC-kn6Z4MvEK_JMQccAwADYA,-A1DSk4k8CY
youtube,UC-KnB3SvvEEPwo2sbkfDYFg,S4G_nGegMpY
youtube,UC-knk6dmJKn7V4NLWS5mGjQ,t1ClmGN4xJE
youtube,UC-knk6dmJKn7V4NLWS5mGjQ,vQyNjlqeWKo
youtube,UC-kNp-8Hmmi3SRd0UA-XJfw,H01qUPXE9Rs
youtube,UC-KNp2jgV25YpEuYS-BSImw,2RhM_bA2Uqo
youtube,UC-kNRp03xwZOSYf4XDOGjMQ,vnPyS9vvjgQ
youtube,UC-knSuCThjot2D5_33IW-fA,3i4xoUmwuRY
youtube,UC-knSuCThjot2D5_33IW-fA,76S2DWFHCQw
youtube,UC-knSuCThjot2D5_33IW-fA,nLCLsTLXkkI
youtube,UC-knSuCThjot2D5_33IW-fA,NmuqZM7mG6g
youtube,UC-knSuCThjot2D5_33IW-fA,npsZ7FBbPHg
youtube,UC-knSuCThjot2D5_33IW-fA,qPs42X0JWAY
youtube,UC-knSuCThjot2D5_33IW-fA,tzHEuiA141Y
youtube,UC-KnSVlrDMJ0opMywpuUu5w,OZ3GcBPFsNE
youtube,UC-KnSVlrDMJ0opMywpuUu5w,w1eP_YiyEB8
youtube,UC-kNto0IK2hGJj1KlKtG8rw,kWdBd04NK_A
youtube,UC-kNwD_adIDe7M_Wtsmr2lw,n2mCqcYl2Oc
youtube,UC-kNwD_adIDe7M_Wtsmr2lw,oj2JeCp_HPE
youtube,UC-kNwD_adIDe7M_Wtsmr2lw,XlfuUfCA8yI
youtube,UC-KO7xMpWb55mMxS9ZUbBLQ,uWTO6556G3A
youtube,UC-koE00j7QowoAl9Sain_1Q,87MwqzemlRQ
youtube,UC-koE00j7QowoAl9Sain_1Q,ZmvuKabp1sA
youtube,UC-kof2klcNFfeHgfR93J8Vw,JKAsT-I2d_8
youtube,UC-KOul3FeoUy3YgMRQkStrw,KYuBUV5EUco
youtube,UC-kP4yOghu0mYmWv1ofNFUw,cku3cJ0G-0Y
youtube,UC-kP4yOghu0mYmWv1ofNFUw,HTpCmSzHO0c
youtube,UC-kP4yOghu0mYmWv1ofNFUw,JgypjFN2klk
youtube,UC-kP4yOghu0mYmWv1ofNFUw,kFuWu-yBFtw
youtube,UC-kP4yOghu0mYmWv1ofNFUw,Lwn6Nox29vM
youtube,UC-kP4yOghu0mYmWv1ofNFUw,Qy_MDrKN-ik
youtube,UC-kP4yOghu0mYmWv1ofNFUw,tlTiUvKVfP8
youtube,UC-kP4yOghu0mYmWv1ofNFUw,WiUIyCfMmSw
youtube,UC-kP4yOghu0mYmWv1ofNFUw,wZhypbg41gA
youtube,UC-kP4yOghu0mYmWv1ofNFUw,ZsGloK89AVs
youtube,UC-KpvadkCMk0oOvbpuZmKqA,0uigcfHqYG0
youtube,UC-KpvadkCMk0oOvbpuZmKqA,ZJS2o4a3Ex4
youtube,UC-KQ9ZIrus1tVb86HJKtQ-Q,NlI5QuPGoqA
youtube,UC-KQCVLK7TJoiGZfi_EprMg,E3dvrE5JtTM
youtube,UC-kQHsjkXc44rZn1qW-IM0Q,9KWVKG6DuWc
youtube,UC-kQHsjkXc44rZn1qW-IM0Q,9xiM-TVUSDw
youtube,UC-kQHsjkXc44rZn1qW-IM0Q,akv_pFuMHTA
youtube,UC-kQHsjkXc44rZn1qW-IM0Q,c6aPHc13HiI
youtube,UC-kQHsjkXc44rZn1qW-IM0Q,CckMkGKboz4
youtube,UC-kQHsjkXc44rZn1qW-IM0Q,cyF3kAxKdrQ
youtube,UC-kQHsjkXc44rZn1qW-IM0Q,EOhiALOGk8c
youtube,UC-kQHsjkXc44rZn1qW-IM0Q,G5rT5Ce14jY
youtube,UC-kQHsjkXc44rZn1qW-IM0Q,hZyF18durTw
youtube,UC-kQHsjkXc44rZn1qW-IM0Q,N4IdVb8lE2w
youtube,UC-kQHsjkXc44rZn1qW-IM0Q,uFnm7plzitU
youtube,UC-kQHsjkXc44rZn1qW-IM0Q,Uklhu9LEZSc
youtube,UC-kQHsjkXc44rZn1qW-IM0Q,x-MaMoSoyZ0
youtube,UC-kQHsjkXc44rZn1qW-IM0Q,YF3flUd3mM8
youtube,UC-kQHsjkXc44rZn1qW-IM0Q,zOjc8foVTF0
youtube,UC-KQo6ZfX0hSX_3GnmCFXhQ,yAisgClYJFo
youtube,UC-KQTgQ5tVdPTTenF1wpv6w,411AupADl0s
youtube,UC-KQTgQ5tVdPTTenF1wpv6w,52zTpCfdbg0
youtube,UC-KQTgQ5tVdPTTenF1wpv6w,OZ3GcBPFsNE
youtube,UC-KQTgQ5tVdPTTenF1wpv6w,RrWk0qFwGqo
youtube,UC-KQTgQ5tVdPTTenF1wpv6w,v6DDvPsXQa4
youtube,UC-kqZcD33t4q8EZQ-dOM_kg,Mb_FqFV2NMo
youtube,UC-kqZcD33t4q8EZQ-dOM_kg,RmtEFWHbmGw
youtube,UC-kRa-Piay0_KEv-CON2Clw,09LSf6gh1YM
youtube,UC-KRd1spImYaKZR8_Vzff2Q,7FvDf6_A02A
youtube,UC-kRFhu0SDDjdeEgP1AZ5sQ,DRw_ibZNXdY
youtube,UC-kRFhu0SDDjdeEgP1AZ5sQ,vaqMdKd8P78
youtube,UC-KrJXQjoVATPJ69d3O_Njg,U5YhPdKpCPM
youtube,UC-KRLVmvqmXG5Wkijkr0Ytg,5xncs-QC-Bg
youtube,UC-KRq_qBzdzZxPkQsLSvRBQ,m18bEydz_Mc
youtube,UC-KRZYATOFqcm3UXOBMXOPg,_WMv67OKdlE
youtube,UC-KRZYATOFqcm3UXOBMXOPg,ktc8EYmhB4o
youtube,UC-KS1yXr_bkWiUmPm9_omSQ,v57m1nRYkD4
youtube,UC-ksafUafHqFxVAFSwtW1Vg,MMkZgHwnsLM
youtube,UC-ksafUafHqFxVAFSwtW1Vg,O35FWo_oBWs
youtube,UC-KscqjyukZ9MKDwK7SCIjw,xNP7DHeP9zY
youtube,UC-ksTUhpGn6toIOo8QidzNw,Cp0WJP3TcS8
youtube,UC-ksTUhpGn6toIOo8QidzNw,GYRgFt9UMiw
youtube,UC-KsuQmW6InVAhRKnrplYPw,9-iptqjrBQ8
youtube,UC-KSzZhqC8RLUZoWuoWWH8Q,xmKqPKbCG0k
youtube,UC-KT16aCc5SJDhw1l9Ztd4A,bItb3j85AS8
youtube,UC-KT9MA-SBbOHKv3Xy-6vOg,2MGXZ-D31Bc
youtube,UC-ktCTLBMrm6awRJwdrFzeQ,NH5zzpvplF4
youtube,UC-ktCTLBMrm6awRJwdrFzeQ,WoyawrR6T90
youtube,UC-ktCTLBMrm6awRJwdrFzeQ,ZJjrCGIwN9s
youtube,UC-KTii6bU-mvfreaqVECtPw,e39V2Osx6wk
youtube,UC-KTPdSg3qmtGh6mxhpIEyw,GurYhZNduBE
youtube,UC-KtS1Cy_G5qhQ5P37IUVBg,CdihgG0vMhs
youtube,UC-KtS1Cy_G5qhQ5P37IUVBg,gYgs1iPCb-Q
youtube,UC-KtS1Cy_G5qhQ5P37IUVBg,q3vlPyT151k
youtube,UC-KtS1Cy_G5qhQ5P37IUVBg,r02IK-tJ4PU
youtube,UC-KtS1Cy_G5qhQ5P37IUVBg,wZhypbg41gA
youtube,UC-ktU8p2AVhKcMzPZTFPd_A,9IlAiLy0PPQ
youtube,UC-ktU8p2AVhKcMzPZTFPd_A,NrDWUeaQ_L0
youtube,UC-ktU8p2AVhKcMzPZTFPd_A,yLeeeHQS5rw
youtube,UC-KtWBsODy6Bo_yUvZJ_elw,A_USZ2b-OVw
youtube,UC-KtXsNNRiZPTF8jmTIZsMg,_TVSy9fxJ8k
youtube,UC-KtXsNNRiZPTF8jmTIZsMg,mMtcwjSAOqc
youtube,UC-KtXsNNRiZPTF8jmTIZsMg,q6RzGr8yjMA
youtube,UC-KtZ_mlmUmWsig5S6TphmA,MCRdUbbW0nk
youtube,UC-Ku-Ot_dF_ZnrB4iwvpIRg,WgxAVUbyqek
youtube,UC-Ku-Ot_dF_ZnrB4iwvpIRg,ym6wHr9h074
youtube,UC-ku8R_HhqCgpaDwi2mrLCw,ksCml2LMHsg
youtube,UC-KUhtJuiohIYODZFqSBwIw,Cq1vXEdbQUI
youtube,UC-kuhZIsQ1pJAKFYQZ22_WA,_PkVfy_8hvw
youtube,UC-kUtmBaTFbf-n25b41-fDQ,MlCb3biwXn4
youtube,UC-KuXuwShoV0LNdFdHdeJBA,FuJQCAxnkIU
youtube,UC-Kva0DOhyME1_G6YNdWwOA,65L1lM06TVU
youtube,UC-kVgcTAiOfOkRFjFhaCbOQ,H7mzwZ_Q9Uc
youtube,UC-kvGXuxp_G9r8vShXPcTTg,j5AiJnJegF4
youtube,UC-KvITZff6aQ78Gvba4ZaaA,4RpUCf65Iuo
youtube,UC-KvITZff6aQ78Gvba4ZaaA,OZ3GcBPFsNE
youtube,UC-kvO-NO5QIg6viIOO82HDA,hCLIquQv774
youtube,UC-KvSpDpqDGju6zjg4_5toQ,ECUycPayGqE
youtube,UC-kVZIeIosWMnHiWKPXYY2Q,MVQBDtqMgvU
youtube,UC-kW03X8qnF9mgE-mdPyNvw,AgtwfHNEqhs
youtube,UC-kw1nMZYBm1lmXgTZiI-3Q,lNCszsia-CE
youtube,UC-Kw_0lYCVS7YFNLO4lZR9w,EH_kRSLoZg8
youtube,UC-kwAewrfhZz7CtSiXFMjuw,DDHozKJOSaA
youtube,UC-KWgdr-5uV6UjPoJFq0Qhw,63xoAZooMJk
youtube,UC-kWmvjQj9A0SeT4KQvYesQ,E7csU4wbNEw
youtube,UC-kWNk3R2_MCuhEdGnNlAyA,A1jgTsG-Wdk
youtube,UC-kWNk3R2_MCuhEdGnNlAyA,HCskFJyQchk
youtube,UC-kWNk3R2_MCuhEdGnNlAyA,wOvf5DBFQlQ
youtube,UC-KWnPriAM4DjcHPIPpk6NQ,K4dGhM36x30
youtube,UC-kwPCq_NLt9u2eRexEAeAQ,oM4I8kSFS5E
youtube,UC-KWRCHUAcsKYJErH9APIqw,EgNRI_a8VSQ
youtube,UC-kwu1J3ZS3Fst19I3w4QVQ,Ds8rB8vLMBU
youtube,UC-kwu1J3ZS3Fst19I3w4QVQ,yOX4ciBsUV8
youtube,UC-KXlpXb6ukxWNTkus60Y-A,0o28kdRWfd8
youtube,UC-kXMamAoZ14NrdIzakCixA,j9UEDV-p8Z0
youtube,UC-kxpETt0LK5gtL0xvoLJFg,xj02S2waGOw
youtube,UC-KXrbexlTb1MM95CprtzsQ,Ds8rB8vLMBU
youtube,UC-KXrbexlTb1MM95CprtzsQ,HMByjbtmT88
youtube,UC-KXrbexlTb1MM95CprtzsQ,iADENG6Ldsk
youtube,UC-KXrbexlTb1MM95CprtzsQ,ITpS9J8kK04
youtube,UC-KXrbexlTb1MM95CprtzsQ,ZJS2o4a3Ex4
youtube,UC-KXrbexlTb1MM95CprtzsQ,ZoTb9_dbdhA
youtube,UC-KxrgykI_RqP4fWqlbrNTg,5eueeEHRMfA
youtube,UC-KxU5psNvsMeX5T4SXeGcA,O8iaMAPBKuo
youtube,UC-KXz2LuogJCwFU7kkmDXpw,61SduBt9l7o
youtube,UC-KXz2LuogJCwFU7kkmDXpw,bGIxGuovdb0
youtube,UC-kXzLtH94HpP7ZwqllCxMw,eRig2mRjoAM
youtube,UC-kY1BPbnLRHJTR_now9UrA,01pwAg6vVCI
youtube,UC-kY1BPbnLRHJTR_now9UrA,33SHuyfLDbU
youtube,UC-kY1BPbnLRHJTR_now9UrA,_j0bk5GawQ0
youtube,UC-kY1BPbnLRHJTR_now9UrA,dJ4Yl_8wbVg
youtube,UC-kY1BPbnLRHJTR_now9UrA,FOb0i5qk7oM
youtube,UC-kY1BPbnLRHJTR_now9UrA,IfxRfig61rI
youtube,UC-kY1BPbnLRHJTR_now9UrA,jHEHKKh-Khs
youtube,UC-kY1BPbnLRHJTR_now9UrA,UXiSS2gJCyQ
youtube,UC-kY1BPbnLRHJTR_now9UrA,Y7YVA427fH0
youtube,UC-Ky5UqBAAg6CAKlCfNNMmQ,SW1Bl31Kpnk
youtube,UC-KyD8W9j2yjUgyYYqqP7AA,DXnnT2DkIfc
youtube,UC-KyhsNec54ZNU0_noi5Y_g,joxM3Nt0tCg
youtube,UC-KyhsNec54ZNU0_noi5Y_g,sqv5LlTqL5g
youtube,UC-KYKcGzJ905oEB12O8PQtQ,es2CDEeHXaE
youtube,UC-kyp_1KowUeUJxNk81k98w,5eueeEHRMfA
youtube,UC-kyp_1KowUeUJxNk81k98w,7xPAqPbhDaY
youtube,UC-kyp_1KowUeUJxNk81k98w,wZhypbg41gA
youtube,UC-kyUUCKPvzXhmLR3NI4LOg,8zxLmvtIh6I
youtube,UC-kyUUCKPvzXhmLR3NI4LOg,9Glrq39hIT4
youtube,UC-kyUUCKPvzXhmLR3NI4LOg,DJc4MpMkdnI
youtube,UC-kyUUCKPvzXhmLR3NI4LOg,oaaT9NPBoHQ
youtube,UC-kyUUCKPvzXhmLR3NI4LOg,QX1nVDTcUcg
youtube,UC-KyZJMrXP1hE8sbadk7GqQ,A1LzxFbtuNM
youtube,UC-kZ78DLCJA2uFJPgP8AvQw,kJwdA_-uZhM
youtube,UC-kz8QOjRe2UBVdkjT2M-WQ,_pcAmjP4BCk
youtube,UC-KZbGEA19UMvvaJHkU02PA,PXpDurDe--g
youtube,UC-kzEl6pP7jmd5yWzeSqbcA,v6DDvPsXQa4
youtube,UC-l-aEq9Oq7xSAutqFhyFpw,PQn-6GCD5F4
youtube,UC-L-iwka6VzkndUO0Y1IxTw,xGjCONDiCWU
youtube,UC-l-M5JUrMr6X0PCl3puWGw,qGPJ_1RJ5mI
youtube,UC-L084AFEd7LXLXmJf82MgQ,MsPVGi2_llw
